Customer ID,Recency,Frequency,Monetary,R_Score,F_Score,M_Score,RFM_Score,Cluster,Segment,predicted_ltv,last_purchase_date,churned,churn_probability,action_code,action_label,action
12346.0,326,1,77183.6,1,1,5,115,3,Loyal Customers,0.0,2011-01-18 10:01:00,1,0.68169284,let_go,⚪ Let Go,⚪ Let Go
12347.0,2,7,4310.0,5,5,5,555,0,At Risk,872.8909128892202,2011-12-07 15:52:00,0,0.042709503,nurture,🟢 Nurture,🟢 Nurture
12348.0,75,4,1437.24,2,4,4,244,0,At Risk,213.87169346823924,2011-09-25 13:13:00,0,0.43046927,nurture,🟢 Nurture,🟢 Nurture
12349.0,19,1,1457.55,4,1,4,414,0,At Risk,0.0,2011-11-21 09:51:00,0,0.7361444,let_go,⚪ Let Go,⚪ Let Go
12350.0,310,1,294.4,1,1,2,112,1,Hibernating,0.0,2011-02-02 16:01:00,1,0.74204737,let_go,⚪ Let Go,⚪ Let Go
12352.0,36,7,1385.74,3,5,4,354,0,At Risk,322.07571805617727,2011-11-03 14:37:00,0,0.0530744,nurture,🟢 Nurture,🟢 Nurture
12353.0,204,1,89.0,1,1,1,111,1,Hibernating,0.0,2011-05-19 17:47:00,1,0.78954464,let_go,⚪ Let Go,⚪ Let Go
12354.0,232,1,1079.4,1,1,4,114,1,Hibernating,0.0,2011-04-21 13:11:00,1,0.58950293,let_go,⚪ Let Go,⚪ Let Go
12355.0,214,1,459.4,1,1,2,112,1,Hibernating,0.0,2011-05-09 13:49:00,1,0.6685883,let_go,⚪ Let Go,⚪ Let Go
12356.0,23,3,2487.43,4,3,5,435,0,At Risk,175.90578069934347,2011-11-17 08:40:00,0,0.6722024,retain,🔴 Retain Immediately,🔴 Retain Immediately
12357.0,33,1,6207.67,4,1,5,415,0,At Risk,0.0,2011-11-06 16:07:00,0,0.44651,monitor,🔵 Monitor,🔵 Monitor
12358.0,2,2,928.0600000000001,5,2,4,524,0,At Risk,430.24212879432184,2011-12-08 10:26:00,0,0.10608529,nurture,🟢 Nurture,🟢 Nurture
12359.0,58,4,6310.03,3,4,5,345,0,At Risk,1680.9846218214336,2011-10-13 12:47:00,0,0.038514193,nurture,🟢 Nurture,🟢 Nurture
12360.0,52,3,2302.06,3,3,5,335,0,At Risk,687.7134156331791,2011-10-18 15:22:00,0,0.37555674,nurture,🟢 Nurture,🟢 Nurture
12361.0,287,1,174.9,1,1,1,111,1,Hibernating,0.0,2011-02-25 13:51:00,1,0.7252728,let_go,⚪ Let Go,⚪ Let Go
12362.0,3,10,4737.23,5,5,5,555,0,At Risk,1234.5367188836622,2011-12-06 15:40:00,0,0.14001463,nurture,🟢 Nurture,🟢 Nurture
12363.0,110,2,552.0,2,2,3,223,0,At Risk,139.3325239393797,2011-08-22 10:18:00,1,0.6592904,let_go,⚪ Let Go,⚪ Let Go
12364.0,8,4,1208.1,5,4,4,544,0,At Risk,463.7952376775246,2011-12-02 10:22:00,0,0.08071721,nurture,🟢 Nurture,🟢 Nurture
12365.0,291,1,320.69,1,1,2,112,1,Hibernating,0.0,2011-02-21 13:51:00,1,0.74204737,let_go,⚪ Let Go,⚪ Let Go
12367.0,4,1,150.9,5,1,1,511,0,At Risk,0.0,2011-12-05 16:48:00,0,0.7604684,let_go,⚪ Let Go,⚪ Let Go
12370.0,51,4,3421.94,3,4,5,345,0,At Risk,496.39143735674577,2011-10-19 14:51:00,0,0.22920336,nurture,🟢 Nurture,🟢 Nurture
12371.0,60,1,1527.96,3,1,4,314,0,At Risk,0.0,2011-10-11 10:43:00,0,0.7488058,let_go,⚪ Let Go,⚪ Let Go
12372.0,72,3,1196.04,3,3,4,334,0,At Risk,294.63447593452037,2011-09-29 12:12:00,0,0.37961942,nurture,🟢 Nurture,🟢 Nurture
12373.0,311,1,324.6,1,1,2,112,1,Hibernating,0.0,2011-02-01 13:10:00,1,0.67603123,let_go,⚪ Let Go,⚪ Let Go
12374.0,25,1,622.93,4,1,3,413,0,At Risk,0.0,2011-11-14 15:37:00,0,0.62328583,let_go,⚪ Let Go,⚪ Let Go
12375.0,11,2,377.5,5,2,2,522,0,At Risk,217.89202971353262,2011-11-29 10:36:00,0,0.105190404,nurture,🟢 Nurture,🟢 Nurture
12377.0,315,2,1548.12,1,2,4,124,1,Hibernating,212.27233684502554,2011-01-28 15:45:00,1,0.8727686,retain,🔴 Retain Immediately,🔴 Retain Immediately
12378.0,130,1,4008.62,2,1,5,215,0,At Risk,0.0,2011-08-02 10:34:00,1,0.5819667,let_go,⚪ Let Go,⚪ Let Go
12379.0,82,2,777.24,2,2,3,223,0,At Risk,269.4293973070648,2011-09-19 10:09:00,0,0.44892663,nurture,🟢 Nurture,🟢 Nurture
12380.0,22,4,2427.81,4,4,5,445,0,At Risk,910.304774536357,2011-11-18 11:27:00,0,0.084673926,nurture,🟢 Nurture,🟢 Nurture
12381.0,5,3,1474.81,5,3,4,534,0,At Risk,343.29260999762244,2011-12-05 12:44:00,0,0.36890924,nurture,🟢 Nurture,🟢 Nurture
12383.0,185,5,1628.56,1,4,4,144,1,Hibernating,283.67893475958346,2011-06-08 08:02:00,1,0.8311047,retain,🔴 Retain Immediately,🔴 Retain Immediately
12384.0,29,2,425.27000000000004,4,2,2,422,0,At Risk,209.91389233793382,2011-11-11 08:39:00,0,0.110281475,nurture,🟢 Nurture,🟢 Nurture
12386.0,338,2,401.9,1,2,2,122,1,Hibernating,54.87420026294506,2011-01-06 12:37:00,1,0.8408827,let_go,⚪ Let Go,⚪ Let Go
12388.0,16,6,2780.66,4,5,5,455,0,At Risk,647.1556436656897,2011-11-24 12:30:00,0,0.11644254,nurture,🟢 Nurture,🟢 Nurture
12390.0,80,1,504.84000000000003,2,1,3,213,0,At Risk,0.0,2011-09-21 09:33:00,0,0.6685883,let_go,⚪ Let Go,⚪ Let Go
12391.0,22,1,439.66,4,1,2,412,0,At Risk,0.0,2011-11-18 12:07:00,0,0.64429915,let_go,⚪ Let Go,⚪ Let Go
12393.0,72,4,1582.6000000000001,3,4,4,344,0,At Risk,326.70547930737035,2011-09-28 15:41:00,0,0.38128576,nurture,🟢 Nurture,🟢 Nurture
12394.0,64,2,1080.48,3,2,4,324,0,At Risk,437.97364316739083,2011-10-07 08:08:00,0,0.47450298,nurture,🟢 Nurture,🟢 Nurture
12395.0,19,12,2682.63,4,5,5,455,0,At Risk,549.4784091531292,2011-11-20 15:21:00,0,0.089593746,nurture,🟢 Nurture,🟢 Nurture
12397.0,36,2,2214.9,3,2,5,325,0,At Risk,986.4282106605,2011-11-04 09:52:00,0,0.119902894,nurture,🟢 Nurture,🟢 Nurture
12398.0,46,1,1435.66,3,1,4,314,0,At Risk,0.0,2011-10-25 10:27:00,0,0.7361444,let_go,⚪ Let Go,⚪ Let Go
12399.0,119,4,1033.65,2,4,4,244,0,At Risk,275.9110951497902,2011-08-12 13:15:00,1,0.2611766,nurture,🟢 Nurture,🟢 Nurture
12401.0,303,1,69.3,1,1,1,111,1,Hibernating,0.0,2011-02-09 13:50:00,1,0.8278831,let_go,⚪ Let Go,⚪ Let Go
12402.0,323,1,195.6,1,1,1,111,1,Hibernating,0.0,2011-01-20 13:49:00,1,0.7252728,let_go,⚪ Let Go,⚪ Let Go
12403.0,50,1,391.7,3,1,2,312,0,At Risk,0.0,2011-10-21 10:51:00,0,0.6658681,let_go,⚪ Let Go,⚪ Let Go
12405.0,149,1,1390.39,2,1,4,214,1,Hibernating,0.0,2011-07-14 08:52:00,1,0.74830544,let_go,⚪ Let Go,⚪ Let Go
12406.0,22,2,3415.3,4,2,5,425,0,At Risk,1243.392074447038,2011-11-17 19:22:00,0,0.18165667,nurture,🟢 Nurture,🟢 Nurture
12407.0,50,5,1507.1200000000001,3,4,4,344,0,At Risk,444.01970257057303,2011-10-21 10:11:00,0,0.12509546,nurture,🟢 Nurture,🟢 Nurture
12408.0,33,5,2618.55,4,4,5,445,0,At Risk,673.6479271606488,2011-11-07 12:27:00,0,0.091867656,nurture,🟢 Nurture,🟢 Nurture
12409.0,79,3,11072.67,2,3,5,235,0,At Risk,2625.9620494473897,2011-09-22 10:38:00,0,0.09288345,nurture,🟢 Nurture,🟢 Nurture
12410.0,309,2,533.33,1,2,3,123,1,Hibernating,0.0,2011-02-04 10:39:00,1,0.6685883,let_go,⚪ Let Go,⚪ Let Go
12412.0,75,3,1142.88,2,3,4,234,0,At Risk,383.4970848921779,2011-09-26 10:16:00,0,0.25196213,nurture,🟢 Nurture,🟢 Nurture
12413.0,67,3,686.1,3,3,3,333,0,At Risk,82.83543375032019,2011-10-04 09:00:00,0,0.59796846,let_go,⚪ Let Go,⚪ Let Go
12414.0,217,3,442.41,1,3,2,132,1,Hibernating,112.26807255908986,2011-05-06 14:51:00,1,0.5657699,let_go,⚪ Let Go,⚪ Let Go
12415.0,24,20,124564.53,4,5,5,455,2,Champions,29214.09010796628,2011-11-15 14:22:00,0,0.0119413175,nurture,🟢 Nurture,🟢 Nurture
12417.0,3,9,3226.1,5,5,5,555,0,At Risk,721.0465750966022,2011-12-06 14:52:00,0,0.07723974,nurture,🟢 Nurture,🟢 Nurture
12418.0,113,1,668.58,2,1,3,213,0,At Risk,0.0,2011-08-19 11:08:00,1,0.62328583,let_go,⚪ Let Go,⚪ Let Go
12420.0,64,1,600.39,3,1,3,313,0,At Risk,0.0,2011-10-07 08:55:00,0,0.69083667,let_go,⚪ Let Go,⚪ Let Go
12421.0,16,4,639.04,4,4,3,443,0,At Risk,154.73129911101944,2011-11-24 09:07:00,0,0.2680767,monitor,🔵 Monitor,🔵 Monitor
12422.0,96,3,683.5600000000001,2,3,3,233,0,At Risk,145.64524451563653,2011-09-05 09:48:00,1,0.5979983,let_go,⚪ Let Go,⚪ Let Go
12423.0,1,8,1634.31,5,5,4,554,0,At Risk,358.17442171100026,2011-12-09 10:10:00,0,0.04997935,nurture,🟢 Nurture,🟢 Nurture
12424.0,163,2,1760.96,2,2,4,224,1,Hibernating,0.0,2011-06-30 12:06:00,1,0.7568346,let_go,⚪ Let Go,⚪ Let Go
12425.0,78,1,777.2,2,1,3,213,0,At Risk,0.0,2011-09-22 17:31:00,0,0.5714547,let_go,⚪ Let Go,⚪ Let Go
12426.0,195,1,510.73,1,1,3,113,1,Hibernating,0.0,2011-05-29 12:26:00,1,0.6685883,let_go,⚪ Let Go,⚪ Let Go
12427.0,22,3,699.8,4,3,3,433,0,At Risk,130.18963644010796,2011-11-18 08:56:00,0,0.6029101,let_go,⚪ Let Go,⚪ Let Go
12428.0,26,8,6405.26,4,5,5,455,0,At Risk,610.8775929405313,2011-11-14 08:22:00,0,0.063241385,nurture,🟢 Nurture,🟢 Nurture
12429.0,9,4,3388.4,5,4,5,545,0,At Risk,601.0629355831325,2011-11-30 17:22:00,0,0.23635697,nurture,🟢 Nurture,🟢 Nurture
12430.0,43,1,216.4,3,1,1,311,0,At Risk,0.0,2011-10-27 15:09:00,0,0.7233779,let_go,⚪ Let Go,⚪ Let Go
12431.0,36,15,6314.95,3,5,5,355,3,Loyal Customers,1353.9242520717241,2011-11-04 11:55:00,0,0.021910321,nurture,🟢 Nurture,🟢 Nurture
12432.0,43,4,4359.32,3,4,5,345,0,At Risk,762.5890065073909,2011-10-28 11:43:00,0,0.12175398,nurture,🟢 Nurture,🟢 Nurture
12433.0,1,7,13375.87,5,5,5,555,0,At Risk,2786.777220008671,2011-12-09 10:02:00,0,0.03424294,nurture,🟢 Nurture,🟢 Nurture
12434.0,85,2,806.14,2,2,3,223,0,At Risk,266.84030253855497,2011-09-16 12:38:00,0,0.50326437,retain,🔴 Retain Immediately,🔴 Retain Immediately
12435.0,80,2,7829.89,2,2,5,225,0,At Risk,1918.6729427352554,2011-09-21 09:06:00,0,0.12932825,nurture,🟢 Nurture,🟢 Nurture
12436.0,100,1,429.01000000000005,2,1,2,212,0,At Risk,0.0,2011-09-01 12:09:00,1,0.64429915,let_go,⚪ Let Go,⚪ Let Go
12437.0,2,18,4447.41,5,5,5,555,3,Loyal Customers,1038.8288348414283,2011-12-08 11:35:00,0,0.04248092,nurture,🟢 Nurture,🟢 Nurture
12438.0,14,2,2466.85,5,2,5,525,0,At Risk,1469.0284806907366,2011-11-25 13:28:00,0,0.051012468,nurture,🟢 Nurture,🟢 Nurture
12441.0,367,1,155.55,1,1,1,111,1,Hibernating,0.0,2010-12-08 10:45:00,1,0.7986125,let_go,⚪ Let Go,⚪ Let Go
12442.0,3,1,144.06,5,1,1,511,0,At Risk,0.0,2011-12-06 14:22:00,0,0.79090285,let_go,⚪ Let Go,⚪ Let Go
12444.0,21,5,4085.46,4,4,5,445,0,At Risk,1104.4107872923173,2011-11-18 13:23:00,0,0.14529999,nurture,🟢 Nurture,🟢 Nurture
12445.0,22,1,77.4,4,1,1,411,0,At Risk,0.0,2011-11-17 18:43:00,0,0.7589021,let_go,⚪ Let Go,⚪ Let Go
12446.0,58,1,1002.3100000000001,3,1,4,314,0,At Risk,0.0,2011-10-13 12:50:00,0,0.61455697,let_go,⚪ Let Go,⚪ Let Go
12447.0,243,1,431.49,1,1,2,112,1,Hibernating,0.0,2011-04-10 13:25:00,1,0.64429915,let_go,⚪ Let Go,⚪ Let Go
12448.0,44,1,365.45,3,1,2,312,0,At Risk,0.0,2011-10-26 13:46:00,0,0.6658681,let_go,⚪ Let Go,⚪ Let Go
12449.0,22,4,3596.29,4,4,5,445,0,At Risk,1366.3640612271417,2011-11-17 13:46:00,0,0.13225186,nurture,🟢 Nurture,🟢 Nurture
12450.0,156,2,197.88,2,2,1,221,1,Hibernating,72.28337624204326,2011-07-06 14:41:00,1,0.7056427,let_go,⚪ Let Go,⚪ Let Go
12451.0,11,5,8995.52,5,4,5,545,0,At Risk,1727.8873330112813,2011-11-29 08:40:00,0,0.06591699,nurture,🟢 Nurture,🟢 Nurture
12452.0,17,1,348.57,4,1,2,412,0,At Risk,0.0,2011-11-23 08:05:00,0,0.70767343,let_go,⚪ Let Go,⚪ Let Go
12453.0,134,1,707.09,2,1,3,213,0,At Risk,0.0,2011-07-28 14:08:00,1,0.6470802,let_go,⚪ Let Go,⚪ Let Go
12454.0,56,1,3528.34,3,1,5,315,0,At Risk,0.0,2011-10-14 17:13:00,0,0.616083,let_go,⚪ Let Go,⚪ Let Go
12455.0,73,5,2339.86,2,4,5,245,0,At Risk,203.44104079300237,2011-09-27 15:31:00,0,0.48130572,nurture,🟢 Nurture,🟢 Nurture
12456.0,44,3,2581.04,3,3,5,335,0,At Risk,728.7393982021268,2011-10-26 14:41:00,0,0.26546696,nurture,🟢 Nurture,🟢 Nurture
12457.0,66,6,2043.23,3,5,5,355,0,At Risk,543.8135190243336,2011-10-04 13:13:00,0,0.07407746,nurture,🟢 Nurture,🟢 Nurture
12458.0,71,2,787.4,3,2,3,323,0,At Risk,202.14464354757837,2011-09-29 15:25:00,0,0.6237314,retain,🔴 Retain Immediately,🔴 Retain Immediately
12461.0,155,1,626.88,2,1,3,213,1,Hibernating,0.0,2011-07-08 10:23:00,1,0.62328583,let_go,⚪ Let Go,⚪ Let Go
12462.0,19,2,937.59,4,2,4,424,0,At Risk,154.26295112298973,2011-11-21 09:11:00,0,0.7783563,let_go,⚪ Let Go,⚪ Let Go
12463.0,53,4,1200.78,3,4,4,344,0,At Risk,344.73743816935576,2011-10-17 13:44:00,0,0.15278874,nurture,🟢 Nurture,🟢 Nurture
12464.0,10,8,957.05,5,5,4,554,0,At Risk,224.4663903719682,2011-11-29 13:33:00,0,0.1251707,nurture,🟢 Nurture,🟢 Nurture
12465.0,17,2,682.1899999999999,4,2,3,423,0,At Risk,203.34449298207983,2011-11-22 16:34:00,0,0.59799975,retain,🔴 Retain Immediately,🔴 Retain Immediately
12468.0,188,2,657.54,1,2,3,123,1,Hibernating,203.8997138064963,2011-06-05 11:36:00,1,0.59799975,retain,🔴 Retain Immediately,🔴 Retain Immediately
12471.0,2,27,17388.649999999998,5,5,5,555,3,Loyal Customers,3545.2957812807635,2011-12-07 15:43:00,0,0.010384795,nurture,🟢 Nurture,🟢 Nurture
12472.0,32,7,6068.11,4,5,5,455,0,At Risk,1096.8046720494424,2011-11-07 14:01:00,0,0.054938626,nurture,🟢 Nurture,🟢 Nurture
12473.0,54,3,2585.73,3,3,5,335,0,At Risk,1035.032255099403,2011-10-17 11:27:00,0,0.12040563,nurture,🟢 Nurture,🟢 Nurture
12474.0,17,18,6694.09,4,5,5,455,3,Loyal Customers,1638.84073922418,2011-11-22 14:39:00,0,0.03792112,nurture,🟢 Nurture,🟢 Nurture
12475.0,54,1,669.38,3,1,3,313,0,At Risk,0.0,2011-10-17 10:10:00,0,0.62328583,let_go,⚪ Let Go,⚪ Let Go
12476.0,16,11,5898.42,4,5,5,455,0,At Risk,1405.2036828514217,2011-11-24 12:40:00,0,0.06290643,nurture,🟢 Nurture,🟢 Nurture
12477.0,23,6,13219.74,4,5,5,455,0,At Risk,3212.8446362248437,2011-11-17 09:51:00,0,0.0413228,nurture,🟢 Nurture,🟢 Nurture
12478.0,4,1,545.99,5,1,3,513,0,At Risk,0.0,2011-12-06 09:56:00,0,0.6685883,let_go,⚪ Let Go,⚪ Let Go
12479.0,11,1,473.2,5,1,2,512,0,At Risk,0.0,2011-11-28 13:26:00,0,0.6685883,let_go,⚪ Let Go,⚪ Let Go
12480.0,28,4,2885.63,4,4,5,445,0,At Risk,616.8504598664008,2011-11-11 14:52:00,0,0.48699299,nurture,🟢 Nurture,🟢 Nurture
12481.0,23,10,5003.82,4,5,5,455,0,At Risk,1169.7358280200428,2011-11-17 08:29:00,0,0.047132894,nurture,🟢 Nurture,🟢 Nurture
12483.0,17,8,1910.98,4,5,4,454,0,At Risk,403.05545854683965,2011-11-22 17:02:00,0,0.042658944,nurture,🟢 Nurture,🟢 Nurture
12484.0,35,4,3939.32,3,4,5,345,0,At Risk,838.6448221035067,2011-11-04 15:18:00,0,0.11143657,nurture,🟢 Nurture,🟢 Nurture
12488.0,10,3,1244.66,5,3,4,534,0,At Risk,747.2665629376534,2011-11-30 08:50:00,0,0.024513477,nurture,🟢 Nurture,🟢 Nurture
12489.0,336,1,298.93,1,1,2,112,1,Hibernating,0.0,2011-01-07 13:13:00,1,0.74204737,let_go,⚪ Let Go,⚪ Let Go
12490.0,5,10,4859.93,5,5,5,555,0,At Risk,1062.0110843303728,2011-12-04 16:07:00,0,0.078672014,nurture,🟢 Nurture,🟢 Nurture
12491.0,39,1,424.40000000000003,3,1,2,312,0,At Risk,0.0,2011-11-01 12:18:00,0,0.64429915,let_go,⚪ Let Go,⚪ Let Go
12492.0,63,2,227.21,3,2,1,321,0,At Risk,132.7175495888513,2011-10-07 15:15:00,0,0.24323852,monitor,🔵 Monitor,🔵 Monitor
12493.0,166,2,379.74,2,2,2,222,1,Hibernating,121.39081815262756,2011-06-27 10:17:00,1,0.5789752,let_go,⚪ Let Go,⚪ Let Go
12494.0,16,7,1084.1000000000001,4,5,4,454,0,At Risk,255.2930275457387,2011-11-24 09:34:00,0,0.052824818,nurture,🟢 Nurture,🟢 Nurture
12497.0,82,1,953.1,2,1,4,214,0,At Risk,0.0,2011-09-19 12:29:00,0,0.6219095,let_go,⚪ Let Go,⚪ Let Go
12498.0,21,3,349.70000000000005,4,3,2,432,0,At Risk,236.43097941434547,2011-11-18 12:53:00,0,0.10679123,nurture,🟢 Nurture,🟢 Nurture
12500.0,23,11,4059.82,4,5,5,455,0,At Risk,959.765769302023,2011-11-16 16:20:00,0,0.07313538,nurture,🟢 Nurture,🟢 Nurture
12501.0,337,1,2025.39,1,1,4,114,1,Hibernating,0.0,2011-01-07 12:28:00,1,0.77879804,let_go,⚪ Let Go,⚪ Let Go
12502.0,96,5,2995.87,2,4,5,245,0,At Risk,740.0164587589168,2011-09-05 11:52:00,1,0.46891606,nurture,🟢 Nurture,🟢 Nurture
12504.0,18,2,428.04999999999995,4,2,2,422,0,At Risk,86.44582601681668,2011-11-21 16:02:00,0,0.6873845,let_go,⚪ Let Go,⚪ Let Go
12506.0,233,1,73.5,1,1,1,111,1,Hibernating,0.0,2011-04-21 08:54:00,1,0.76284915,let_go,⚪ Let Go,⚪ Let Go
12507.0,134,3,1052.81,2,3,4,234,0,At Risk,243.0786406105429,2011-07-28 17:09:00,1,0.43516135,nurture,🟢 Nurture,🟢 Nurture
12508.0,26,2,397.88,4,2,2,422,0,At Risk,306.62010757474616,2011-11-13 15:37:00,0,0.10977948,nurture,🟢 Nurture,🟢 Nurture
12509.0,284,1,158.5,1,1,1,111,1,Hibernating,0.0,2011-02-28 14:45:00,1,0.7986125,let_go,⚪ Let Go,⚪ Let Go
12510.0,143,2,814.5699999999999,2,2,3,223,0,At Risk,92.24294713863247,2011-07-20 10:15:00,1,0.80696005,let_go,⚪ Let Go,⚪ Let Go
12512.0,66,2,132.18,3,2,1,321,0,At Risk,0.0,2011-10-04 14:55:00,0,0.79418945,let_go,⚪ Let Go,⚪ Let Go
12513.0,113,1,558.29,2,1,3,213,0,At Risk,0.0,2011-08-19 10:51:00,1,0.69083667,let_go,⚪ Let Go,⚪ Let Go
12514.0,267,1,1017.68,1,1,4,114,1,Hibernating,0.0,2011-03-17 16:38:00,1,0.61455697,let_go,⚪ Let Go,⚪ Let Go
12515.0,353,1,278.7,1,1,2,112,1,Hibernating,0.0,2010-12-21 15:43:00,1,0.6907499,let_go,⚪ Let Go,⚪ Let Go
12516.0,78,2,1186.06,2,2,4,224,0,At Risk,463.2967562928957,2011-09-23 09:13:00,0,0.3643079,nurture,🟢 Nurture,🟢 Nurture
12517.0,28,4,2301.6,4,4,5,445,0,At Risk,740.6604741059389,2011-11-11 13:57:00,0,0.097696126,nurture,🟢 Nurture,🟢 Nurture
12518.0,1,5,1840.89,5,4,4,544,0,At Risk,1105.423677735167,2011-12-09 10:13:00,0,0.028782796,nurture,🟢 Nurture,🟢 Nurture
12519.0,64,1,276.84,3,1,2,312,0,At Risk,0.0,2011-10-07 09:26:00,0,0.6907499,let_go,⚪ Let Go,⚪ Let Go
12520.0,79,5,2346.2599999999998,2,4,5,245,0,At Risk,481.69137710980397,2011-09-21 15:23:00,0,0.1631922,nurture,🟢 Nurture,🟢 Nurture
12521.0,143,1,545.68,2,1,3,213,0,At Risk,0.0,2011-07-20 10:51:00,1,0.6685883,let_go,⚪ Let Go,⚪ Let Go
12522.0,39,2,156.72,3,2,1,321,0,At Risk,158.6568011450219,2011-10-31 15:30:00,0,0.093102425,nurture,🟢 Nurture,🟢 Nurture
12523.0,19,11,1699.77,4,5,4,454,0,At Risk,410.80970284496,2011-11-20 12:55:00,0,0.04374264,nurture,🟢 Nurture,🟢 Nurture
12524.0,9,8,3945.72,5,5,5,555,0,At Risk,958.3696241675274,2011-11-30 15:31:00,0,0.08280589,nurture,🟢 Nurture,🟢 Nurture
12526.0,1,3,1172.66,5,3,4,534,0,At Risk,632.5064484691615,2011-12-09 12:09:00,0,0.038187206,nurture,🟢 Nurture,🟢 Nurture
12527.0,82,3,330.71000000000004,2,3,2,232,0,At Risk,71.15960477364946,2011-09-19 11:55:00,0,0.591563,let_go,⚪ Let Go,⚪ Let Go
12528.0,9,6,1645.48,5,5,4,554,0,At Risk,346.1953077509071,2011-11-30 14:40:00,0,0.33931342,nurture,🟢 Nurture,🟢 Nurture
12530.0,60,4,1500.28,3,4,4,344,0,At Risk,336.613181092353,2011-10-11 12:34:00,0,0.19548424,nurture,🟢 Nurture,🟢 Nurture
12531.0,15,1,125.22,4,1,1,411,0,At Risk,0.0,2011-11-25 11:12:00,0,0.7570939,let_go,⚪ Let Go,⚪ Let Go
12532.0,30,1,313.83000000000004,4,1,2,412,0,At Risk,0.0,2011-11-09 13:47:00,0,0.74204737,let_go,⚪ Let Go,⚪ Let Go
12534.0,131,1,981.18,2,1,4,214,0,At Risk,0.0,2011-08-01 10:26:00,1,0.61455697,let_go,⚪ Let Go,⚪ Let Go
12535.0,92,2,716.35,2,2,3,223,0,At Risk,237.7761421358853,2011-09-09 08:48:00,1,0.48507467,nurture,🟢 Nurture,🟢 Nurture
12536.0,59,1,4279.71,3,1,5,315,0,At Risk,0.0,2011-10-11 14:52:00,0,0.4865645,monitor,🔵 Monitor,🔵 Monitor
12538.0,29,1,363.95,4,1,2,412,0,At Risk,0.0,2011-11-10 17:16:00,0,0.6658681,let_go,⚪ Let Go,⚪ Let Go
12539.0,22,4,5568.35,4,4,5,445,0,At Risk,1118.0158573812434,2011-11-17 13:30:00,0,0.12480929,nurture,🟢 Nurture,🟢 Nurture
12540.0,20,17,11580.24,4,5,5,455,3,Loyal Customers,2517.642092697663,2011-11-20 11:31:00,0,0.0051216776,nurture,🟢 Nurture,🟢 Nurture
12541.0,30,3,841.18,4,3,3,433,0,At Risk,207.50690141825945,2011-11-10 10:40:00,0,0.44763756,nurture,🟢 Nurture,🟢 Nurture
12544.0,36,1,316.7,3,1,2,312,0,At Risk,0.0,2011-11-03 16:15:00,0,0.74204737,let_go,⚪ Let Go,⚪ Let Go
12545.0,75,2,832.39,2,2,3,223,0,At Risk,149.28469638075723,2011-09-25 13:39:00,0,0.7484247,let_go,⚪ Let Go,⚪ Let Go
12546.0,47,2,1021.5,3,2,4,324,0,At Risk,474.6762580329879,2011-10-24 12:09:00,0,0.40901086,nurture,🟢 Nurture,🟢 Nurture
12547.0,198,2,151.79999999999998,1,2,1,121,1,Hibernating,11.479325089849748,2011-05-26 12:38:00,1,0.8093484,let_go,⚪ Let Go,⚪ Let Go
12548.0,166,1,67.19999999999999,2,1,1,211,1,Hibernating,0.0,2011-06-26 15:35:00,1,0.8278831,let_go,⚪ Let Go,⚪ Let Go
12550.0,79,1,824.83,2,1,3,213,0,At Risk,0.0,2011-09-21 14:35:00,0,0.64717555,let_go,⚪ Let Go,⚪ Let Go
12551.0,358,1,168.0,1,1,1,111,1,Hibernating,0.0,2010-12-17 11:23:00,1,0.7252728,let_go,⚪ Let Go,⚪ Let Go
12552.0,40,1,317.82,3,1,2,312,0,At Risk,0.0,2011-10-31 12:11:00,0,0.74204737,let_go,⚪ Let Go,⚪ Let Go
12553.0,8,10,3278.28,5,5,5,555,0,At Risk,698.498216577124,2011-12-01 16:38:00,0,0.035025243,nurture,🟢 Nurture,🟢 Nurture
12556.0,50,2,599.56,3,2,3,323,0,At Risk,239.1602309446647,2011-10-20 13:06:00,0,0.44446865,nurture,🟢 Nurture,🟢 Nurture
12557.0,16,5,11990.960000000001,4,4,5,445,0,At Risk,2856.3420174476405,2011-11-23 16:59:00,0,0.0413228,nurture,🟢 Nurture,🟢 Nurture
12558.0,8,1,269.96,5,1,2,512,0,At Risk,0.0,2011-12-02 10:41:00,0,0.6907499,let_go,⚪ Let Go,⚪ Let Go
12559.0,311,2,525.71,1,2,3,123,1,Hibernating,33.61989986774805,2011-02-02 09:49:00,1,0.7961575,let_go,⚪ Let Go,⚪ Let Go
12560.0,5,2,1918.01,5,2,4,524,0,At Risk,534.4260411425698,2011-12-04 13:54:00,0,0.4437016,nurture,🟢 Nurture,🟢 Nurture
12561.0,303,1,238.85,1,1,1,111,1,Hibernating,0.0,2011-02-10 11:39:00,1,0.7233779,let_go,⚪ Let Go,⚪ Let Go
12562.0,8,7,3385.7400000000002,5,5,5,555,0,At Risk,1259.0697669863234,2011-12-01 17:20:00,0,0.14347722,nurture,🟢 Nurture,🟢 Nurture
12564.0,261,1,402.9,1,1,2,112,1,Hibernating,0.0,2011-03-23 14:55:00,1,0.6658681,let_go,⚪ Let Go,⚪ Let Go
12565.0,289,1,145.92,1,1,1,111,1,Hibernating,0.0,2011-02-24 10:34:00,1,0.7604684,let_go,⚪ Let Go,⚪ Let Go
12566.0,86,1,297.65,2,1,2,212,0,At Risk,0.0,2011-09-14 14:30:00,0,0.74204737,let_go,⚪ Let Go,⚪ Let Go
12567.0,23,10,8609.28,4,5,5,455,0,At Risk,1707.985739215073,2011-11-17 11:02:00,0,0.028074725,nurture,🟢 Nurture,🟢 Nurture
12569.0,2,32,3152.69,5,5,5,555,3,Loyal Customers,930.1535950157817,2011-12-07 16:24:00,0,0.034299348,nurture,🟢 Nurture,🟢 Nurture
12571.0,40,2,519.61,3,2,3,323,0,At Risk,266.87664247942877,2011-10-31 10:19:00,0,0.47499418,nurture,🟢 Nurture,🟢 Nurture
12572.0,9,2,912.42,5,2,3,523,0,At Risk,779.7891004375008,2011-12-01 09:20:00,0,0.013674543,nurture,🟢 Nurture,🟢 Nurture
12573.0,227,1,160.54000000000002,1,1,1,111,1,Hibernating,0.0,2011-04-26 15:52:00,1,0.7986125,let_go,⚪ Let Go,⚪ Let Go
12574.0,316,1,182.45000000000002,1,1,1,111,1,Hibernating,0.0,2011-01-28 09:20:00,1,0.7252728,let_go,⚪ Let Go,⚪ Let Go
12576.0,36,5,1315.83,3,4,4,344,0,At Risk,316.94161618149616,2011-11-04 10:11:00,0,0.19863541,nurture,🟢 Nurture,🟢 Nurture
12577.0,35,3,622.65,3,3,3,333,0,At Risk,163.92241020442302,2011-11-04 13:24:00,0,0.31598917,nurture,🟢 Nurture,🟢 Nurture
12578.0,21,2,2402.51,4,2,5,425,0,At Risk,408.62686700381437,2011-11-18 13:30:00,0,0.76314145,retain,🔴 Retain Immediately,🔴 Retain Immediately
12579.0,78,1,386.42,2,1,2,212,0,At Risk,0.0,2011-09-22 17:15:00,0,0.6658681,let_go,⚪ Let Go,⚪ Let Go
12580.0,247,1,379.7,1,1,2,112,1,Hibernating,0.0,2011-04-07 10:24:00,1,0.6658681,let_go,⚪ Let Go,⚪ Let Go
12581.0,40,1,179.71,3,1,1,311,0,At Risk,0.0,2011-10-31 08:56:00,0,0.7252728,let_go,⚪ Let Go,⚪ Let Go
12582.0,239,2,351.36,1,2,2,122,1,Hibernating,88.31770610404688,2011-04-15 08:45:00,1,0.6212493,let_go,⚪ Let Go,⚪ Let Go
12583.0,3,15,6705.38,5,5,5,555,3,Loyal Customers,1337.7183026744915,2011-12-07 08:07:00,0,0.027098516,nurture,🟢 Nurture,🟢 Nurture
12584.0,4,9,2254.15,5,5,5,555,0,At Risk,568.5782736308565,2011-12-06 09:35:00,0,0.088866785,nurture,🟢 Nurture,🟢 Nurture
12585.0,234,2,1824.1,1,2,4,124,1,Hibernating,261.6163630696999,2011-04-19 13:39:00,1,0.8361203,retain,🔴 Retain Immediately,🔴 Retain Immediately
12586.0,17,1,196.94000000000003,4,1,1,411,0,At Risk,0.0,2011-11-22 16:24:00,0,0.7252728,let_go,⚪ Let Go,⚪ Let Go
12587.0,8,1,104.0,5,1,1,511,0,At Risk,0.0,2011-12-02 12:47:00,0,0.7762069,let_go,⚪ Let Go,⚪ Let Go
12588.0,39,1,174.89999999999998,3,1,1,311,0,At Risk,0.0,2011-10-31 15:01:00,0,0.7252728,let_go,⚪ Let Go,⚪ Let Go
12589.0,29,2,574.68,4,2,3,423,0,At Risk,392.4886224983414,2011-11-11 10:19:00,0,0.055391148,nurture,🟢 Nurture,🟢 Nurture
12590.0,211,1,9341.26,1,1,5,115,1,Hibernating,0.0,2011-05-12 14:46:00,1,0.7614238,let_go,⚪ Let Go,⚪ Let Go
12591.0,317,1,368.85,1,1,2,112,1,Hibernating,0.0,2011-01-26 14:35:00,1,0.6658681,let_go,⚪ Let Go,⚪ Let Go
12592.0,92,2,401.6,2,2,2,222,0,At Risk,116.25315885310766,2011-09-08 15:04:00,1,0.5949339,let_go,⚪ Let Go,⚪ Let Go
12593.0,109,3,382.09999999999997,2,3,2,232,0,At Risk,85.79224012953632,2011-08-23 12:43:00,1,0.5635716,let_go,⚪ Let Go,⚪ Let Go
12594.0,38,9,3208.2200000000003,3,5,5,355,0,At Risk,781.1187562432862,2011-11-02 12:20:00,0,0.07723974,nurture,🟢 Nurture,🟢 Nurture
12596.0,51,2,450.27,3,2,2,322,0,At Risk,130.32833811485796,2011-10-19 13:02:00,0,0.64831334,let_go,⚪ Let Go,⚪ Let Go
12597.0,19,4,3195.22,4,4,5,445,0,At Risk,975.5800238167619,2011-11-20 13:33:00,0,0.21714151,nurture,🟢 Nurture,🟢 Nurture
12598.0,10,7,2807.08,5,5,5,555,0,At Risk,672.2564915013797,2011-11-30 12:18:00,0,0.03886047,nurture,🟢 Nurture,🟢 Nurture
12599.0,29,7,888.58,4,5,3,453,0,At Risk,208.9763010165486,2011-11-10 13:34:00,0,0.061746348,nurture,🟢 Nurture,🟢 Nurture
12600.0,29,10,2311.04,4,5,5,455,0,At Risk,524.970077373279,2011-11-11 10:29:00,0,0.07749463,nurture,🟢 Nurture,🟢 Nurture
12601.0,190,5,487.06,1,4,3,143,1,Hibernating,101.31035283257015,2011-06-03 10:17:00,1,0.54067254,let_go,⚪ Let Go,⚪ Let Go
12602.0,59,1,153.12,3,1,1,311,0,At Risk,0.0,2011-10-12 11:22:00,0,0.7986125,let_go,⚪ Let Go,⚪ Let Go
12603.0,22,1,613.1999999999999,4,1,3,413,0,At Risk,0.0,2011-11-18 10:42:00,0,0.62328583,let_go,⚪ Let Go,⚪ Let Go
12604.0,79,2,236.18,2,2,1,221,0,At Risk,40.30082711836411,2011-09-21 14:08:00,0,0.65371233,let_go,⚪ Let Go,⚪ Let Go
12607.0,60,1,1579.51,3,1,4,314,0,At Risk,0.0,2011-10-10 16:06:00,0,0.75049376,let_go,⚪ Let Go,⚪ Let Go
12609.0,78,3,964.85,2,3,4,234,0,At Risk,236.56640593123873,2011-09-22 16:34:00,0,0.40080094,nurture,🟢 Nurture,🟢 Nurture
12610.0,23,4,1747.54,4,4,4,444,0,At Risk,612.3790827195198,2011-11-17 09:34:00,0,0.08990716,nurture,🟢 Nurture,🟢 Nurture
12611.0,52,1,1193.32,3,1,4,314,0,At Risk,0.0,2011-10-18 13:12:00,0,0.7434049,let_go,⚪ Let Go,⚪ Let Go
12612.0,74,1,668.0400000000001,2,1,3,213,0,At Risk,0.0,2011-09-26 15:35:00,0,0.62328583,let_go,⚪ Let Go,⚪ Let Go
12613.0,57,4,3092.38,3,4,5,345,0,At Risk,921.8326265998581,2011-10-13 14:59:00,0,0.4889158,nurture,🟢 Nurture,🟢 Nurture
12614.0,278,1,315.6,1,1,2,112,1,Hibernating,0.0,2011-03-07 10:22:00,1,0.74204737,let_go,⚪ Let Go,⚪ Let Go
12615.0,2,4,2093.19,5,4,5,545,0,At Risk,801.0241563210466,2011-12-07 15:02:00,0,0.08540194,nurture,🟢 Nurture,🟢 Nurture
12616.0,95,2,641.3,2,2,3,223,0,At Risk,192.46270515994885,2011-09-05 15:17:00,1,0.53921574,retain,🔴 Retain Immediately,🔴 Retain Immediately
12617.0,29,1,352.98,4,1,2,412,0,At Risk,0.0,2011-11-10 14:39:00,0,0.6658681,let_go,⚪ Let Go,⚪ Let Go
12618.0,22,1,137.31,4,1,1,411,0,At Risk,0.0,2011-11-18 11:10:00,0,0.7907084,let_go,⚪ Let Go,⚪ Let Go
12619.0,16,8,2945.56,4,5,5,455,0,At Risk,917.9845412220668,2011-11-23 14:52:00,0,0.067207806,nurture,🟢 Nurture,🟢 Nurture
12620.0,15,3,1303.41,4,3,4,434,0,At Risk,364.62626918583356,2011-11-25 10:20:00,0,0.2252387,nurture,🟢 Nurture,🟢 Nurture
12621.0,2,20,12411.67,5,5,5,555,3,Loyal Customers,2755.234799650679,2011-12-08 11:25:00,0,0.0051216776,nurture,🟢 Nurture,🟢 Nurture
12622.0,232,1,162.1,1,1,1,111,1,Hibernating,0.0,2011-04-21 16:39:00,1,0.77871877,let_go,⚪ Let Go,⚪ Let Go
12623.0,276,1,269.1,1,1,2,112,1,Hibernating,0.0,2011-03-08 13:50:00,1,0.6907499,let_go,⚪ Let Go,⚪ Let Go
12624.0,106,2,569.13,2,2,3,223,0,At Risk,219.73177999397268,2011-08-25 15:04:00,1,0.54404116,retain,🔴 Retain Immediately,🔴 Retain Immediately
12625.0,212,2,2413.82,1,2,5,125,1,Hibernating,350.7225752433552,2011-05-12 09:54:00,1,0.74223554,retain,🔴 Retain Immediately,🔴 Retain Immediately
12626.0,23,9,5954.48,4,5,5,455,0,At Risk,1321.125891710944,2011-11-16 16:06:00,0,0.108503185,nurture,🟢 Nurture,🟢 Nurture
12627.0,11,6,4082.53,5,5,5,555,0,At Risk,1936.878224126153,2011-11-29 12:07:00,0,0.014511297,nurture,🟢 Nurture,🟢 Nurture
12628.0,4,3,732.46,5,3,3,533,0,At Risk,503.6056860540882,2011-12-05 13:15:00,0,0.009211362,nurture,🟢 Nurture,🟢 Nurture
12630.0,10,2,1030.88,5,2,4,524,0,At Risk,892.6283158002597,2011-11-30 10:48:00,0,0.03654718,nurture,🟢 Nurture,🟢 Nurture
12631.0,57,1,480.5,3,1,2,312,0,At Risk,0.0,2011-10-13 13:53:00,0,0.6685883,let_go,⚪ Let Go,⚪ Let Go
12633.0,59,4,1929.98,3,4,4,344,0,At Risk,341.2109878373144,2011-10-12 11:40:00,0,0.35872468,nurture,🟢 Nurture,🟢 Nurture
12635.0,90,2,1509.18,2,2,4,224,0,At Risk,705.7777871173407,2011-09-11 11:04:00,0,0.17710872,nurture,🟢 Nurture,🟢 Nurture
12637.0,67,8,5804.9,3,5,5,355,0,At Risk,1198.1993135447228,2011-10-03 13:46:00,0,0.12724803,nurture,🟢 Nurture,🟢 Nurture
12638.0,33,1,511.69,4,1,3,413,0,At Risk,0.0,2011-11-06 13:11:00,0,0.6685883,let_go,⚪ Let Go,⚪ Let Go
12639.0,239,1,366.1,1,1,2,112,1,Hibernating,0.0,2011-04-15 12:48:00,1,0.6658681,let_go,⚪ Let Go,⚪ Let Go
12640.0,24,3,994.58,4,3,4,434,0,At Risk,329.6531871113123,2011-11-16 11:52:00,0,0.2818185,nurture,🟢 Nurture,🟢 Nurture
12641.0,115,1,145.9,2,1,1,211,0,At Risk,0.0,2011-08-16 13:26:00,1,0.7604684,let_go,⚪ Let Go,⚪ Let Go
12642.0,25,3,905.26,4,3,3,433,0,At Risk,479.5051106858489,2011-11-14 15:03:00,0,0.020577183,nurture,🟢 Nurture,🟢 Nurture
12643.0,128,6,3041.64,2,5,5,255,0,At Risk,614.3470096032922,2011-08-03 12:56:00,1,0.37242666,nurture,🟢 Nurture,🟢 Nurture
12644.0,130,1,477.91,2,1,2,212,0,At Risk,0.0,2011-08-02 10:33:00,1,0.6685883,let_go,⚪ Let Go,⚪ Let Go
12645.0,34,4,1631.18,3,4,4,344,0,At Risk,390.2819199422364,2011-11-06 12:38:00,0,0.20002624,nurture,🟢 Nurture,🟢 Nurture
12646.0,5,2,1346.97,5,2,4,524,0,At Risk,1130.6157128802452,2011-12-05 10:14:00,0,0.030427681,nurture,🟢 Nurture,🟢 Nurture
12647.0,22,12,3146.82,4,5,5,455,0,At Risk,662.436967703432,2011-11-17 12:56:00,0,0.05118164,nurture,🟢 Nurture,🟢 Nurture
12648.0,155,1,300.05,2,1,2,212,1,Hibernating,0.0,2011-07-08 11:55:00,1,0.74204737,let_go,⚪ Let Go,⚪ Let Go
12649.0,107,3,569.51,2,3,3,233,0,At Risk,142.7672485294255,2011-08-24 14:41:00,1,0.5657699,let_go,⚪ Let Go,⚪ Let Go
12650.0,3,1,242.44000000000003,5,1,1,511,0,At Risk,0.0,2011-12-06 16:34:00,0,0.7233779,let_go,⚪ Let Go,⚪ Let Go
12651.0,335,1,114.0,1,1,1,111,1,Hibernating,0.0,2011-01-09 12:46:00,1,0.7762069,let_go,⚪ Let Go,⚪ Let Go
12652.0,331,1,793.98,1,1,3,113,1,Hibernating,0.0,2011-01-12 15:00:00,1,0.5714547,let_go,⚪ Let Go,⚪ Let Go
12653.0,149,2,2209.85,2,2,5,225,1,Hibernating,651.0002067602568,2011-07-14 10:41:00,1,0.681833,retain,🔴 Retain Immediately,🔴 Retain Immediately
12654.0,11,5,529.98,5,4,3,543,0,At Risk,124.58210681124365,2011-11-29 10:10:00,0,0.35153028,monitor,🔵 Monitor,🔵 Monitor
12656.0,17,5,3619.17,4,4,5,445,0,At Risk,1203.3075765162457,2011-11-22 13:42:00,0,0.15038048,nurture,🟢 Nurture,🟢 Nurture
12657.0,11,4,1427.18,5,4,4,544,0,At Risk,925.2222964613959,2011-11-28 15:47:00,0,0.014033641,nurture,🟢 Nurture,🟢 Nurture
12658.0,19,1,632.05,4,1,3,413,0,At Risk,0.0,2011-11-21 10:22:00,0,0.62328583,let_go,⚪ Let Go,⚪ Let Go
12659.0,30,1,73.68,4,1,1,411,0,At Risk,0.0,2011-11-10 11:53:00,0,0.76284915,let_go,⚪ Let Go,⚪ Let Go
12660.0,11,1,227.1,5,1,1,511,0,At Risk,0.0,2011-11-28 13:26:00,0,0.7233779,let_go,⚪ Let Go,⚪ Let Go
12662.0,1,11,3543.78,5,5,5,555,0,At Risk,764.9712398413177,2011-12-09 11:59:00,0,0.029890178,nurture,🟢 Nurture,🟢 Nurture
12664.0,8,9,4391.88,5,5,5,555,0,At Risk,1017.8603783259524,2011-12-01 17:07:00,0,0.09816374,nurture,🟢 Nurture,🟢 Nurture
12665.0,325,1,45.0,1,1,1,111,1,Hibernating,0.0,2011-01-19 08:34:00,1,0.7398539,let_go,⚪ Let Go,⚪ Let Go
12667.0,58,1,460.13,3,1,2,312,0,At Risk,0.0,2011-10-12 17:00:00,0,0.6685883,let_go,⚪ Let Go,⚪ Let Go
12668.0,12,4,3177.15,5,4,5,545,0,At Risk,761.0671470321718,2011-11-28 10:56:00,0,0.16802093,nurture,🟢 Nurture,🟢 Nurture
12669.0,151,2,1427.73,2,2,4,224,1,Hibernating,208.29204349248303,2011-07-12 09:54:00,1,0.8677756,retain,🔴 Retain Immediately,🔴 Retain Immediately
12670.0,10,5,2744.05,5,4,5,545,0,At Risk,830.6066572860592,2011-11-29 15:23:00,0,0.086800516,nurture,🟢 Nurture,🟢 Nurture
12672.0,330,1,225.89999999999998,1,1,1,111,1,Hibernating,0.0,2011-01-14 09:20:00,1,0.7233779,let_go,⚪ Let Go,⚪ Let Go
12673.0,5,2,574.52,5,2,3,523,0,At Risk,148.58734761417645,2011-12-04 13:55:00,0,0.62325984,let_go,⚪ Let Go,⚪ Let Go
12674.0,39,4,1844.6,3,4,4,344,0,At Risk,573.9744071889446,2011-11-01 12:12:00,0,0.07992426,nurture,🟢 Nurture,🟢 Nurture
12676.0,25,6,1091.39,4,5,4,454,0,At Risk,179.55622749621475,2011-11-15 12:25:00,0,0.32222903,nurture,🟢 Nurture,🟢 Nurture
12678.0,42,9,16331.46,3,5,5,355,3,Loyal Customers,4035.688108132221,2011-10-28 13:04:00,0,0.104028516,nurture,🟢 Nurture,🟢 Nurture
12679.0,59,4,951.02,3,4,4,344,0,At Risk,78.12725913072954,2011-10-12 12:30:00,0,0.4308659,monitor,🔵 Monitor,🔵 Monitor
12680.0,1,4,790.81,5,4,3,543,0,At Risk,377.52751754156645,2011-12-09 12:50:00,0,0.027513376,nurture,🟢 Nurture,🟢 Nurture
12681.0,15,22,12365.54,4,5,5,455,3,Loyal Customers,2594.576491721161,2011-11-25 11:33:00,0,0.0051216776,nurture,🟢 Nurture,🟢 Nurture
12682.0,4,31,11019.82,5,5,5,555,3,Loyal Customers,2395.523541544947,2011-12-06 10:00:00,0,0.0051216776,nurture,🟢 Nurture,🟢 Nurture
12683.0,4,14,7612.57,5,5,5,555,3,Loyal Customers,1563.5879687093839,2011-12-05 16:28:00,0,0.032484554,nurture,🟢 Nurture,🟢 Nurture
12684.0,8,6,2073.63,5,5,5,555,0,At Risk,652.1859841852732,2011-12-02 09:53:00,0,0.06879541,nurture,🟢 Nurture,🟢 Nurture
12685.0,28,6,2575.08,4,5,5,455,0,At Risk,1635.5882407678241,2011-11-11 13:46:00,0,0.014638047,nurture,🟢 Nurture,🟢 Nurture
12686.0,372,1,71.14,1,1,1,111,1,Hibernating,0.0,2010-12-03 09:51:00,1,0.8278831,let_go,⚪ Let Go,⚪ Let Go
12688.0,114,1,4873.8099999999995,2,1,5,215,0,At Risk,0.0,2011-08-18 08:49:00,1,0.5462716,let_go,⚪ Let Go,⚪ Let Go
12689.0,26,2,1139.61,4,2,4,424,0,At Risk,624.3079562475177,2011-11-14 08:31:00,0,0.12757331,nurture,🟢 Nurture,🟢 Nurture
12690.0,206,1,335.01,1,1,2,112,1,Hibernating,0.0,2011-05-18 09:09:00,1,0.70767343,let_go,⚪ Let Go,⚪ Let Go
12691.0,28,5,927.8,4,4,4,444,0,At Risk,200.16612139669994,2011-11-11 16:49:00,0,0.2032775,nurture,🟢 Nurture,🟢 Nurture
12693.0,127,4,711.91,2,4,3,243,0,At Risk,177.72459068027516,2011-08-04 17:51:00,1,0.14523792,nurture,🟢 Nurture,🟢 Nurture
12694.0,70,2,761.67,3,2,3,323,0,At Risk,262.71184636208847,2011-09-30 13:06:00,0,0.44892663,nurture,🟢 Nurture,🟢 Nurture
12695.0,7,4,582.1,5,4,3,543,0,At Risk,216.92263564098604,2011-12-02 13:22:00,0,0.1909554,nurture,🟢 Nurture,🟢 Nurture
12697.0,29,3,757.59,4,3,3,433,0,At Risk,258.7593233727985,2011-11-11 08:47:00,0,0.23507017,nurture,🟢 Nurture,🟢 Nurture
12700.0,8,4,4525.99,5,4,5,545,0,At Risk,1517.6114414595943,2011-12-02 10:47:00,0,0.059556983,nurture,🟢 Nurture,🟢 Nurture
12701.0,80,2,725.71,2,2,3,223,0,At Risk,232.5948191763199,2011-09-21 10:47:00,0,0.48507467,nurture,🟢 Nurture,🟢 Nurture
12702.0,20,1,201.0,4,1,1,411,0,At Risk,0.0,2011-11-20 10:36:00,0,0.7252728,let_go,⚪ Let Go,⚪ Let Go
12703.0,71,1,265.55,3,1,2,312,0,At Risk,0.0,2011-09-29 17:52:00,0,0.7233779,let_go,⚪ Let Go,⚪ Let Go
12704.0,7,8,1740.84,5,5,4,554,0,At Risk,698.8013687695374,2011-12-02 13:15:00,0,0.02297302,nurture,🟢 Nurture,🟢 Nurture
12705.0,15,8,6382.29,4,5,5,455,0,At Risk,1395.8584530742885,2011-11-24 13:17:00,0,0.060889084,nurture,🟢 Nurture,🟢 Nurture
12707.0,292,1,603.42,1,1,3,113,1,Hibernating,0.0,2011-02-21 08:38:00,1,0.69083667,let_go,⚪ Let Go,⚪ Let Go
12708.0,30,10,2442.91,4,5,5,455,0,At Risk,531.6975582399838,2011-11-10 09:52:00,0,0.07388206,nurture,🟢 Nurture,🟢 Nurture
12709.0,15,15,9400.52,4,5,5,455,3,Loyal Customers,2075.617559881113,2011-11-24 15:38:00,0,0.0050126836,nurture,🟢 Nurture,🟢 Nurture
12710.0,97,3,1023.02,2,3,4,234,0,At Risk,188.12998530080927,2011-09-04 12:00:00,1,0.5813406,retain,🔴 Retain Immediately,🔴 Retain Immediately
12712.0,29,13,3928.13,4,5,5,455,0,At Risk,864.6865397376799,2011-11-11 08:19:00,0,0.009922908,nurture,🟢 Nurture,🟢 Nurture
12713.0,1,1,794.55,5,1,3,513,0,At Risk,0.0,2011-12-09 12:16:00,0,0.5714547,let_go,⚪ Let Go,⚪ Let Go
12714.0,9,5,4294.86,5,4,5,545,0,At Risk,1061.3254811745828,2011-11-30 15:43:00,0,0.127023,nurture,🟢 Nurture,🟢 Nurture
12715.0,106,1,263.36,2,1,2,212,0,At Risk,0.0,2011-08-25 15:22:00,1,0.7233779,let_go,⚪ Let Go,⚪ Let Go
12716.0,4,2,963.49,5,2,4,524,0,At Risk,309.0695597231883,2011-12-06 08:55:00,0,0.5893092,retain,🔴 Retain Immediately,🔴 Retain Immediately
12717.0,151,2,830.98,2,2,3,223,1,Hibernating,174.53981626104394,2011-07-11 14:47:00,1,0.70059615,retain,🔴 Retain Immediately,🔴 Retain Immediately
12718.0,71,1,202.25,3,1,1,311,0,At Risk,0.0,2011-09-29 16:38:00,0,0.7252728,let_go,⚪ Let Go,⚪ Let Go
12719.0,5,2,572.95,5,2,3,523,0,At Risk,502.5336146480004,2011-12-04 13:45:00,0,0.014921209,nurture,🟢 Nurture,🟢 Nurture
12720.0,3,25,5115.7300000000005,5,5,5,555,3,Loyal Customers,1066.1435620084687,2011-12-07 08:03:00,0,0.03234026,nurture,🟢 Nurture,🟢 Nurture
12721.0,32,6,2386.13,4,5,5,455,0,At Risk,541.1479162859636,2011-11-08 12:13:00,0,0.12557967,nurture,🟢 Nurture,🟢 Nurture
12722.0,85,4,979.63,2,4,4,244,0,At Risk,394.892830894049,2011-09-15 14:50:00,0,0.044688694,nurture,🟢 Nurture,🟢 Nurture
12723.0,4,5,707.07,5,4,3,543,0,At Risk,487.59022993211073,2011-12-06 10:19:00,0,0.018736714,nurture,🟢 Nurture,🟢 Nurture
12724.0,5,4,923.41,5,4,4,544,0,At Risk,229.7226066629297,2011-12-04 16:02:00,0,0.17974404,nurture,🟢 Nurture,🟢 Nurture
12725.0,371,1,371.8,1,1,2,112,1,Hibernating,0.0,2010-12-03 15:45:00,1,0.6658681,let_go,⚪ Let Go,⚪ Let Go
12726.0,28,7,2411.1,4,5,5,455,0,At Risk,562.369604751119,2011-11-11 13:35:00,0,0.083491914,nurture,🟢 Nurture,🟢 Nurture
12727.0,11,7,3440.7,5,5,5,555,0,At Risk,849.723513701407,2011-11-29 11:46:00,0,0.059670918,nurture,🟢 Nurture,🟢 Nurture
12728.0,71,4,728.33,3,4,3,343,0,At Risk,149.8547006319311,2011-09-29 15:31:00,0,0.23451975,monitor,🔵 Monitor,🔵 Monitor
12729.0,114,1,417.01,2,1,2,212,0,At Risk,0.0,2011-08-18 11:40:00,1,0.6658681,let_go,⚪ Let Go,⚪ Let Go
12731.0,24,12,18751.91,4,5,5,455,3,Loyal Customers,4195.281626875772,2011-11-16 11:59:00,0,0.04047953,nurture,🟢 Nurture,🟢 Nurture
12732.0,180,1,218.26000000000002,1,1,1,111,1,Hibernating,0.0,2011-06-13 11:33:00,1,0.7233779,let_go,⚪ Let Go,⚪ Let Go
12733.0,234,1,383.95,1,1,2,112,1,Hibernating,0.0,2011-04-19 16:19:00,1,0.6658681,let_go,⚪ Let Go,⚪ Let Go
12734.0,353,1,110.39999999999999,1,1,1,111,1,Hibernating,0.0,2010-12-22 12:47:00,1,0.7762069,let_go,⚪ Let Go,⚪ Let Go
12735.0,315,2,689.5699999999999,1,2,3,123,1,Hibernating,165.2207421353034,2011-01-28 13:37:00,1,0.5809057,retain,🔴 Retain Immediately,🔴 Retain Immediately
12736.0,333,1,144.0,1,1,1,111,1,Hibernating,0.0,2011-01-11 07:57:00,1,0.79090285,let_go,⚪ Let Go,⚪ Let Go
12738.0,372,1,137.35,1,1,1,111,1,Hibernating,0.0,2010-12-02 18:27:00,1,0.7907084,let_go,⚪ Let Go,⚪ Let Go
12739.0,99,1,975.54,2,1,4,214,0,At Risk,0.0,2011-09-01 17:45:00,1,0.63040066,let_go,⚪ Let Go,⚪ Let Go
12740.0,64,1,427.6,3,1,2,312,0,At Risk,0.0,2011-10-07 10:44:00,0,0.64429915,let_go,⚪ Let Go,⚪ Let Go
12743.0,134,2,540.13,2,2,3,223,0,At Risk,0.0,2011-07-28 16:21:00,1,0.6685883,let_go,⚪ Let Go,⚪ Let Go
12744.0,56,4,9120.39,3,4,5,345,0,At Risk,2137.7843911987775,2011-10-14 14:54:00,0,0.077423036,nurture,🟢 Nurture,🟢 Nurture
12747.0,2,11,4196.01,5,5,5,555,0,At Risk,892.6541380936796,2011-12-07 14:34:00,0,0.02659502,nurture,🟢 Nurture,🟢 Nurture
12748.0,1,206,31650.78,5,5,5,555,2,Champions,6918.781153386606,2011-12-09 12:20:00,0,0.010384795,nurture,🟢 Nurture,🟢 Nurture
12749.0,4,5,4040.88,5,4,5,545,0,At Risk,1374.701333560334,2011-12-06 09:56:00,0,0.07638006,nurture,🟢 Nurture,🟢 Nurture
12750.0,129,1,275.88,2,1,2,212,0,At Risk,0.0,2011-08-03 09:13:00,1,0.6907499,let_go,⚪ Let Go,⚪ Let Go
12752.0,81,1,4366.78,2,1,5,215,0,At Risk,0.0,2011-09-19 13:32:00,0,0.4865645,monitor,🔵 Monitor,🔵 Monitor
12753.0,23,6,21429.39,4,5,5,455,0,At Risk,4459.609007277065,2011-11-17 10:52:00,0,0.09666157,nurture,🟢 Nurture,🟢 Nurture
12754.0,236,3,3010.74,1,3,5,135,1,Hibernating,1008.8764968952321,2011-04-18 09:00:00,1,0.65983284,retain,🔴 Retain Immediately,🔴 Retain Immediately
12755.0,281,2,3811.95,1,2,5,125,1,Hibernating,7.956562977032051,2011-03-04 12:42:00,1,0.8822998,let_go,⚪ Let Go,⚪ Let Go
12756.0,87,1,112.07999999999998,2,1,1,211,0,At Risk,0.0,2011-09-14 09:31:00,0,0.7762069,let_go,⚪ Let Go,⚪ Let Go
12757.0,16,9,4176.75,4,5,5,455,0,At Risk,1403.5482974049864,2011-11-24 12:30:00,0,0.1287312,nurture,🟢 Nurture,🟢 Nurture
12758.0,117,2,2791.59,2,2,5,225,0,At Risk,592.0143411174547,2011-08-15 10:22:00,1,0.79110616,retain,🔴 Retain Immediately,🔴 Retain Immediately
12759.0,52,3,1411.44,3,3,4,334,0,At Risk,376.38678073992435,2011-10-18 14:49:00,0,0.2594421,nurture,🟢 Nurture,🟢 Nurture
12762.0,8,2,1702.52,5,2,4,524,0,At Risk,3364.744380505118,2011-12-02 10:23:00,0,0.032863475,nurture,🟢 Nurture,🟢 Nurture
12763.0,138,2,494.08,2,2,3,223,0,At Risk,65.97647640879195,2011-07-24 14:12:00,1,0.7720227,let_go,⚪ Let Go,⚪ Let Go
12764.0,317,1,1693.88,1,1,4,114,1,Hibernating,0.0,2011-01-27 10:19:00,1,0.7568346,let_go,⚪ Let Go,⚪ Let Go
12766.0,4,7,6457.63,5,5,5,555,0,At Risk,1331.3751409771057,2011-12-06 08:46:00,0,0.07079126,nurture,🟢 Nurture,🟢 Nurture
12769.0,239,1,1143.6,1,1,4,114,1,Hibernating,0.0,2011-04-15 10:25:00,1,0.75642365,let_go,⚪ Let Go,⚪ Let Go
12770.0,211,1,1351.45,1,1,4,114,1,Hibernating,0.0,2011-05-13 09:33:00,1,0.7733586,let_go,⚪ Let Go,⚪ Let Go
12772.0,60,1,752.47,3,1,3,313,0,At Risk,0.0,2011-10-11 09:19:00,0,0.5714547,let_go,⚪ Let Go,⚪ Let Go
12775.0,17,5,1281.04,4,4,4,444,0,At Risk,324.52872079343604,2011-11-22 16:33:00,0,0.1276915,nurture,🟢 Nurture,🟢 Nurture
12778.0,20,6,693.23,4,5,3,453,0,At Risk,165.25741394514546,2011-11-20 11:30:00,0,0.19536173,nurture,🟢 Nurture,🟢 Nurture
12779.0,38,8,3981.36,3,5,5,355,0,At Risk,884.9317102544692,2011-11-02 11:43:00,0,0.0616797,nurture,🟢 Nurture,🟢 Nurture
12781.0,64,2,786.74,3,2,3,323,0,At Risk,113.58845403866894,2011-10-07 10:37:00,0,0.62348175,let_go,⚪ Let Go,⚪ Let Go
12782.0,5,5,1938.92,5,4,4,544,0,At Risk,406.6166123173419,2011-12-05 09:16:00,0,0.15178652,nurture,🟢 Nurture,🟢 Nurture
12783.0,2,4,1295.87,5,4,4,544,0,At Risk,1001.020086553021,2011-12-07 15:56:00,0,0.012349831,nurture,🟢 Nurture,🟢 Nurture
12784.0,15,1,476.82,4,1,2,412,0,At Risk,0.0,2011-11-24 12:53:00,0,0.6685883,let_go,⚪ Let Go,⚪ Let Go
12785.0,364,1,255.95,1,1,2,112,1,Hibernating,0.0,2010-12-10 13:48:00,1,0.7233779,let_go,⚪ Let Go,⚪ Let Go
12787.0,10,3,418.66,5,3,2,532,0,At Risk,143.88017279117906,2011-11-30 08:44:00,0,0.5536142,let_go,⚪ Let Go,⚪ Let Go
12789.0,65,1,76.85,3,1,1,311,0,At Risk,0.0,2011-10-05 13:34:00,0,0.7589021,let_go,⚪ Let Go,⚪ Let Go
12790.0,192,1,294.92,1,1,2,112,1,Hibernating,0.0,2011-05-31 14:14:00,1,0.74204737,let_go,⚪ Let Go,⚪ Let Go
12791.0,374,1,177.60000000000002,1,1,1,111,1,Hibernating,0.0,2010-12-01 11:27:00,1,0.7252728,let_go,⚪ Let Go,⚪ Let Go
12792.0,257,1,344.53999999999996,1,1,2,112,1,Hibernating,0.0,2011-03-28 11:36:00,1,0.70767343,let_go,⚪ Let Go,⚪ Let Go
12793.0,335,2,461.48,1,2,2,122,1,Hibernating,133.52287394724348,2011-01-09 12:12:00,1,0.6592904,let_go,⚪ Let Go,⚪ Let Go
12794.0,53,2,860.41,3,2,3,323,0,At Risk,624.5484694945519,2011-10-17 14:54:00,0,0.01419274,nurture,🟢 Nurture,🟢 Nurture
12795.0,19,1,318.48,4,1,2,412,0,At Risk,0.0,2011-11-21 10:27:00,0,0.74204737,let_go,⚪ Let Go,⚪ Let Go
12797.0,366,1,226.03,1,1,1,111,1,Hibernating,0.0,2010-12-09 10:55:00,1,0.7233779,let_go,⚪ Let Go,⚪ Let Go
12798.0,10,3,6977.04,5,3,5,535,0,At Risk,3069.589032410224,2011-11-29 15:52:00,0,0.10390052,nurture,🟢 Nurture,🟢 Nurture
12802.0,187,1,397.58,1,1,2,112,1,Hibernating,0.0,2011-06-06 09:36:00,1,0.6658681,let_go,⚪ Let Go,⚪ Let Go
12808.0,37,3,455.65000000000003,3,3,2,332,0,At Risk,103.41248635808259,2011-11-03 10:05:00,0,0.6191771,let_go,⚪ Let Go,⚪ Let Go
12809.0,178,1,405.31,2,1,2,212,1,Hibernating,0.0,2011-06-15 10:51:00,1,0.6658681,let_go,⚪ Let Go,⚪ Let Go
12811.0,262,2,458.85,1,2,2,122,1,Hibernating,117.88436971845888,2011-03-23 10:55:00,1,0.6592904,let_go,⚪ Let Go,⚪ Let Go
12812.0,45,1,229.64000000000001,3,1,1,311,0,At Risk,0.0,2011-10-26 09:54:00,0,0.7233779,let_go,⚪ Let Go,⚪ Let Go
12814.0,102,1,85.92,2,1,1,211,0,At Risk,0.0,2011-08-30 12:11:00,1,0.78954464,let_go,⚪ Let Go,⚪ Let Go
12815.0,148,2,863.46,2,2,3,223,1,Hibernating,240.4084631106188,2011-07-15 10:21:00,1,0.6743527,retain,🔴 Retain Immediately,🔴 Retain Immediately
12816.0,96,2,452.20000000000005,2,2,2,222,0,At Risk,155.27544567637867,2011-09-05 12:41:00,1,0.34746832,monitor,🔵 Monitor,🔵 Monitor
12817.0,281,1,126.03999999999999,1,1,1,111,1,Hibernating,0.0,2011-03-03 16:28:00,1,0.7570939,let_go,⚪ Let Go,⚪ Let Go
12818.0,262,1,1182.0800000000002,1,1,4,114,1,Hibernating,0.0,2011-03-23 12:06:00,1,0.7434049,let_go,⚪ Let Go,⚪ Let Go
12820.0,3,4,942.34,5,4,4,544,0,At Risk,229.24121830149426,2011-12-06 15:12:00,0,0.34360564,nurture,🟢 Nurture,🟢 Nurture
12821.0,214,1,92.72,1,1,1,111,1,Hibernating,0.0,2011-05-09 15:51:00,1,0.7490496,let_go,⚪ Let Go,⚪ Let Go
12822.0,71,2,948.88,3,2,4,324,0,At Risk,326.1553095129477,2011-09-30 10:04:00,0,0.12283066,nurture,🟢 Nurture,🟢 Nurture
12823.0,75,5,1759.5,2,4,4,244,0,At Risk,449.41878620669445,2011-09-26 07:35:00,0,0.13560201,nurture,🟢 Nurture,🟢 Nurture
12824.0,60,1,397.12,3,1,2,312,0,At Risk,0.0,2011-10-11 12:49:00,0,0.6658681,let_go,⚪ Let Go,⚪ Let Go
12826.0,3,7,1474.72,5,5,4,554,0,At Risk,322.32630811145486,2011-12-07 10:25:00,0,0.061854236,nurture,🟢 Nurture,🟢 Nurture
12827.0,6,3,430.15000000000003,5,3,2,532,0,At Risk,326.29144033683417,2011-12-04 12:17:00,0,0.048315153,nurture,🟢 Nurture,🟢 Nurture
12828.0,3,6,1018.71,5,5,4,554,0,At Risk,482.35045938561905,2011-12-07 08:45:00,0,0.049155265,nurture,🟢 Nurture,🟢 Nurture
12829.0,337,2,293.0,1,2,2,122,1,Hibernating,80.11942896802475,2011-01-07 11:13:00,1,0.6311212,let_go,⚪ Let Go,⚪ Let Go
12830.0,38,6,6814.64,3,5,5,355,0,At Risk,2287.7694873504634,2011-11-02 11:54:00,0,0.046537925,nurture,🟢 Nurture,🟢 Nurture
12831.0,262,1,215.05,1,1,1,111,1,Hibernating,0.0,2011-03-22 13:02:00,1,0.7233779,let_go,⚪ Let Go,⚪ Let Go
12832.0,32,2,383.03,4,2,2,422,0,At Risk,135.7296422083344,2011-11-07 13:30:00,0,0.5789752,let_go,⚪ Let Go,⚪ Let Go
12833.0,145,1,417.38,2,1,2,212,1,Hibernating,0.0,2011-07-17 13:46:00,1,0.6658681,let_go,⚪ Let Go,⚪ Let Go
12834.0,283,1,312.38,1,1,2,112,1,Hibernating,0.0,2011-03-02 09:49:00,1,0.74204737,let_go,⚪ Let Go,⚪ Let Go
12836.0,59,4,2610.36,3,4,5,345,0,At Risk,545.2048474056093,2011-10-11 15:10:00,0,0.22406444,nurture,🟢 Nurture,🟢 Nurture
12837.0,173,1,134.1,2,1,1,211,1,Hibernating,0.0,2011-06-19 16:07:00,1,0.79418945,let_go,⚪ Let Go,⚪ Let Go
12838.0,34,2,671.95,3,2,3,323,0,At Risk,104.72836279966208,2011-11-06 12:20:00,0,0.69664073,let_go,⚪ Let Go,⚪ Let Go
12839.0,3,14,5591.42,5,5,5,555,3,Loyal Customers,1197.2021253885177,2011-12-07 12:33:00,0,0.029774876,nurture,🟢 Nurture,🟢 Nurture
12840.0,144,4,2726.77,2,4,5,245,0,At Risk,769.0596349406172,2011-07-19 09:29:00,1,0.15797785,nurture,🟢 Nurture,🟢 Nurture
12841.0,5,25,3991.58,5,5,5,555,3,Loyal Customers,829.1289120579892,2011-12-05 11:13:00,0,0.014728025,nurture,🟢 Nurture,🟢 Nurture
12842.0,70,2,1118.99,3,2,4,324,0,At Risk,355.50607961949567,2011-09-30 15:33:00,0,0.4381748,nurture,🟢 Nurture,🟢 Nurture
12843.0,66,8,1702.26,3,5,4,354,0,At Risk,519.5975131860928,2011-10-05 12:09:00,0,0.059708476,nurture,🟢 Nurture,🟢 Nurture
12844.0,29,2,325.96000000000004,4,2,2,422,0,At Risk,141.90206599765457,2011-11-10 13:31:00,0,0.5404553,let_go,⚪ Let Go,⚪ Let Go
12845.0,267,4,354.09,1,4,2,142,1,Hibernating,96.15953521959126,2011-03-17 13:34:00,1,0.37358734,monitor,🔵 Monitor,🔵 Monitor
12847.0,22,1,843.64,4,1,3,413,0,At Risk,0.0,2011-11-17 13:16:00,0,0.6219095,let_go,⚪ Let Go,⚪ Let Go
12849.0,31,2,992.65,4,2,4,424,0,At Risk,171.2090249315672,2011-11-08 13:41:00,0,0.7351469,retain,🔴 Retain Immediately,🔴 Retain Immediately
12851.0,97,1,131.81,2,1,1,211,0,At Risk,0.0,2011-09-04 12:41:00,1,0.79418945,let_go,⚪ Let Go,⚪ Let Go
12852.0,295,1,311.55,1,1,2,112,1,Hibernating,0.0,2011-02-18 08:47:00,1,0.74204737,let_go,⚪ Let Go,⚪ Let Go
12853.0,135,6,1957.1000000000001,2,5,4,254,0,At Risk,510.57951207611836,2011-07-28 11:29:00,1,0.14112905,nurture,🟢 Nurture,🟢 Nurture
12854.0,79,3,1316.25,2,3,4,234,0,At Risk,307.02639224052587,2011-09-22 12:15:00,0,0.40361694,nurture,🟢 Nurture,🟢 Nurture
12855.0,373,1,38.1,1,1,1,111,1,Hibernating,0.0,2010-12-02 09:37:00,1,0.78097343,let_go,⚪ Let Go,⚪ Let Go
12856.0,8,6,2170.78,5,5,5,555,0,At Risk,1837.5884459722597,2011-12-02 10:52:00,0,0.0039560087,nurture,🟢 Nurture,🟢 Nurture
12857.0,211,2,1106.4,1,2,4,124,1,Hibernating,137.48393955586837,2011-05-13 10:20:00,1,0.8363586,let_go,⚪ Let Go,⚪ Let Go
12863.0,52,1,521.2,3,1,3,313,0,At Risk,0.0,2011-10-18 14:15:00,0,0.6685883,let_go,⚪ Let Go,⚪ Let Go
12864.0,138,1,147.12,2,1,1,211,0,At Risk,0.0,2011-07-24 13:03:00,1,0.7604684,let_go,⚪ Let Go,⚪ Let Go
12865.0,26,2,1568.23,4,2,4,424,0,At Risk,565.8656026970182,2011-11-13 14:31:00,0,0.4922981,nurture,🟢 Nurture,🟢 Nurture
12866.0,283,1,499.12,1,1,3,113,1,Hibernating,0.0,2011-03-01 14:11:00,1,0.6685883,let_go,⚪ Let Go,⚪ Let Go
12867.0,26,7,4009.34,4,5,5,455,0,At Risk,900.3759907335716,2011-11-13 15:30:00,0,0.04746807,nurture,🟢 Nurture,🟢 Nurture
12868.0,186,6,1607.0600000000002,1,5,4,154,1,Hibernating,342.2371520311712,2011-06-07 10:42:00,1,0.4116512,nurture,🟢 Nurture,🟢 Nurture
12871.0,84,2,380.64,2,2,2,222,0,At Risk,157.02973705813804,2011-09-16 15:07:00,0,0.23516844,nurture,🟢 Nurture,🟢 Nurture
12872.0,327,2,599.97,1,2,3,123,1,Hibernating,84.43462446447502,2011-01-17 10:52:00,1,0.7238189,let_go,⚪ Let Go,⚪ Let Go
12873.0,282,1,374.0,1,1,2,112,1,Hibernating,0.0,2011-03-02 14:58:00,1,0.6658681,let_go,⚪ Let Go,⚪ Let Go
12875.0,143,2,343.2300000000001,2,2,2,222,0,At Risk,20.081082782085428,2011-07-19 15:30:00,1,0.7698501,let_go,⚪ Let Go,⚪ Let Go
12876.0,58,2,2053.02,3,2,5,325,0,At Risk,906.9019500399286,2011-10-13 12:26:00,0,0.1104218,nurture,🟢 Nurture,🟢 Nurture
12877.0,4,12,1535.77,5,5,4,554,0,At Risk,330.2944934146939,2011-12-06 10:30:00,0,0.03642645,nurture,🟢 Nurture,🟢 Nurture
12878.0,236,2,854.99,1,2,3,123,1,Hibernating,271.4281725066702,2011-04-17 13:07:00,1,0.6387935,retain,🔴 Retain Immediately,🔴 Retain Immediately
12879.0,45,3,573.22,3,3,3,333,0,At Risk,408.52872787678996,2011-10-26 12:24:00,0,0.046495773,nurture,🟢 Nurture,🟢 Nurture
12881.0,276,1,298.0,1,1,2,112,1,Hibernating,0.0,2011-03-09 11:44:00,1,0.74204737,let_go,⚪ Let Go,⚪ Let Go
12882.0,9,2,1463.04,5,2,4,524,0,At Risk,2260.1796025202334,2011-11-30 16:18:00,0,0.0057158307,nurture,🟢 Nurture,🟢 Nurture
12883.0,25,4,703.47,4,4,3,443,0,At Risk,509.437496356067,2011-11-15 09:32:00,0,0.011525666,nurture,🟢 Nurture,🟢 Nurture
12884.0,88,1,309.05,2,1,2,212,0,At Risk,0.0,2011-09-12 13:10:00,0,0.74204737,let_go,⚪ Let Go,⚪ Let Go
12885.0,63,3,1175.22,3,3,4,334,0,At Risk,511.2638087851601,2011-10-07 13:40:00,0,0.079962984,nurture,🟢 Nurture,🟢 Nurture
12886.0,68,2,1378.4,3,2,4,324,0,At Risk,359.81149859892815,2011-10-03 10:09:00,0,0.5447749,retain,🔴 Retain Immediately,🔴 Retain Immediately
12888.0,214,2,354.12,1,2,2,122,1,Hibernating,44.086695962263086,2011-05-09 16:02:00,1,0.7732587,let_go,⚪ Let Go,⚪ Let Go
12890.0,24,1,376.71999999999997,4,1,2,412,0,At Risk,0.0,2011-11-15 17:26:00,0,0.6658681,let_go,⚪ Let Go,⚪ Let Go
12891.0,186,3,331.0,1,3,2,132,1,Hibernating,104.35459750482066,2011-06-07 12:31:00,1,0.54092395,let_go,⚪ Let Go,⚪ Let Go
12893.0,31,1,176.55,4,1,1,411,0,At Risk,0.0,2011-11-09 12:34:00,0,0.7252728,let_go,⚪ Let Go,⚪ Let Go
12895.0,42,2,372.8,3,2,2,322,0,At Risk,136.59658221837782,2011-10-28 13:51:00,0,0.5789752,let_go,⚪ Let Go,⚪ Let Go
12897.0,205,2,216.5,1,2,1,121,1,Hibernating,40.84285168675076,2011-05-19 12:13:00,1,0.65371233,let_go,⚪ Let Go,⚪ Let Go
12901.0,9,28,17654.54,5,5,5,555,3,Loyal Customers,5177.348559179711,2011-12-01 10:07:00,0,0.010384795,nurture,🟢 Nurture,🟢 Nurture
12902.0,265,1,138.68,1,1,1,111,1,Hibernating,0.0,2011-03-20 12:06:00,1,0.8024771,let_go,⚪ Let Go,⚪ Let Go
12904.0,18,2,496.06,4,2,3,423,0,At Risk,185.87459912808248,2011-11-21 14:34:00,0,0.14728057,nurture,🟢 Nurture,🟢 Nurture
12906.0,12,5,2919.81,5,4,5,545,0,At Risk,1330.2763788207849,2011-11-28 09:55:00,0,0.26213998,nurture,🟢 Nurture,🟢 Nurture
12908.0,176,2,750.0,2,2,3,223,1,Hibernating,188.54397217830294,2011-06-16 15:39:00,1,0.60022235,retain,🔴 Retain Immediately,🔴 Retain Immediately
12909.0,40,5,2178.67,3,4,5,345,0,At Risk,474.62751737026537,2011-10-31 12:43:00,0,0.17976673,nurture,🟢 Nurture,🟢 Nurture
12910.0,23,8,3075.04,4,5,5,455,0,At Risk,850.136874598104,2011-11-16 14:28:00,0,0.19961537,nurture,🟢 Nurture,🟢 Nurture
12912.0,3,5,1662.3,5,4,4,544,0,At Risk,1880.5150987347452,2011-12-07 08:55:00,0,0.0040125716,nurture,🟢 Nurture,🟢 Nurture
12913.0,5,5,2483.63,5,4,5,545,0,At Risk,523.6179841117635,2011-12-05 12:11:00,0,0.18534073,nurture,🟢 Nurture,🟢 Nurture
12915.0,149,2,363.65,2,2,2,222,1,Hibernating,61.80128426596502,2011-07-14 11:34:00,1,0.739772,let_go,⚪ Let Go,⚪ Let Go
12916.0,139,4,2944.95,2,4,5,245,0,At Risk,643.7908976954193,2011-07-24 10:35:00,1,0.6029098,retain,🔴 Retain Immediately,🔴 Retain Immediately
12917.0,128,1,594.0,2,1,3,213,0,At Risk,0.0,2011-08-03 16:42:00,1,0.69083667,let_go,⚪ Let Go,⚪ Let Go
12919.0,8,6,1335.19,5,5,4,554,0,At Risk,554.0478221867672,2011-12-01 13:47:00,0,0.02679228,nurture,🟢 Nurture,🟢 Nurture
12920.0,17,1,162.78,4,1,1,411,0,At Risk,0.0,2011-11-22 15:05:00,0,0.77871877,let_go,⚪ Let Go,⚪ Let Go
12921.0,9,37,16587.09,5,5,5,555,3,Loyal Customers,3630.6549941276244,2011-11-30 16:22:00,0,0.010384795,nurture,🟢 Nurture,🟢 Nurture
12922.0,161,1,405.38,2,1,2,212,1,Hibernating,0.0,2011-07-01 15:35:00,1,0.6658681,let_go,⚪ Let Go,⚪ Let Go
12923.0,64,1,171.57,3,1,1,311,0,At Risk,0.0,2011-10-06 16:20:00,0,0.7252728,let_go,⚪ Let Go,⚪ Let Go
12924.0,88,4,925.75,2,4,4,244,0,At Risk,256.80708277426066,2011-09-12 13:55:00,0,0.13909091,nurture,🟢 Nurture,🟢 Nurture
12925.0,5,2,694.05,5,2,3,523,0,At Risk,460.673090160973,2011-12-05 11:11:00,0,0.041695777,nurture,🟢 Nurture,🟢 Nurture
12928.0,35,5,2062.7000000000003,3,4,5,345,0,At Risk,433.25251465521904,2011-11-04 14:24:00,0,0.16223314,nurture,🟢 Nurture,🟢 Nurture
12929.0,312,1,117.85,1,1,1,111,1,Hibernating,0.0,2011-02-01 12:08:00,1,0.7762069,let_go,⚪ Let Go,⚪ Let Go
12930.0,78,2,415.8,2,2,2,222,0,At Risk,144.94488857811194,2011-09-22 15:18:00,0,0.5949339,let_go,⚪ Let Go,⚪ Let Go
12931.0,22,15,42055.96,4,5,5,455,3,Loyal Customers,9982.279916936837,2011-11-18 12:39:00,0,0.011688899,nurture,🟢 Nurture,🟢 Nurture
12933.0,24,3,607.53,4,3,3,433,0,At Risk,183.5305388978249,2011-11-15 16:38:00,0,0.2745521,nurture,🟢 Nurture,🟢 Nurture
12935.0,2,7,2160.7,5,5,5,555,0,At Risk,486.0425106336521,2011-12-07 17:25:00,0,0.0657476,nurture,🟢 Nurture,🟢 Nurture
12936.0,17,4,1063.9,4,4,4,444,0,At Risk,281.5227269608429,2011-11-22 17:32:00,0,0.21428902,nurture,🟢 Nurture,🟢 Nurture
12937.0,15,4,1504.27,4,4,4,444,0,At Risk,456.56373881582306,2011-11-24 15:05:00,0,0.0978262,nurture,🟢 Nurture,🟢 Nurture
12938.0,26,1,114.14,4,1,1,411,0,At Risk,0.0,2011-11-14 11:21:00,0,0.7762069,let_go,⚪ Let Go,⚪ Let Go
12939.0,64,8,11581.8,3,5,5,355,0,At Risk,2596.755814710561,2011-10-06 14:33:00,0,0.044680778,nurture,🟢 Nurture,🟢 Nurture
12940.0,55,2,899.69,3,2,3,323,0,At Risk,675.7434685714786,2011-10-16 12:09:00,0,0.01419274,nurture,🟢 Nurture,🟢 Nurture
12942.0,131,3,675.6,2,3,3,233,0,At Risk,122.41628853307047,2011-07-31 14:39:00,1,0.5979983,let_go,⚪ Let Go,⚪ Let Go
12944.0,36,2,604.51,3,2,3,323,0,At Risk,123.91653091193966,2011-11-04 11:04:00,0,0.68840057,let_go,⚪ Let Go,⚪ Let Go
12945.0,288,1,462.95,1,1,2,112,1,Hibernating,0.0,2011-02-24 14:15:00,1,0.6685883,let_go,⚪ Let Go,⚪ Let Go
12947.0,144,6,1603.99,2,5,4,254,0,At Risk,316.9940940635528,2011-07-19 10:06:00,1,0.7752777,retain,🔴 Retain Immediately,🔴 Retain Immediately
12948.0,16,7,2064.95,4,5,5,455,0,At Risk,553.9863352958104,2011-11-23 17:10:00,0,0.057086423,nurture,🟢 Nurture,🟢 Nurture
12949.0,31,8,4167.22,4,5,5,455,0,At Risk,938.8713636013373,2011-11-09 11:25:00,0,0.08280589,nurture,🟢 Nurture,🟢 Nurture
12950.0,2,3,1843.0,5,3,4,534,0,At Risk,3136.572788193492,2011-12-07 13:17:00,0,0.007981691,nurture,🟢 Nurture,🟢 Nurture
12951.0,9,6,1064.07,5,5,4,554,0,At Risk,239.09783546018897,2011-12-01 12:14:00,0,0.18754783,nurture,🟢 Nurture,🟢 Nurture
12952.0,6,4,1387.79,5,4,4,544,0,At Risk,690.3708153023206,2011-12-04 10:35:00,0,0.02370569,nurture,🟢 Nurture,🟢 Nurture
12953.0,10,1,329.85,5,1,2,512,0,At Risk,0.0,2011-11-30 09:24:00,0,0.7176327,let_go,⚪ Let Go,⚪ Let Go
12955.0,1,11,4757.16,5,5,5,555,0,At Risk,1335.40074922725,2011-12-08 16:29:00,0,0.14001463,nurture,🟢 Nurture,🟢 Nurture
12956.0,306,1,108.07,1,1,1,111,1,Hibernating,0.0,2011-02-06 16:08:00,1,0.7762069,let_go,⚪ Let Go,⚪ Let Go
12957.0,10,8,4017.54,5,5,5,555,0,At Risk,940.1257819569262,2011-11-30 09:53:00,0,0.08280589,nurture,🟢 Nurture,🟢 Nurture
12962.0,7,2,266.39,5,2,2,522,0,At Risk,101.90564385021167,2011-12-02 15:55:00,0,0.3124324,monitor,🔵 Monitor,🔵 Monitor
12963.0,8,8,1856.63,5,5,4,554,0,At Risk,364.0022932782294,2011-12-01 12:55:00,0,0.046912868,nurture,🟢 Nurture,🟢 Nurture
12965.0,89,1,769.8100000000001,2,1,3,213,0,At Risk,0.0,2011-09-11 15:31:00,0,0.5714547,let_go,⚪ Let Go,⚪ Let Go
12966.0,10,1,160.18,5,1,1,511,0,At Risk,0.0,2011-11-30 12:38:00,0,0.7986125,let_go,⚪ Let Go,⚪ Let Go
12967.0,358,2,1660.9,1,2,4,124,1,Hibernating,109.43760854645299,2010-12-16 19:10:00,1,0.8923919,let_go,⚪ Let Go,⚪ Let Go
12968.0,112,1,135.95,2,1,1,211,0,At Risk,0.0,2011-08-19 15:44:00,1,0.79418945,let_go,⚪ Let Go,⚪ Let Go
12970.0,7,4,405.47,5,4,2,542,0,At Risk,162.0602711522529,2011-12-02 14:30:00,0,0.12498677,nurture,🟢 Nurture,🟢 Nurture
12971.0,4,86,11189.91,5,5,5,555,3,Loyal Customers,2450.5896595550257,2011-12-06 12:20:00,0,0.0051216776,nurture,🟢 Nurture,🟢 Nurture
12974.0,198,1,144.8,1,1,1,111,1,Hibernating,0.0,2011-05-26 09:33:00,1,0.79090285,let_go,⚪ Let Go,⚪ Let Go
12976.0,212,1,738.6,1,1,3,113,1,Hibernating,0.0,2011-05-12 09:55:00,1,0.6470802,let_go,⚪ Let Go,⚪ Let Go
12977.0,156,1,39.239999999999995,2,1,1,211,1,Hibernating,0.0,2011-07-06 16:40:00,1,0.7398539,let_go,⚪ Let Go,⚪ Let Go
12980.0,158,9,7374.900000000001,2,5,5,255,0,At Risk,1572.2387709723303,2011-07-05 09:34:00,1,0.519006,retain,🔴 Retain Immediately,🔴 Retain Immediately
12981.0,30,2,372.21999999999997,4,2,2,422,0,At Risk,169.91033992706872,2011-11-10 12:00:00,0,0.12587778,nurture,🟢 Nurture,🟢 Nurture
12982.0,243,1,390.54,1,1,2,112,1,Hibernating,0.0,2011-04-11 11:51:00,1,0.6658681,let_go,⚪ Let Go,⚪ Let Go
12984.0,19,1,97.5,4,1,1,411,0,At Risk,0.0,2011-11-21 12:37:00,0,0.7490496,let_go,⚪ Let Go,⚪ Let Go
12985.0,1,2,1239.38,5,2,4,524,0,At Risk,1201.6831869717455,2011-12-09 10:46:00,0,0.025426943,nurture,🟢 Nurture,🟢 Nurture
12987.0,74,2,558.7,2,2,3,223,0,At Risk,167.6084304139479,2011-09-27 12:03:00,0,0.51217973,retain,🔴 Retain Immediately,🔴 Retain Immediately
12988.0,292,1,505.82,1,1,3,113,1,Hibernating,0.0,2011-02-20 14:31:00,1,0.6685883,let_go,⚪ Let Go,⚪ Let Go
12989.0,3,15,6924.110000000001,5,5,5,555,3,Loyal Customers,1567.9561229597975,2011-12-06 15:28:00,0,0.037140213,nurture,🟢 Nurture,🟢 Nurture
12990.0,31,3,409.5,4,3,2,432,0,At Risk,106.6430496856333,2011-11-08 13:01:00,0,0.5953887,let_go,⚪ Let Go,⚪ Let Go
12991.0,23,2,503.76,4,2,3,423,0,At Risk,210.2087027117131,2011-11-16 15:34:00,0,0.2738419,nurture,🟢 Nurture,🟢 Nurture
12993.0,23,4,414.76,4,4,2,442,0,At Risk,101.16236006271012,2011-11-16 15:49:00,0,0.37572393,monitor,🔵 Monitor,🔵 Monitor
12994.0,4,3,974.4200000000001,5,3,4,534,0,At Risk,240.83168702893283,2011-12-05 15:43:00,0,0.40080094,nurture,🟢 Nurture,🟢 Nurture
12995.0,85,1,211.32,2,1,1,211,0,At Risk,0.0,2011-09-15 15:44:00,0,0.7252728,let_go,⚪ Let Go,⚪ Let Go
12997.0,22,4,1226.89,4,4,4,444,0,At Risk,280.45758732041395,2011-11-17 15:47:00,0,0.22480474,nurture,🟢 Nurture,🟢 Nurture
12999.0,196,3,455.88,1,3,2,132,1,Hibernating,58.06236604592894,2011-05-27 13:24:00,1,0.86874235,let_go,⚪ Let Go,⚪ Let Go
13000.0,107,3,534.85,2,3,3,233,0,At Risk,98.28278314027293,2011-08-25 10:43:00,1,0.63690305,let_go,⚪ Let Go,⚪ Let Go
13001.0,4,13,9785.970000000001,5,5,5,555,3,Loyal Customers,2316.5338111371384,2011-12-05 14:51:00,0,0.0050126836,nurture,🟢 Nurture,🟢 Nurture
13002.0,318,1,120.94999999999999,1,1,1,111,1,Hibernating,0.0,2011-01-25 15:18:00,1,0.7842942,let_go,⚪ Let Go,⚪ Let Go
13003.0,106,3,149.05,2,3,1,231,0,At Risk,43.958345448162795,2011-08-26 10:50:00,1,0.7535817,let_go,⚪ Let Go,⚪ Let Go
13004.0,12,18,5655.91,5,5,5,555,3,Loyal Customers,1243.8560980353204,2011-11-28 11:27:00,0,0.025509764,nurture,🟢 Nurture,🟢 Nurture
13005.0,174,2,513.7,2,2,3,223,1,Hibernating,104.76069449546563,2011-06-19 10:53:00,1,0.68146867,let_go,⚪ Let Go,⚪ Let Go
13006.0,56,1,81.57,3,1,1,311,0,At Risk,0.0,2011-10-14 13:49:00,0,0.7589021,let_go,⚪ Let Go,⚪ Let Go
13008.0,323,1,229.46999999999997,1,1,1,111,1,Hibernating,0.0,2011-01-20 14:24:00,1,0.7233779,let_go,⚪ Let Go,⚪ Let Go
13011.0,372,1,50.550000000000004,1,1,1,111,1,Hibernating,0.0,2010-12-02 17:22:00,1,0.7398539,let_go,⚪ Let Go,⚪ Let Go
13012.0,9,8,1646.8400000000001,5,5,4,554,0,At Risk,372.5901094403241,2011-11-30 13:05:00,0,0.04997935,nurture,🟢 Nurture,🟢 Nurture
13013.0,1,13,4810.9400000000005,5,5,5,555,0,At Risk,756.0804314945618,2011-12-08 15:01:00,0,0.0104273185,nurture,🟢 Nurture,🟢 Nurture
13014.0,11,10,3466.2799999999997,5,5,5,555,0,At Risk,884.7240191252888,2011-11-29 12:27:00,0,0.029890178,nurture,🟢 Nurture,🟢 Nurture
13015.0,53,5,3339.64,3,4,5,345,0,At Risk,1008.1928639777602,2011-10-17 13:19:00,0,0.17306352,nurture,🟢 Nurture,🟢 Nurture
13016.0,73,3,789.89,2,3,3,233,0,At Risk,352.9301071476556,2011-09-27 14:08:00,0,0.03657155,nurture,🟢 Nurture,🟢 Nurture
13017.0,7,1,204.0,5,1,1,511,0,At Risk,0.0,2011-12-02 15:53:00,0,0.7252728,let_go,⚪ Let Go,⚪ Let Go
13018.0,16,28,7277.7,4,5,5,455,3,Loyal Customers,1928.112961974037,2011-11-23 13:28:00,0,0.0051216776,nurture,🟢 Nurture,🟢 Nurture
13021.0,4,9,2616.38,5,5,5,555,0,At Risk,602.6008751892039,2011-12-05 16:37:00,0,0.05360119,nurture,🟢 Nurture,🟢 Nurture
13023.0,64,2,599.9,3,2,3,323,0,At Risk,288.03059486932057,2011-10-06 16:27:00,0,0.43782556,nurture,🟢 Nurture,🟢 Nurture
13026.0,1,5,975.36,5,4,4,544,0,At Risk,294.76687498838163,2011-12-08 16:58:00,0,0.18868594,nurture,🟢 Nurture,🟢 Nurture
13027.0,114,6,6912.0,2,5,5,255,0,At Risk,1396.9235028294622,2011-08-18 09:39:00,1,0.43762025,nurture,🟢 Nurture,🟢 Nurture
13028.0,23,2,661.3199999999999,4,2,3,423,0,At Risk,593.6029503481266,2011-11-17 11:10:00,0,0.009767799,nurture,🟢 Nurture,🟢 Nurture
13029.0,31,3,1247.5,4,3,4,434,0,At Risk,260.7468350607594,2011-11-09 09:13:00,0,0.30719963,nurture,🟢 Nurture,🟢 Nurture
13030.0,11,2,752.4399999999999,5,2,3,523,0,At Risk,131.69328607155936,2011-11-28 14:30:00,0,0.62348175,let_go,⚪ Let Go,⚪ Let Go
13032.0,52,2,1010.18,3,2,4,324,0,At Risk,645.1526349248011,2011-10-18 15:54:00,0,0.12732346,nurture,🟢 Nurture,🟢 Nurture
13033.0,357,1,190.55,1,1,1,111,1,Hibernating,0.0,2010-12-17 14:23:00,1,0.7252728,let_go,⚪ Let Go,⚪ Let Go
13034.0,55,2,642.77,3,2,3,323,0,At Risk,178.46490024712392,2011-10-16 12:21:00,0,0.5317348,retain,🔴 Retain Immediately,🔴 Retain Immediately
13035.0,74,2,921.88,2,2,3,223,0,At Risk,302.00263111637696,2011-09-27 08:57:00,0,0.6781481,retain,🔴 Retain Immediately,🔴 Retain Immediately
13037.0,138,3,881.07,2,3,3,233,0,At Risk,254.38475964457766,2011-07-24 15:46:00,1,0.30823895,nurture,🟢 Nurture,🟢 Nurture
13038.0,80,3,908.46,2,3,3,233,0,At Risk,185.49742235518247,2011-09-20 14:37:00,0,0.45992616,nurture,🟢 Nurture,🟢 Nurture
13040.0,9,2,676.99,5,2,3,523,0,At Risk,857.4018342564038,2011-12-01 10:38:00,0,0.01007266,nurture,🟢 Nurture,🟢 Nurture
13043.0,273,1,516.42,1,1,3,113,1,Hibernating,0.0,2011-03-11 14:52:00,1,0.6685883,let_go,⚪ Let Go,⚪ Let Go
13044.0,291,1,560.47,1,1,3,113,1,Hibernating,0.0,2011-02-21 15:20:00,1,0.69083667,let_go,⚪ Let Go,⚪ Let Go
13045.0,99,1,305.28000000000003,2,1,2,212,0,At Risk,0.0,2011-09-01 15:04:00,1,0.74204737,let_go,⚪ Let Go,⚪ Let Go
13046.0,31,2,629.31,4,2,3,423,0,At Risk,217.37948584475595,2011-11-09 08:36:00,0,0.5843961,retain,🔴 Retain Immediately,🔴 Retain Immediately
13047.0,57,9,3232.59,3,5,5,355,0,At Risk,685.1486570539248,2011-10-14 11:15:00,0,0.08975673,nurture,🟢 Nurture,🟢 Nurture
13048.0,14,4,1819.41,5,4,4,544,0,At Risk,396.59713729552175,2011-11-25 13:23:00,0,0.17650428,nurture,🟢 Nurture,🟢 Nurture
13049.0,64,2,656.6800000000001,3,2,3,323,0,At Risk,215.4765958487442,2011-10-06 15:31:00,0,0.56619716,retain,🔴 Retain Immediately,🔴 Retain Immediately
13050.0,15,17,5833.11,4,5,5,455,3,Loyal Customers,1263.0525775746473,2011-11-25 09:18:00,0,0.025509764,nurture,🟢 Nurture,🟢 Nurture
13052.0,212,1,348.15000000000003,1,1,2,112,1,Hibernating,0.0,2011-05-11 14:12:00,1,0.70767343,let_go,⚪ Let Go,⚪ Let Go
13055.0,78,3,1214.41,2,3,4,234,0,At Risk,530.2023064236325,2011-09-22 14:26:00,0,0.04212627,nurture,🟢 Nurture,🟢 Nurture
13058.0,25,3,271.40000000000003,4,3,2,432,0,At Risk,143.40656847756568,2011-11-15 12:43:00,0,0.3076496,monitor,🔵 Monitor,🔵 Monitor
13059.0,250,1,183.4,1,1,1,111,1,Hibernating,0.0,2011-04-04 10:40:00,1,0.7252728,let_go,⚪ Let Go,⚪ Let Go
13060.0,254,1,307.53,1,1,2,112,1,Hibernating,0.0,2011-03-31 11:37:00,1,0.74204737,let_go,⚪ Let Go,⚪ Let Go
13061.0,72,1,248.61,3,1,2,312,0,At Risk,0.0,2011-09-28 16:04:00,0,0.7233779,let_go,⚪ Let Go,⚪ Let Go
13062.0,191,1,346.98,1,1,2,112,1,Hibernating,0.0,2011-06-01 15:12:00,1,0.70767343,let_go,⚪ Let Go,⚪ Let Go
13064.0,13,4,1105.59,5,4,4,544,0,At Risk,267.04432255480106,2011-11-27 12:31:00,0,0.17455156,nurture,🟢 Nurture,🟢 Nurture
13065.0,373,1,205.86,1,1,1,111,1,Hibernating,0.0,2010-12-01 16:52:00,1,0.7252728,let_go,⚪ Let Go,⚪ Let Go
13066.0,24,2,470.8,4,2,2,422,0,At Risk,744.3553223111846,2011-11-15 12:57:00,0,0.009995694,nurture,🟢 Nurture,🟢 Nurture
13067.0,82,1,115.46000000000001,2,1,1,211,0,At Risk,0.0,2011-09-18 13:38:00,0,0.7762069,let_go,⚪ Let Go,⚪ Let Go
13068.0,10,2,344.0,5,2,2,522,0,At Risk,77.47813596787624,2011-11-29 15:00:00,0,0.66440064,let_go,⚪ Let Go,⚪ Let Go
13069.0,1,24,4431.44,5,5,5,555,3,Loyal Customers,928.454322093489,2011-12-09 08:39:00,0,0.020117356,nurture,🟢 Nurture,🟢 Nurture
13070.0,192,1,228.8,1,1,1,111,1,Hibernating,0.0,2011-05-31 13:45:00,1,0.7233779,let_go,⚪ Let Go,⚪ Let Go
13072.0,267,1,177.15,1,1,1,111,1,Hibernating,0.0,2011-03-18 08:12:00,1,0.7252728,let_go,⚪ Let Go,⚪ Let Go
13075.0,130,1,919.61,2,1,3,213,0,At Risk,0.0,2011-08-02 10:19:00,1,0.6219095,let_go,⚪ Let Go,⚪ Let Go
13077.0,1,4,728.02,5,4,3,543,0,At Risk,121.36874076325448,2011-12-08 19:24:00,0,0.38115016,monitor,🔵 Monitor,🔵 Monitor
13078.0,3,26,12627.94,5,5,5,555,3,Loyal Customers,2745.8440608352626,2011-12-06 15:36:00,0,0.0051216776,nurture,🟢 Nurture,🟢 Nurture
13079.0,4,5,220.10000000000002,5,4,1,541,0,At Risk,117.39573192392783,2011-12-05 16:53:00,0,0.18092424,monitor,🔵 Monitor,🔵 Monitor
13080.0,179,1,58.08,2,1,1,211,1,Hibernating,0.0,2011-06-13 14:59:00,1,0.8278831,let_go,⚪ Let Go,⚪ Let Go
13081.0,12,11,28337.38,5,5,5,555,3,Loyal Customers,6090.469727466174,2011-11-28 10:54:00,0,0.04450216,nurture,🟢 Nurture,🟢 Nurture
13082.0,126,9,3613.63,2,5,5,255,0,At Risk,846.065697104154,2011-08-05 16:16:00,1,0.14743274,nurture,🟢 Nurture,🟢 Nurture
13083.0,4,2,303.75,5,2,2,522,0,At Risk,159.36571345774752,2011-12-05 15:01:00,0,0.17048192,nurture,🟢 Nurture,🟢 Nurture
13085.0,158,2,416.08000000000004,2,2,2,222,1,Hibernating,64.47971481138049,2011-07-05 12:11:00,1,0.74936444,let_go,⚪ Let Go,⚪ Let Go
13089.0,3,97,58762.08,5,5,5,555,2,Champions,12859.414908423521,2011-12-07 09:02:00,0,0.0119413175,nurture,🟢 Nurture,🟢 Nurture
13090.0,9,13,8895.82,5,5,5,555,3,Loyal Customers,1997.1374011487128,2011-12-01 12:39:00,0,0.0050126836,nurture,🟢 Nurture,🟢 Nurture
13091.0,28,1,345.82,4,1,2,412,0,At Risk,0.0,2011-11-11 15:54:00,0,0.70767343,let_go,⚪ Let Go,⚪ Let Go
13092.0,71,5,477.83,3,4,2,342,0,At Risk,76.61846266504307,2011-09-30 11:18:00,0,0.50559336,let_go,⚪ Let Go,⚪ Let Go
13093.0,276,8,7832.47,1,5,5,155,1,Hibernating,1680.0844630791582,2011-03-09 12:14:00,1,0.54417366,retain,🔴 Retain Immediately,🔴 Retain Immediately
13094.0,21,12,1927.3200000000002,4,5,4,454,0,At Risk,395.7454676936812,2011-11-18 14:07:00,0,0.035333138,nurture,🟢 Nurture,🟢 Nurture
13095.0,71,1,74.39999999999999,3,1,1,311,0,At Risk,0.0,2011-09-30 12:03:00,0,0.76284915,let_go,⚪ Let Go,⚪ Let Go
13097.0,33,10,6003.22,4,5,5,455,0,At Risk,1374.4616581052942,2011-11-07 10:43:00,0,0.06957717,nurture,🟢 Nurture,🟢 Nurture
13098.0,1,28,28882.44,5,5,5,555,3,Loyal Customers,7288.6205842898,2011-12-08 14:14:00,0,0.010384795,nurture,🟢 Nurture,🟢 Nurture
13099.0,99,1,207.35999999999999,2,1,1,211,0,At Risk,0.0,2011-09-01 17:40:00,1,0.7252728,let_go,⚪ Let Go,⚪ Let Go
13101.0,234,1,101.19,1,1,1,111,1,Hibernating,0.0,2011-04-19 14:37:00,1,0.8111666,let_go,⚪ Let Go,⚪ Let Go
13102.0,1,24,6424.09,5,5,5,555,3,Loyal Customers,1396.8678826258104,2011-12-08 12:52:00,0,0.022378448,nurture,🟢 Nurture,🟢 Nurture
13103.0,40,1,243.94,3,1,1,311,0,At Risk,0.0,2011-10-31 09:38:00,0,0.7233779,let_go,⚪ Let Go,⚪ Let Go
13104.0,3,6,1098.48,5,5,4,554,0,At Risk,255.21248232655407,2011-12-06 13:10:00,0,0.14544265,nurture,🟢 Nurture,🟢 Nurture
13106.0,133,1,76.5,2,1,1,211,0,At Risk,0.0,2011-07-29 15:12:00,1,0.76284915,let_go,⚪ Let Go,⚪ Let Go
13107.0,44,4,1531.6200000000001,3,4,4,344,0,At Risk,280.78012102878796,2011-10-26 14:52:00,0,0.62926334,retain,🔴 Retain Immediately,🔴 Retain Immediately
13108.0,373,1,350.06,1,1,2,112,1,Hibernating,0.0,2010-12-02 10:35:00,1,0.6658681,let_go,⚪ Let Go,⚪ Let Go
13109.0,60,2,786.54,3,2,3,323,0,At Risk,330.59514117001316,2011-10-11 10:16:00,0,0.06811549,nurture,🟢 Nurture,🟢 Nurture
13110.0,31,7,1488.67,4,5,4,454,0,At Risk,350.4088964693506,2011-11-08 14:30:00,0,0.03411239,nurture,🟢 Nurture,🟢 Nurture
13113.0,1,24,12245.960000000001,5,5,5,555,3,Loyal Customers,2697.0877292218056,2011-12-09 12:49:00,0,0.0051216776,nurture,🟢 Nurture,🟢 Nurture
13115.0,12,4,2294.78,5,4,5,545,0,At Risk,694.785745813201,2011-11-28 12:38:00,0,0.14027092,nurture,🟢 Nurture,🟢 Nurture
13116.0,138,1,501.14,2,1,3,213,0,At Risk,0.0,2011-07-24 14:33:00,1,0.6685883,let_go,⚪ Let Go,⚪ Let Go
13117.0,22,8,984.91,4,5,4,454,0,At Risk,185.78061948872366,2011-11-18 12:02:00,0,0.12326739,nurture,🟢 Nurture,🟢 Nurture
13118.0,20,5,1197.81,4,4,4,444,0,At Risk,334.1031885115049,2011-11-20 12:46:00,0,0.12568042,nurture,🟢 Nurture,🟢 Nurture
13120.0,239,1,30.599999999999998,1,1,1,111,1,Hibernating,0.0,2011-04-15 10:19:00,1,0.78097343,let_go,⚪ Let Go,⚪ Let Go
13121.0,269,1,283.73,1,1,2,112,1,Hibernating,0.0,2011-03-15 16:47:00,1,0.6907499,let_go,⚪ Let Go,⚪ Let Go
13122.0,94,2,922.39,2,2,4,224,0,At Risk,12.24434755378017,2011-09-06 15:53:00,1,0.8734192,let_go,⚪ Let Go,⚪ Let Go
13124.0,90,3,3756.33,2,3,5,235,0,At Risk,740.0156380657959,2011-09-11 12:45:00,0,0.23208812,nurture,🟢 Nurture,🟢 Nurture
13126.0,5,8,2099.64,5,5,5,555,0,At Risk,456.7154648390773,2011-12-05 10:00:00,0,0.053116262,nurture,🟢 Nurture,🟢 Nurture
13127.0,78,1,259.17,2,1,2,212,0,At Risk,0.0,2011-09-23 10:26:00,0,0.7233779,let_go,⚪ Let Go,⚪ Let Go
13130.0,94,1,64.0,2,1,1,211,0,At Risk,0.0,2011-09-06 15:30:00,1,0.8278831,let_go,⚪ Let Go,⚪ Let Go
13131.0,23,3,1073.3,4,3,4,434,0,At Risk,396.35087483511904,2011-11-16 13:21:00,0,0.23568727,nurture,🟢 Nurture,🟢 Nurture
13132.0,262,1,77.3,1,1,1,111,1,Hibernating,0.0,2011-03-23 12:44:00,1,0.7589021,let_go,⚪ Let Go,⚪ Let Go
13133.0,274,2,109.8,1,2,1,121,1,Hibernating,27.076333668934318,2011-03-11 10:31:00,1,0.78782,let_go,⚪ Let Go,⚪ Let Go
13134.0,86,4,1793.58,2,4,4,244,0,At Risk,504.3184391423674,2011-09-15 10:35:00,0,0.06517828,nurture,🟢 Nurture,🟢 Nurture
13135.0,197,1,3096.0,1,1,5,115,1,Hibernating,0.0,2011-05-27 10:52:00,1,0.7822758,let_go,⚪ Let Go,⚪ Let Go
13136.0,56,5,2607.61,3,4,5,345,0,At Risk,882.5943051771374,2011-10-14 13:41:00,0,0.061909042,nurture,🟢 Nurture,🟢 Nurture
13137.0,11,8,3603.29,5,5,5,555,0,At Risk,954.1536802043602,2011-11-29 12:09:00,0,0.11123525,nurture,🟢 Nurture,🟢 Nurture
13138.0,22,6,962.39,4,5,4,454,0,At Risk,188.38844155746256,2011-11-17 16:51:00,0,0.32008165,nurture,🟢 Nurture,🟢 Nurture
13139.0,16,7,5064.94,4,5,5,455,0,At Risk,1575.768616900337,2011-11-23 13:54:00,0,0.030034631,nurture,🟢 Nurture,🟢 Nurture
13140.0,108,3,422.47,2,3,2,232,0,At Risk,77.78528569190752,2011-08-23 15:33:00,1,0.5919285,let_go,⚪ Let Go,⚪ Let Go
13141.0,85,5,2388.75,2,4,5,245,0,At Risk,569.5815173957645,2011-09-16 09:54:00,0,0.15478122,nurture,🟢 Nurture,🟢 Nurture
13142.0,19,1,307.09,4,1,2,412,0,At Risk,0.0,2011-11-20 16:07:00,0,0.74204737,let_go,⚪ Let Go,⚪ Let Go
13144.0,333,1,110.95,1,1,1,111,1,Hibernating,0.0,2011-01-11 11:15:00,1,0.7762069,let_go,⚪ Let Go,⚪ Let Go
13145.0,40,4,618.52,3,4,3,343,0,At Risk,85.71737561657962,2011-10-31 12:45:00,0,0.5590096,let_go,⚪ Let Go,⚪ Let Go
13146.0,26,1,228.91,4,1,1,411,0,At Risk,0.0,2011-11-13 15:29:00,0,0.7233779,let_go,⚪ Let Go,⚪ Let Go
13147.0,10,4,712.8000000000001,5,4,3,543,0,At Risk,481.2633132599916,2011-11-29 13:59:00,0,0.010599418,nurture,🟢 Nurture,🟢 Nurture
13148.0,29,12,3683.26,4,5,5,455,0,At Risk,824.711789753414,2011-11-10 15:23:00,0,0.059844013,nurture,🟢 Nurture,🟢 Nurture
13149.0,14,4,1676.06,5,4,4,544,0,At Risk,429.4497592677794,2011-11-25 13:09:00,0,0.18827447,nurture,🟢 Nurture,🟢 Nurture
13151.0,296,1,1257.8700000000001,1,1,4,114,1,Hibernating,0.0,2011-02-17 12:29:00,1,0.7434049,let_go,⚪ Let Go,⚪ Let Go
13153.0,6,1,486.22,5,1,3,513,0,At Risk,0.0,2011-12-04 12:14:00,0,0.6685883,let_go,⚪ Let Go,⚪ Let Go
13155.0,33,4,971.76,4,4,4,444,0,At Risk,157.62945030654407,2011-11-06 15:41:00,0,0.38429496,nurture,🟢 Nurture,🟢 Nurture
13157.0,49,4,1741.22,3,4,4,344,0,At Risk,496.01735041022107,2011-10-21 13:50:00,0,0.06517828,nurture,🟢 Nurture,🟢 Nurture
13158.0,95,4,1201.06,2,4,4,244,0,At Risk,286.7051361675713,2011-09-06 11:58:00,1,0.21633376,nurture,🟢 Nurture,🟢 Nurture
13159.0,9,4,1429.35,5,4,4,544,0,At Risk,700.5408062200063,2011-12-01 11:20:00,0,0.023178013,nurture,🟢 Nurture,🟢 Nurture
13160.0,22,1,91.8,4,1,1,411,0,At Risk,0.0,2011-11-17 13:07:00,0,0.7490496,let_go,⚪ Let Go,⚪ Let Go
13161.0,313,1,112.75,1,1,1,111,1,Hibernating,0.0,2011-01-30 14:03:00,1,0.7762069,let_go,⚪ Let Go,⚪ Let Go
13162.0,122,4,1688.29,2,4,4,244,0,At Risk,271.4124491304615,2011-08-09 15:59:00,1,0.8187315,retain,🔴 Retain Immediately,🔴 Retain Immediately
13165.0,46,2,1021.48,3,2,4,324,0,At Risk,260.6793985093527,2011-10-24 15:05:00,0,0.63439524,retain,🔴 Retain Immediately,🔴 Retain Immediately
13166.0,283,1,417.2,1,1,2,112,1,Hibernating,0.0,2011-03-01 15:16:00,1,0.6658681,let_go,⚪ Let Go,⚪ Let Go
13167.0,19,4,779.33,4,4,3,443,0,At Risk,325.9594680947605,2011-11-21 12:24:00,0,0.04834278,nurture,🟢 Nurture,🟢 Nurture
13168.0,36,4,1299.59,3,4,4,344,0,At Risk,205.86457445139297,2011-11-03 12:56:00,0,0.32742855,nurture,🟢 Nurture,🟢 Nurture
13169.0,64,2,712.88,3,2,3,323,0,At Risk,110.74260252206983,2011-10-07 12:11:00,0,0.70297253,let_go,⚪ Let Go,⚪ Let Go
13170.0,27,1,108.81,4,1,1,411,0,At Risk,0.0,2011-11-13 12:19:00,0,0.7762069,let_go,⚪ Let Go,⚪ Let Go
13171.0,22,3,468.41,4,3,2,432,0,At Risk,115.78573202045399,2011-11-18 10:27:00,0,0.5657699,let_go,⚪ Let Go,⚪ Let Go
13173.0,4,2,353.65,5,2,2,522,0,At Risk,71.42345737327157,2011-12-05 15:51:00,0,0.739772,let_go,⚪ Let Go,⚪ Let Go
13174.0,16,3,2738.82,4,3,5,435,0,At Risk,395.8384529624936,2011-11-23 14:35:00,0,0.5162561,retain,🔴 Retain Immediately,🔴 Retain Immediately
13176.0,46,1,481.49,3,1,2,312,0,At Risk,0.0,2011-10-24 15:43:00,0,0.6685883,let_go,⚪ Let Go,⚪ Let Go
13177.0,65,1,282.45,3,1,2,312,0,At Risk,0.0,2011-10-06 09:56:00,0,0.6907499,let_go,⚪ Let Go,⚪ Let Go
13178.0,26,11,5725.47,4,5,5,455,0,At Risk,1193.1551312711865,2011-11-13 16:14:00,0,0.073141105,nurture,🟢 Nurture,🟢 Nurture
13182.0,45,1,121.18,3,1,1,311,0,At Risk,0.0,2011-10-25 13:46:00,0,0.7842942,let_go,⚪ Let Go,⚪ Let Go
13183.0,8,9,3957.78,5,5,5,555,0,At Risk,861.2687597797546,2011-12-02 10:30:00,0,0.0616797,nurture,🟢 Nurture,🟢 Nurture
13184.0,15,10,1667.95,4,5,4,454,0,At Risk,428.0182111266208,2011-11-25 12:02:00,0,0.047166698,nurture,🟢 Nurture,🟢 Nurture
13185.0,268,1,71.4,1,1,1,111,1,Hibernating,0.0,2011-03-17 11:56:00,1,0.8278831,let_go,⚪ Let Go,⚪ Let Go
13186.0,40,3,1575.89,3,3,4,334,0,At Risk,426.0066175044133,2011-10-31 11:40:00,0,0.44079974,nurture,🟢 Nurture,🟢 Nurture
13187.0,337,1,236.02,1,1,1,111,1,Hibernating,0.0,2011-01-06 18:57:00,1,0.7233779,let_go,⚪ Let Go,⚪ Let Go
13188.0,11,1,114.60000000000001,5,1,1,511,0,At Risk,0.0,2011-11-28 15:28:00,0,0.7762069,let_go,⚪ Let Go,⚪ Let Go
13189.0,19,2,260.68,4,2,2,422,0,At Risk,138.74048667182262,2011-11-21 10:39:00,0,0.24323852,monitor,🔵 Monitor,🔵 Monitor
13192.0,95,2,911.94,2,2,3,223,0,At Risk,283.236130416875,2011-09-05 14:13:00,1,0.6672156,retain,🔴 Retain Immediately,🔴 Retain Immediately
13193.0,61,1,112.08,3,1,1,311,0,At Risk,0.0,2011-10-09 14:30:00,0,0.7762069,let_go,⚪ Let Go,⚪ Let Go
13194.0,136,1,60.7,2,1,1,211,0,At Risk,0.0,2011-07-27 09:01:00,1,0.8278831,let_go,⚪ Let Go,⚪ Let Go
13196.0,11,4,1797.78,5,4,4,544,0,At Risk,506.5372676087537,2011-11-28 13:54:00,0,0.06517828,nurture,🟢 Nurture,🟢 Nurture
13198.0,10,6,3401.2400000000002,5,5,5,555,0,At Risk,756.835366090962,2011-11-29 15:17:00,0,0.09986176,nurture,🟢 Nurture,🟢 Nurture
13199.0,4,37,9802.12,5,5,5,555,3,Loyal Customers,2104.6376161921853,2011-12-06 12:30:00,0,0.0051216776,nurture,🟢 Nurture,🟢 Nurture
13200.0,19,4,870.09,4,4,3,443,0,At Risk,370.47504320433836,2011-11-20 15:35:00,0,0.032209735,nurture,🟢 Nurture,🟢 Nurture
13203.0,10,4,869.46,5,4,3,543,0,At Risk,273.05442964970604,2011-11-30 10:45:00,0,0.17259213,nurture,🟢 Nurture,🟢 Nurture
13207.0,15,2,250.26000000000002,4,2,2,422,0,At Risk,46.05868645020748,2011-11-24 14:52:00,0,0.65371233,let_go,⚪ Let Go,⚪ Let Go
13208.0,59,5,1193.17,3,4,4,344,0,At Risk,305.10570508272434,2011-10-11 16:25:00,0,0.19019839,nurture,🟢 Nurture,🟢 Nurture
13209.0,30,8,5891.61,4,5,5,455,0,At Risk,1397.3316004094843,2011-11-09 13:54:00,0,0.055895578,nurture,🟢 Nurture,🟢 Nurture
13210.0,94,1,353.48,2,1,2,212,0,At Risk,0.0,2011-09-07 08:18:00,1,0.6658681,let_go,⚪ Let Go,⚪ Let Go
13211.0,10,3,1095.42,5,3,4,534,0,At Risk,290.65395276572843,2011-11-29 14:43:00,0,0.39278287,nurture,🟢 Nurture,🟢 Nurture
13212.0,20,3,786.83,4,3,3,433,0,At Risk,794.7609833945063,2011-11-20 12:40:00,0,0.005969019,nurture,🟢 Nurture,🟢 Nurture
13213.0,57,5,1520.58,3,4,4,344,0,At Risk,507.50379233317517,2011-10-14 11:42:00,0,0.039984934,nurture,🟢 Nurture,🟢 Nurture
13216.0,268,1,333.74,1,1,2,112,1,Hibernating,0.0,2011-03-17 12:18:00,1,0.70767343,let_go,⚪ Let Go,⚪ Let Go
13217.0,122,3,533.98,2,3,3,233,0,At Risk,277.7498799198348,2011-08-09 15:32:00,1,0.2568853,nurture,🟢 Nurture,🟢 Nurture
13218.0,127,1,62.63999999999999,2,1,1,211,0,At Risk,0.0,2011-08-04 16:59:00,1,0.8278831,let_go,⚪ Let Go,⚪ Let Go
13220.0,78,4,819.2900000000001,2,4,3,243,0,At Risk,291.83548691039965,2011-09-22 13:38:00,0,0.13072312,nurture,🟢 Nurture,🟢 Nurture
13221.0,240,2,844.86,1,2,3,123,1,Hibernating,133.43227728374387,2011-04-13 16:58:00,1,0.7861525,let_go,⚪ Let Go,⚪ Let Go
13223.0,200,2,163.20000000000002,1,2,1,121,1,Hibernating,37.23231136535448,2011-05-23 13:03:00,1,0.6558574,let_go,⚪ Let Go,⚪ Let Go
13224.0,60,2,2152.95,3,2,5,325,0,At Risk,766.9706003849903,2011-10-10 14:55:00,0,0.33851847,nurture,🟢 Nurture,🟢 Nurture
13225.0,3,7,6463.84,5,5,5,555,0,At Risk,1294.3492527985418,2011-12-06 13:29:00,0,0.07079126,nurture,🟢 Nurture,🟢 Nurture
13226.0,273,1,108.21000000000001,1,1,1,111,1,Hibernating,0.0,2011-03-11 14:35:00,1,0.7762069,let_go,⚪ Let Go,⚪ Let Go
13227.0,202,1,257.7,1,1,2,112,1,Hibernating,0.0,2011-05-22 11:47:00,1,0.7233779,let_go,⚪ Let Go,⚪ Let Go
13228.0,81,1,358.0,2,1,2,212,0,At Risk,0.0,2011-09-19 14:28:00,0,0.6658681,let_go,⚪ Let Go,⚪ Let Go
13229.0,226,1,160.95,1,1,1,111,1,Hibernating,0.0,2011-04-28 12:07:00,1,0.7986125,let_go,⚪ Let Go,⚪ Let Go
13230.0,4,14,2755.63,5,5,5,555,0,At Risk,619.9618377561679,2011-12-05 16:03:00,0,0.012667895,nurture,🟢 Nurture,🟢 Nurture
13232.0,13,7,1327.75,5,5,4,554,0,At Risk,426.5435655354903,2011-11-27 10:39:00,0,0.036683626,nurture,🟢 Nurture,🟢 Nurture
13233.0,74,2,605.12,2,2,3,223,0,At Risk,123.21814814902815,2011-09-26 13:25:00,0,0.68840057,let_go,⚪ Let Go,⚪ Let Go
13235.0,212,1,1031.07,1,1,4,114,1,Hibernating,0.0,2011-05-11 17:13:00,1,0.61455697,let_go,⚪ Let Go,⚪ Let Go
13236.0,25,2,744.85,4,2,3,423,0,At Risk,332.7107838217767,2011-11-15 12:50:00,0,0.063319914,nurture,🟢 Nurture,🟢 Nurture
13238.0,17,4,700.73,4,4,3,443,0,At Risk,165.57129562502968,2011-11-22 15:37:00,0,0.15765089,nurture,🟢 Nurture,🟢 Nurture
13239.0,262,1,329.56,1,1,2,112,1,Hibernating,0.0,2011-03-23 10:25:00,1,0.7176327,let_go,⚪ Let Go,⚪ Let Go
13240.0,96,4,648.7,2,4,3,243,0,At Risk,114.1820525034629,2011-09-04 14:08:00,1,0.5252304,let_go,⚪ Let Go,⚪ Let Go
13242.0,112,3,270.40000000000003,2,3,2,232,0,At Risk,103.25937550977653,2011-08-19 12:53:00,1,0.3824111,monitor,🔵 Monitor,🔵 Monitor
13243.0,203,1,585.12,1,1,3,113,1,Hibernating,0.0,2011-05-20 13:14:00,1,0.69083667,let_go,⚪ Let Go,⚪ Let Go
13244.0,93,1,121.74000000000001,2,1,1,211,0,At Risk,0.0,2011-09-08 11:46:00,1,0.7842942,let_go,⚪ Let Go,⚪ Let Go
13245.0,51,1,430.5,3,1,2,312,0,At Risk,0.0,2011-10-20 11:40:00,0,0.64429915,let_go,⚪ Let Go,⚪ Let Go
13246.0,18,6,1961.52,4,5,4,454,0,At Risk,444.1762794716092,2011-11-21 16:50:00,0,0.16223314,nurture,🟢 Nurture,🟢 Nurture
13247.0,18,4,501.12,4,4,3,443,0,At Risk,184.6612964557001,2011-11-22 10:59:00,0,0.1210639,nurture,🟢 Nurture,🟢 Nurture
13248.0,125,2,465.68,2,2,2,222,0,At Risk,55.0942273879789,2011-08-07 12:40:00,1,0.8506902,let_go,⚪ Let Go,⚪ Let Go
13249.0,92,3,711.41,2,3,3,233,0,At Risk,166.84315344359038,2011-09-08 13:26:00,1,0.3225397,nurture,🟢 Nurture,🟢 Nurture
13253.0,157,2,1030.4,2,2,4,224,1,Hibernating,223.77742999968476,2011-07-06 10:09:00,1,0.8002897,retain,🔴 Retain Immediately,🔴 Retain Immediately
13255.0,9,2,399.51,5,2,2,522,0,At Risk,65.2560464711093,2011-11-30 13:14:00,0,0.739772,let_go,⚪ Let Go,⚪ Let Go
13258.0,12,3,672.83,5,3,3,533,0,At Risk,232.6508650756888,2011-11-28 09:31:00,0,0.25640243,nurture,🟢 Nurture,🟢 Nurture
13259.0,62,1,283.18,3,1,2,312,0,At Risk,0.0,2011-10-09 10:48:00,0,0.6907499,let_go,⚪ Let Go,⚪ Let Go
13260.0,61,1,557.62,3,1,3,313,0,At Risk,0.0,2011-10-09 13:21:00,0,0.69083667,let_go,⚪ Let Go,⚪ Let Go
13261.0,269,2,944.1,1,2,4,124,1,Hibernating,48.20610542538479,2011-03-16 12:22:00,1,0.8998038,let_go,⚪ Let Go,⚪ Let Go
13262.0,263,1,200.29,1,1,1,111,1,Hibernating,0.0,2011-03-21 15:06:00,1,0.7252728,let_go,⚪ Let Go,⚪ Let Go
13263.0,1,34,7411.71,5,5,5,555,3,Loyal Customers,1827.486818930481,2011-12-08 13:59:00,0,0.0051216776,nurture,🟢 Nurture,🟢 Nurture
13265.0,53,5,2092.66,3,4,5,345,0,At Risk,593.244634474267,2011-10-17 15:02:00,0,0.1887875,nurture,🟢 Nurture,🟢 Nurture
13266.0,11,12,3834.2599999999998,5,5,5,555,0,At Risk,1137.5559143819066,2011-11-28 14:39:00,0,0.08666676,nurture,🟢 Nurture,🟢 Nurture
13267.0,3,19,4521.49,5,5,5,555,3,Loyal Customers,970.0396495235632,2011-12-07 11:12:00,0,0.03946685,nurture,🟢 Nurture,🟢 Nurture
13268.0,18,10,3152.71,4,5,5,455,0,At Risk,786.041683248934,2011-11-22 11:34:00,0,0.04324627,nurture,🟢 Nurture,🟢 Nurture
13269.0,1,15,5343.28,5,5,5,555,3,Loyal Customers,1150.1747141426108,2011-12-08 14:53:00,0,0.047946434,nurture,🟢 Nurture,🟢 Nurture
13270.0,366,1,590.0,1,1,3,113,1,Hibernating,0.0,2010-12-08 14:53:00,1,0.69083667,let_go,⚪ Let Go,⚪ Let Go
13271.0,37,1,211.49,3,1,1,311,0,At Risk,0.0,2011-11-02 14:31:00,0,0.7252728,let_go,⚪ Let Go,⚪ Let Go
13272.0,31,2,276.56,4,2,2,422,0,At Risk,170.7460690753216,2011-11-08 14:00:00,0,0.08877768,nurture,🟢 Nurture,🟢 Nurture
13273.0,113,1,138.98,2,1,1,211,0,At Risk,0.0,2011-08-18 14:02:00,1,0.8024771,let_go,⚪ Let Go,⚪ Let Go
13276.0,64,2,590.9300000000001,3,2,3,323,0,At Risk,517.9978751559823,2011-10-07 12:44:00,0,0.023188379,nurture,🟢 Nurture,🟢 Nurture
13277.0,16,4,258.4,4,4,2,442,0,At Risk,119.1382269357218,2011-11-24 09:21:00,0,0.20227969,monitor,🔵 Monitor,🔵 Monitor
13278.0,41,1,542.73,3,1,3,313,0,At Risk,0.0,2011-10-30 11:49:00,0,0.6685883,let_go,⚪ Let Go,⚪ Let Go
13279.0,78,1,137.75,2,1,1,211,0,At Risk,0.0,2011-09-22 17:24:00,0,0.7907084,let_go,⚪ Let Go,⚪ Let Go
13280.0,122,3,798.46,2,3,3,233,0,At Risk,160.08023552513276,2011-08-09 13:14:00,1,0.35404223,nurture,🟢 Nurture,🟢 Nurture
13282.0,18,3,1132.14,4,3,4,434,0,At Risk,362.46980092901634,2011-11-21 15:33:00,0,0.20754848,nurture,🟢 Nurture,🟢 Nurture
13283.0,60,2,93.66,3,2,1,321,0,At Risk,49.2194987525489,2011-10-11 09:50:00,0,0.7185096,let_go,⚪ Let Go,⚪ Let Go
13284.0,331,1,201.19,1,1,1,111,1,Hibernating,0.0,2011-01-13 09:23:00,1,0.7252728,let_go,⚪ Let Go,⚪ Let Go
13285.0,23,4,2709.12,4,4,5,445,0,At Risk,672.2155291312968,2011-11-16 13:19:00,0,0.2478664,nurture,🟢 Nurture,🟢 Nurture
13291.0,156,1,361.11,2,1,2,212,1,Hibernating,0.0,2011-07-07 10:36:00,1,0.6658681,let_go,⚪ Let Go,⚪ Let Go
13292.0,39,2,578.9399999999999,3,2,3,323,0,At Risk,156.87264692325297,2011-11-01 10:04:00,0,0.62325984,retain,🔴 Retain Immediately,🔴 Retain Immediately
13294.0,190,2,873.74,1,2,3,123,1,Hibernating,208.5224886103693,2011-06-03 08:54:00,1,0.7445772,retain,🔴 Retain Immediately,🔴 Retain Immediately
13295.0,360,1,201.20000000000002,1,1,1,111,1,Hibernating,0.0,2010-12-15 11:21:00,1,0.7252728,let_go,⚪ Let Go,⚪ Let Go
13296.0,137,1,87.4,2,1,1,211,0,At Risk,0.0,2011-07-25 13:46:00,1,0.78954464,let_go,⚪ Let Go,⚪ Let Go
13297.0,8,4,2089.85,5,4,5,545,0,At Risk,903.9026171709413,2011-12-02 09:32:00,0,0.06218736,nurture,🟢 Nurture,🟢 Nurture
13298.0,1,1,360.0,5,1,2,512,0,At Risk,0.0,2011-12-08 13:11:00,0,0.6658681,let_go,⚪ Let Go,⚪ Let Go
13299.0,268,1,142.5,1,1,1,111,1,Hibernating,0.0,2011-03-16 12:55:00,1,0.8024771,let_go,⚪ Let Go,⚪ Let Go
13300.0,169,1,371.89,2,1,2,212,1,Hibernating,0.0,2011-06-23 13:09:00,1,0.6658681,let_go,⚪ Let Go,⚪ Let Go
13301.0,104,4,600.19,2,4,3,243,0,At Risk,140.39515697764207,2011-08-28 11:25:00,1,0.39842835,monitor,🔵 Monitor,🔵 Monitor
13302.0,155,1,63.75,2,1,1,211,1,Hibernating,0.0,2011-07-07 17:56:00,1,0.8278831,let_go,⚪ Let Go,⚪ Let Go
13304.0,351,1,300.42,1,1,2,112,1,Hibernating,0.0,2010-12-23 14:35:00,1,0.74204737,let_go,⚪ Let Go,⚪ Let Go
13305.0,4,10,2000.86,5,5,4,554,0,At Risk,433.64438633207544,2011-12-05 15:15:00,0,0.03812517,nurture,🟢 Nurture,🟢 Nurture
13307.0,120,1,15.0,2,1,1,211,0,At Risk,0.0,2011-08-11 17:14:00,1,0.7589238,let_go,⚪ Let Go,⚪ Let Go
13308.0,23,3,1385.51,4,3,4,434,0,At Risk,282.07880341259204,2011-11-17 09:31:00,0,0.5644364,retain,🔴 Retain Immediately,🔴 Retain Immediately
13309.0,7,5,1456.79,5,4,4,544,0,At Risk,318.3082686627216,2011-12-02 16:34:00,0,0.33855963,nurture,🟢 Nurture,🟢 Nurture
13310.0,28,3,1132.03,4,3,4,434,0,At Risk,235.48513277775803,2011-11-11 17:23:00,0,0.40051743,nurture,🟢 Nurture,🟢 Nurture
13311.0,4,2,598.57,5,2,3,523,0,At Risk,91.56032614143224,2011-12-05 12:55:00,0,0.6977107,let_go,⚪ Let Go,⚪ Let Go
13313.0,22,5,1555.32,4,4,4,444,0,At Risk,341.37966711009136,2011-11-17 16:48:00,0,0.26740476,nurture,🟢 Nurture,🟢 Nurture
13314.0,2,3,775.94,5,3,3,533,0,At Risk,306.76629491721195,2011-12-08 12:29:00,0,0.27609703,nurture,🟢 Nurture,🟢 Nurture
13316.0,37,4,5732.93,3,4,5,345,0,At Risk,1521.5310661454607,2011-11-02 13:40:00,0,0.038514193,nurture,🟢 Nurture,🟢 Nurture
13317.0,66,6,2273.68,3,5,5,355,0,At Risk,553.4141326939297,2011-10-04 13:35:00,0,0.14909816,nurture,🟢 Nurture,🟢 Nurture
13318.0,1,3,640.76,5,3,3,533,0,At Risk,567.4894616723184,2011-12-08 18:51:00,0,0.008765534,nurture,🟢 Nurture,🟢 Nurture
13319.0,5,26,10845.550000000001,5,5,5,555,3,Loyal Customers,2319.243896292721,2011-12-04 13:34:00,0,0.0051216776,nurture,🟢 Nurture,🟢 Nurture
13320.0,78,4,1532.2,2,4,4,244,0,At Risk,484.08164686004613,2011-09-22 18:07:00,0,0.055198055,nurture,🟢 Nurture,🟢 Nurture
13321.0,72,2,567.36,3,2,3,323,0,At Risk,392.1852914462801,2011-09-28 15:24:00,0,0.055391148,nurture,🟢 Nurture,🟢 Nurture
13322.0,17,1,199.48000000000002,4,1,1,411,0,At Risk,0.0,2011-11-22 14:21:00,0,0.7252728,let_go,⚪ Let Go,⚪ Let Go
13323.0,3,5,787.85,5,4,3,543,0,At Risk,583.2305039211767,2011-12-06 17:12:00,0,0.0069918735,nurture,🟢 Nurture,🟢 Nurture
13324.0,36,10,7121.95,3,5,5,355,0,At Risk,1626.7566842375436,2011-11-03 16:28:00,0,0.2767736,nurture,🟢 Nurture,🟢 Nurture
13325.0,82,1,675.3,2,1,3,213,0,At Risk,0.0,2011-09-19 10:36:00,0,0.62328583,let_go,⚪ Let Go,⚪ Let Go
13327.0,39,8,3627.77,3,5,5,355,0,At Risk,703.0267266429659,2011-11-01 10:21:00,0,0.14743274,nurture,🟢 Nurture,🟢 Nurture
13328.0,316,1,1308.48,1,1,4,114,1,Hibernating,0.0,2011-01-27 15:22:00,1,0.7490782,let_go,⚪ Let Go,⚪ Let Go
13329.0,32,2,789.0,4,2,3,423,0,At Risk,182.75997678462247,2011-11-08 10:29:00,0,0.60022235,retain,🔴 Retain Immediately,🔴 Retain Immediately
13330.0,93,3,1140.93,2,3,4,234,0,At Risk,269.30525717660237,2011-09-08 12:27:00,1,0.33862817,nurture,🟢 Nurture,🟢 Nurture
13332.0,14,1,350.9,5,1,2,512,0,At Risk,0.0,2011-11-25 13:30:00,0,0.6658681,let_go,⚪ Let Go,⚪ Let Go
13334.0,82,3,3502.32,2,3,5,235,0,At Risk,640.7003251204648,2011-09-18 15:21:00,0,0.50236726,retain,🔴 Retain Immediately,🔴 Retain Immediately
13336.0,77,1,795.12,2,1,3,213,0,At Risk,0.0,2011-09-23 14:05:00,0,0.5714547,let_go,⚪ Let Go,⚪ Let Go
13338.0,158,1,437.02,2,1,2,212,1,Hibernating,0.0,2011-07-05 09:06:00,1,0.64429915,let_go,⚪ Let Go,⚪ Let Go
13339.0,201,1,860.12,1,1,3,113,1,Hibernating,0.0,2011-05-23 08:31:00,1,0.6219095,let_go,⚪ Let Go,⚪ Let Go
13340.0,45,7,10736.48,3,5,5,355,0,At Risk,2319.2356944245557,2011-10-25 13:15:00,0,0.03424294,nurture,🟢 Nurture,🟢 Nurture
13341.0,261,1,775.85,1,1,3,113,1,Hibernating,0.0,2011-03-24 09:50:00,1,0.5714547,let_go,⚪ Let Go,⚪ Let Go
13343.0,178,1,303.43,2,1,2,212,1,Hibernating,0.0,2011-06-15 12:24:00,1,0.74204737,let_go,⚪ Let Go,⚪ Let Go
13344.0,68,3,2511.69,3,3,5,335,0,At Risk,413.8706976408149,2011-10-03 09:45:00,0,0.5263118,retain,🔴 Retain Immediately,🔴 Retain Immediately
13345.0,288,1,339.5,1,1,2,112,1,Hibernating,0.0,2011-02-25 09:01:00,1,0.70767343,let_go,⚪ Let Go,⚪ Let Go
13347.0,70,1,291.36,3,1,2,312,0,At Risk,0.0,2011-09-30 13:28:00,0,0.74204737,let_go,⚪ Let Go,⚪ Let Go
13348.0,64,1,233.76,3,1,1,311,0,At Risk,0.0,2011-10-06 17:28:00,0,0.7233779,let_go,⚪ Let Go,⚪ Let Go
13349.0,11,1,197.32,5,1,1,511,0,At Risk,0.0,2011-11-29 08:07:00,0,0.7252728,let_go,⚪ Let Go,⚪ Let Go
13350.0,16,2,879.12,4,2,3,423,0,At Risk,382.34684283201136,2011-11-23 16:33:00,0,0.08571511,nurture,🟢 Nurture,🟢 Nurture
13351.0,66,1,323.94,3,1,2,312,0,At Risk,0.0,2011-10-04 12:55:00,0,0.67603123,let_go,⚪ Let Go,⚪ Let Go
13352.0,60,1,347.97999999999996,3,1,2,312,0,At Risk,0.0,2011-10-10 13:55:00,0,0.70767343,let_go,⚪ Let Go,⚪ Let Go
13354.0,71,1,743.53,3,1,3,313,0,At Risk,0.0,2011-09-29 13:17:00,0,0.6470802,let_go,⚪ Let Go,⚪ Let Go
13355.0,122,1,674.7,2,1,3,213,0,At Risk,0.0,2011-08-09 14:48:00,1,0.62328583,let_go,⚪ Let Go,⚪ Let Go
13356.0,80,1,768.24,2,1,3,213,0,At Risk,0.0,2011-09-20 14:33:00,0,0.5714547,let_go,⚪ Let Go,⚪ Let Go
13357.0,257,1,609.4,1,1,3,113,1,Hibernating,0.0,2011-03-27 13:56:00,1,0.69083667,let_go,⚪ Let Go,⚪ Let Go
13358.0,269,1,389.03,1,1,2,112,1,Hibernating,0.0,2011-03-16 11:52:00,1,0.6658681,let_go,⚪ Let Go,⚪ Let Go
13359.0,64,1,389.56,3,1,2,312,0,At Risk,0.0,2011-10-07 09:30:00,0,0.6658681,let_go,⚪ Let Go,⚪ Let Go
13362.0,9,4,3090.7400000000002,5,4,5,545,0,At Risk,756.7312263525359,2011-11-30 14:41:00,0,0.51056767,retain,🔴 Retain Immediately,🔴 Retain Immediately
13363.0,18,2,892.5,4,2,3,423,0,At Risk,674.9483028667431,2011-11-22 12:40:00,0,0.01419274,nurture,🟢 Nurture,🟢 Nurture
13364.0,71,1,134.95999999999998,3,1,1,311,0,At Risk,0.0,2011-09-29 18:13:00,0,0.79418945,let_go,⚪ Let Go,⚪ Let Go
13365.0,34,2,2225.37,3,2,5,325,0,At Risk,913.17359712742,2011-11-06 12:36:00,0,0.119902894,nurture,🟢 Nurture,🟢 Nurture
13366.0,50,1,56.160000000000004,3,1,1,311,0,At Risk,0.0,2011-10-20 13:37:00,0,0.8278831,let_go,⚪ Let Go,⚪ Let Go
13368.0,257,2,573.4,1,2,3,123,1,Hibernating,218.56433832065613,2011-03-28 09:59:00,1,0.54404116,retain,🔴 Retain Immediately,🔴 Retain Immediately
13369.0,366,1,258.28000000000003,1,1,2,112,1,Hibernating,0.0,2010-12-09 11:30:00,1,0.7233779,let_go,⚪ Let Go,⚪ Let Go
13370.0,372,1,754.87,1,1,3,113,1,Hibernating,0.0,2010-12-03 10:26:00,1,0.5714547,let_go,⚪ Let Go,⚪ Let Go
13372.0,90,1,328.64,2,1,2,212,0,At Risk,0.0,2011-09-11 12:46:00,0,0.7176327,let_go,⚪ Let Go,⚪ Let Go
13373.0,61,3,3312.25,3,3,5,335,0,At Risk,873.2053205287564,2011-10-10 10:51:00,0,0.2913902,nurture,🟢 Nurture,🟢 Nurture
13375.0,89,1,778.65,2,1,3,213,0,At Risk,0.0,2011-09-12 10:19:00,0,0.5714547,let_go,⚪ Let Go,⚪ Let Go
13376.0,99,3,869.76,2,3,3,233,0,At Risk,237.65107727936226,2011-09-01 16:16:00,1,0.37298346,nurture,🟢 Nurture,🟢 Nurture
13379.0,26,3,572.56,4,3,3,433,0,At Risk,301.96298456694075,2011-11-13 13:45:00,0,0.22503586,nurture,🟢 Nurture,🟢 Nurture
13381.0,32,6,3639.31,4,5,5,455,0,At Risk,962.6423072345386,2011-11-08 11:58:00,0,0.14730202,nurture,🟢 Nurture,🟢 Nurture
13382.0,281,1,222.99,1,1,1,111,1,Hibernating,0.0,2011-03-04 10:03:00,1,0.7233779,let_go,⚪ Let Go,⚪ Let Go
13384.0,31,7,4151.93,4,5,5,455,0,At Risk,1396.818652790476,2011-11-09 11:04:00,0,0.049960457,nurture,🟢 Nurture,🟢 Nurture
13385.0,330,1,534.57,1,1,3,113,1,Hibernating,0.0,2011-01-14 09:52:00,1,0.6685883,let_go,⚪ Let Go,⚪ Let Go
13388.0,131,2,677.1,2,2,3,223,0,At Risk,0.0,2011-07-31 12:52:00,1,0.62328583,let_go,⚪ Let Go,⚪ Let Go
13389.0,11,3,797.96,5,3,3,533,0,At Risk,237.8329722099665,2011-11-28 14:01:00,0,0.27758482,nurture,🟢 Nurture,🟢 Nurture
13390.0,75,1,544.08,2,1,3,213,0,At Risk,0.0,2011-09-26 08:38:00,0,0.6685883,let_go,⚪ Let Go,⚪ Let Go
13391.0,204,1,59.8,1,1,1,111,1,Hibernating,0.0,2011-05-20 10:50:00,1,0.8278831,let_go,⚪ Let Go,⚪ Let Go
13394.0,2,8,2520.02,5,5,5,555,0,At Risk,618.3042421810853,2011-12-08 11:36:00,0,0.039108288,nurture,🟢 Nurture,🟢 Nurture
13395.0,185,1,307.72,1,1,2,112,1,Hibernating,0.0,2011-06-07 15:04:00,1,0.74204737,let_go,⚪ Let Go,⚪ Let Go
13396.0,29,2,1360.99,4,2,4,424,0,At Risk,414.5672724468282,2011-11-10 16:59:00,0,0.5456152,retain,🔴 Retain Immediately,🔴 Retain Immediately
13397.0,73,5,1544.13,2,4,4,244,0,At Risk,340.3405402530997,2011-09-28 10:56:00,0,0.15451981,nurture,🟢 Nurture,🟢 Nurture
13398.0,192,1,457.34,1,1,2,112,1,Hibernating,0.0,2011-05-31 13:17:00,1,0.6685883,let_go,⚪ Let Go,⚪ Let Go
13402.0,127,2,621.23,2,2,3,223,0,At Risk,116.705158846756,2011-08-04 15:51:00,1,0.68840057,let_go,⚪ Let Go,⚪ Let Go
13403.0,18,1,75.0,4,1,1,411,0,At Risk,0.0,2011-11-22 08:28:00,0,0.76284915,let_go,⚪ Let Go,⚪ Let Go
13404.0,1,2,252.49,5,2,2,522,0,At Risk,23.375975695386018,2011-12-08 15:37:00,0,0.71848863,let_go,⚪ Let Go,⚪ Let Go
13405.0,204,2,557.45,1,2,3,123,1,Hibernating,171.08791651148843,2011-05-19 16:31:00,1,0.51217973,retain,🔴 Retain Immediately,🔴 Retain Immediately
13408.0,2,62,28117.04,5,5,5,555,3,Loyal Customers,5977.610004646324,2011-12-08 09:05:00,0,0.010384795,nurture,🟢 Nurture,🟢 Nurture
13410.0,24,5,1003.06,4,4,4,444,0,At Risk,236.9190314340126,2011-11-15 15:33:00,0,0.18754783,nurture,🟢 Nurture,🟢 Nurture
13411.0,107,1,213.55,2,1,1,211,0,At Risk,0.0,2011-08-24 13:57:00,1,0.7233779,let_go,⚪ Let Go,⚪ Let Go
13414.0,134,3,1390.5,2,3,4,234,0,At Risk,353.69647661292106,2011-07-29 11:45:00,1,0.23844385,nurture,🟢 Nurture,🟢 Nurture
13416.0,44,2,712.5,3,2,3,323,0,At Risk,578.9716706207985,2011-10-27 08:56:00,0,0.009767799,nurture,🟢 Nurture,🟢 Nurture
13417.0,5,2,640.83,5,2,3,523,0,At Risk,256.380040416807,2011-12-05 08:49:00,0,0.4879999,nurture,🟢 Nurture,🟢 Nurture
13418.0,12,18,6127.43,5,5,5,555,3,Loyal Customers,1258.7350801996618,2011-11-28 10:23:00,0,0.022378448,nurture,🟢 Nurture,🟢 Nurture
13419.0,64,1,221.06,3,1,1,311,0,At Risk,0.0,2011-10-07 12:49:00,0,0.7233779,let_go,⚪ Let Go,⚪ Let Go
13420.0,150,2,159.85,2,2,1,221,1,Hibernating,79.2783909564018,2011-07-13 08:48:00,1,0.46635717,monitor,🔵 Monitor,🔵 Monitor
13421.0,40,2,1823.21,3,2,4,324,0,At Risk,467.98512266516786,2011-10-30 14:21:00,0,0.55222034,retain,🔴 Retain Immediately,🔴 Retain Immediately
13422.0,64,1,2626.3,3,1,5,315,0,At Risk,0.0,2011-10-06 13:42:00,0,0.7075391,let_go,⚪ Let Go,⚪ Let Go
13425.0,108,3,1624.21,2,3,4,234,0,At Risk,434.58557874192695,2011-08-23 17:13:00,1,0.48758283,nurture,🟢 Nurture,🟢 Nurture
13426.0,1,10,3641.32,5,5,5,555,0,At Risk,793.2845361989256,2011-12-09 08:59:00,0,0.059844013,nurture,🟢 Nurture,🟢 Nurture
13427.0,19,3,582.6,4,3,3,433,0,At Risk,173.7741733087226,2011-11-20 13:02:00,0,0.25921944,nurture,🟢 Nurture,🟢 Nurture
13428.0,10,1,201.78,5,1,1,511,0,At Risk,0.0,2011-11-29 14:20:00,0,0.7252728,let_go,⚪ Let Go,⚪ Let Go
13429.0,11,4,1006.8,5,4,4,544,0,At Risk,669.5007689480966,2011-11-29 09:10:00,0,0.026951903,nurture,🟢 Nurture,🟢 Nurture
13430.0,19,2,679.45,4,2,3,423,0,At Risk,435.9566821605899,2011-11-21 08:19:00,0,0.049418636,nurture,🟢 Nurture,🟢 Nurture
13431.0,67,2,1269.1,3,2,4,324,0,At Risk,518.0854979187749,2011-10-03 13:49:00,0,0.20540465,nurture,🟢 Nurture,🟢 Nurture
13434.0,74,2,534.24,2,2,3,223,0,At Risk,539.1776786998416,2011-09-26 14:30:00,0,0.013879277,nurture,🟢 Nurture,🟢 Nurture
13435.0,5,7,3809.8900000000003,5,5,5,555,0,At Risk,1472.4743498722528,2011-12-04 14:45:00,0,0.051231124,nurture,🟢 Nurture,🟢 Nurture
13436.0,2,1,196.89,5,1,1,511,0,At Risk,0.0,2011-12-08 10:33:00,0,0.7252728,let_go,⚪ Let Go,⚪ Let Go
13437.0,14,7,3408.06,5,5,5,555,0,At Risk,857.2983391207157,2011-11-25 14:00:00,0,0.059670918,nurture,🟢 Nurture,🟢 Nurture
13439.0,255,1,283.71,1,1,2,112,1,Hibernating,0.0,2011-03-29 14:20:00,1,0.6907499,let_go,⚪ Let Go,⚪ Let Go
13441.0,92,1,296.64,2,1,2,212,0,At Risk,0.0,2011-09-09 09:38:00,1,0.74204737,let_go,⚪ Let Go,⚪ Let Go
13447.0,23,3,1129.14,4,3,4,434,0,At Risk,1555.519846970009,2011-11-16 13:38:00,0,0.005809953,nurture,🟢 Nurture,🟢 Nurture
13448.0,17,6,3534.69,4,5,5,455,0,At Risk,773.2182254870272,2011-11-23 12:33:00,0,0.09986176,nurture,🟢 Nurture,🟢 Nurture
13449.0,24,1,291.88,4,1,2,412,0,At Risk,0.0,2011-11-16 08:28:00,0,0.74204737,let_go,⚪ Let Go,⚪ Let Go
13450.0,27,6,2043.7199999999998,4,5,5,455,0,At Risk,711.0318888096688,2011-11-13 11:54:00,0,0.04738056,nurture,🟢 Nurture,🟢 Nurture
13451.0,26,5,2898.2599999999998,4,4,5,445,0,At Risk,702.9534658348317,2011-11-13 15:58:00,0,0.27437156,nurture,🟢 Nurture,🟢 Nurture
13452.0,259,2,590.0,1,2,3,123,1,Hibernating,147.19048744478818,2011-03-25 14:19:00,1,0.63990307,let_go,⚪ Let Go,⚪ Let Go
13453.0,166,2,356.97999999999996,2,2,2,222,1,Hibernating,81.44901581200664,2011-06-27 09:34:00,1,0.66440064,let_go,⚪ Let Go,⚪ Let Go
13455.0,25,2,1058.34,4,2,4,424,0,At Risk,138.08601071084422,2011-11-15 11:21:00,0,0.72798663,let_go,⚪ Let Go,⚪ Let Go
13456.0,18,6,1766.72,4,5,4,454,0,At Risk,643.2131867869882,2011-11-22 09:18:00,0,0.05340902,nurture,🟢 Nurture,🟢 Nurture
13458.0,7,14,9646.57,5,5,5,555,3,Loyal Customers,1991.4510246611826,2011-12-02 15:29:00,0,0.0050126836,nurture,🟢 Nurture,🟢 Nurture
13460.0,29,2,183.44,4,2,1,421,0,At Risk,145.48154405567223,2011-11-10 17:17:00,0,0.24498959,monitor,🔵 Monitor,🔵 Monitor
13461.0,39,3,1445.0,3,3,4,334,0,At Risk,516.0874281876203,2011-11-01 09:01:00,0,0.13782442,nurture,🟢 Nurture,🟢 Nurture
13462.0,253,1,151.5,1,1,1,111,1,Hibernating,0.0,2011-04-01 11:20:00,1,0.7604684,let_go,⚪ Let Go,⚪ Let Go
13464.0,58,1,674.68,3,1,3,313,0,At Risk,0.0,2011-10-12 15:01:00,0,0.62328583,let_go,⚪ Let Go,⚪ Let Go
13466.0,184,1,307.9,1,1,2,112,1,Hibernating,0.0,2011-06-08 16:39:00,1,0.74204737,let_go,⚪ Let Go,⚪ Let Go
13467.0,11,2,1071.91,5,2,4,524,0,At Risk,662.445840176309,2011-11-29 10:01:00,0,0.09930958,nurture,🟢 Nurture,🟢 Nurture
13468.0,2,37,5704.97,5,5,5,555,3,Loyal Customers,1182.3299148536425,2011-12-08 10:39:00,0,0.030405814,nurture,🟢 Nurture,🟢 Nurture
13470.0,99,2,165.0,2,2,1,221,0,At Risk,53.70341131513425,2011-09-01 14:57:00,1,0.74266595,let_go,⚪ Let Go,⚪ Let Go
13471.0,1,4,2501.84,5,4,5,545,0,At Risk,2081.3333158045925,2011-12-08 15:44:00,0,0.006276799,nurture,🟢 Nurture,🟢 Nurture
13473.0,61,2,422.64,3,2,2,322,0,At Risk,75.68954328804087,2011-10-10 11:20:00,0,0.68981206,let_go,⚪ Let Go,⚪ Let Go
13474.0,236,1,226.84,1,1,1,111,1,Hibernating,0.0,2011-04-17 13:53:00,1,0.7233779,let_go,⚪ Let Go,⚪ Let Go
13475.0,191,4,1431.78,1,4,4,144,1,Hibernating,358.5552066214721,2011-06-01 13:52:00,1,0.12665436,nurture,🟢 Nurture,🟢 Nurture
13476.0,179,2,1238.47,2,2,4,224,1,Hibernating,244.685209057689,2011-06-14 12:00:00,1,0.7546315,retain,🔴 Retain Immediately,🔴 Retain Immediately
13477.0,38,6,1454.58,3,5,4,354,0,At Risk,387.9286497155341,2011-11-02 12:04:00,0,0.10244039,nurture,🟢 Nurture,🟢 Nurture
13479.0,201,2,300.95,1,2,2,122,1,Hibernating,89.64553328006897,2011-05-23 10:45:00,1,0.5049971,let_go,⚪ Let Go,⚪ Let Go
13481.0,46,5,1804.56,3,4,4,344,0,At Risk,419.768051125391,2011-10-25 09:07:00,0,0.12661107,nurture,🟢 Nurture,🟢 Nurture
13482.0,232,1,184.64,1,1,1,111,1,Hibernating,0.0,2011-04-21 17:03:00,1,0.7252728,let_go,⚪ Let Go,⚪ Let Go
13483.0,66,1,140.34,3,1,1,311,0,At Risk,0.0,2011-10-05 11:53:00,0,0.8024771,let_go,⚪ Let Go,⚪ Let Go
13484.0,241,1,313.8,1,1,2,112,1,Hibernating,0.0,2011-04-12 16:30:00,1,0.74204737,let_go,⚪ Let Go,⚪ Let Go
13485.0,233,1,454.24,1,1,2,112,1,Hibernating,0.0,2011-04-20 13:58:00,1,0.64429915,let_go,⚪ Let Go,⚪ Let Go
13486.0,78,3,1122.41,2,3,4,234,0,At Risk,569.9513004491342,2011-09-22 13:13:00,0,0.044425033,nurture,🟢 Nurture,🟢 Nurture
13487.0,58,3,575.4,3,3,3,333,0,At Risk,115.83947887769497,2011-10-13 12:07:00,0,0.5657699,let_go,⚪ Let Go,⚪ Let Go
13488.0,17,13,8968.31,4,5,5,455,3,Loyal Customers,1763.7443686367264,2011-11-22 14:41:00,0,0.0050126836,nurture,🟢 Nurture,🟢 Nurture
13489.0,105,4,449.52,2,4,2,242,0,At Risk,121.99715321715323,2011-08-26 13:16:00,1,0.53901434,let_go,⚪ Let Go,⚪ Let Go
13491.0,52,10,1215.82,3,5,4,354,0,At Risk,260.0912040982674,2011-10-19 08:32:00,0,0.044033874,nurture,🟢 Nurture,🟢 Nurture
13492.0,136,3,1269.84,2,3,4,234,0,At Risk,449.71190359348634,2011-07-26 14:25:00,1,0.2696776,nurture,🟢 Nurture,🟢 Nurture
13493.0,275,2,498.63,1,2,3,123,1,Hibernating,169.35706164260597,2011-03-09 15:35:00,1,0.31365153,nurture,🟢 Nurture,🟢 Nurture
13494.0,312,1,316.26000000000005,1,1,2,112,1,Hibernating,0.0,2011-02-01 11:58:00,1,0.74204737,let_go,⚪ Let Go,⚪ Let Go
13495.0,8,5,2044.8700000000001,5,4,5,545,0,At Risk,389.00154544249176,2011-12-02 11:21:00,0,0.15178652,nurture,🟢 Nurture,🟢 Nurture
13496.0,11,2,653.33,5,2,3,523,0,At Risk,59.40439937223404,2011-11-29 10:58:00,0,0.7623405,let_go,⚪ Let Go,⚪ Let Go
13497.0,283,2,348.05,1,2,2,122,1,Hibernating,73.79162714081474,2011-03-02 09:04:00,1,0.7088968,let_go,⚪ Let Go,⚪ Let Go
13499.0,18,5,1159.11,4,4,4,444,0,At Risk,337.5524225608161,2011-11-22 11:21:00,0,0.12568042,nurture,🟢 Nurture,🟢 Nurture
13500.0,23,3,1166.77,4,3,4,434,0,At Risk,631.7747659903347,2011-11-16 15:35:00,0,0.038187206,nurture,🟢 Nurture,🟢 Nurture
13501.0,288,1,1340.32,1,1,4,114,1,Hibernating,0.0,2011-02-24 18:59:00,1,0.7733586,let_go,⚪ Let Go,⚪ Let Go
13502.0,17,3,292.0,4,3,2,432,0,At Risk,58.93399247048423,2011-11-23 10:39:00,0,0.6445658,let_go,⚪ Let Go,⚪ Let Go
13503.0,71,1,216.85,3,1,1,311,0,At Risk,0.0,2011-09-29 13:23:00,0,0.7233779,let_go,⚪ Let Go,⚪ Let Go
13504.0,64,1,295.93,3,1,2,312,0,At Risk,0.0,2011-10-06 13:20:00,0,0.74204737,let_go,⚪ Let Go,⚪ Let Go
13505.0,73,4,3633.63,2,4,5,245,0,At Risk,1116.6444626239972,2011-09-28 11:56:00,0,0.13642131,nurture,🟢 Nurture,🟢 Nurture
13506.0,316,2,458.52,1,2,2,122,1,Hibernating,59.81191266924528,2011-01-27 13:53:00,1,0.7720227,let_go,⚪ Let Go,⚪ Let Go
13507.0,3,4,2479.16,5,4,5,545,0,At Risk,740.2243611078231,2011-12-06 13:13:00,0,0.11525118,nurture,🟢 Nurture,🟢 Nurture
13508.0,244,1,110.97,1,1,1,111,1,Hibernating,0.0,2011-04-10 11:58:00,1,0.7762069,let_go,⚪ Let Go,⚪ Let Go
13509.0,9,6,964.72,5,5,4,554,0,At Risk,236.45615001124253,2011-12-01 10:10:00,0,0.18605162,nurture,🟢 Nurture,🟢 Nurture
13510.0,1,4,1791.56,5,4,4,544,0,At Risk,594.7781079687617,2011-12-08 13:46:00,0,0.08493424,nurture,🟢 Nurture,🟢 Nurture
13512.0,261,1,251.21,1,1,2,112,1,Hibernating,0.0,2011-03-24 10:03:00,1,0.7233779,let_go,⚪ Let Go,⚪ Let Go
13513.0,127,1,205.1,2,1,1,211,0,At Risk,0.0,2011-08-05 11:50:00,1,0.7252728,let_go,⚪ Let Go,⚪ Let Go
13514.0,74,1,152.20000000000002,2,1,1,211,0,At Risk,0.0,2011-09-27 09:39:00,0,0.7986125,let_go,⚪ Let Go,⚪ Let Go
13515.0,73,4,891.12,2,4,3,243,0,At Risk,262.0956379654566,2011-09-28 11:26:00,0,0.12562913,nurture,🟢 Nurture,🟢 Nurture
13516.0,21,3,1389.41,4,3,4,434,0,At Risk,533.3873108336701,2011-11-18 13:15:00,0,0.054245707,nurture,🟢 Nurture,🟢 Nurture
13517.0,60,3,2128.42,3,3,5,335,0,At Risk,563.4683678577359,2011-10-11 11:43:00,0,0.4919334,nurture,🟢 Nurture,🟢 Nurture
13518.0,86,1,627.16,2,1,3,213,0,At Risk,0.0,2011-09-15 10:29:00,0,0.62328583,let_go,⚪ Let Go,⚪ Let Go
13519.0,78,1,122.75,2,1,1,211,0,At Risk,0.0,2011-09-22 18:24:00,0,0.7842942,let_go,⚪ Let Go,⚪ Let Go
13520.0,59,6,2984.35,3,5,5,355,0,At Risk,675.5904195473162,2011-10-12 10:20:00,0,0.46691,nurture,🟢 Nurture,🟢 Nurture
13521.0,1,3,1070.47,5,3,4,534,0,At Risk,2162.054521309989,2011-12-08 13:50:00,0,0.0021931527,nurture,🟢 Nurture,🟢 Nurture
13522.0,30,1,125.80000000000001,4,1,1,411,0,At Risk,0.0,2011-11-09 15:11:00,0,0.7570939,let_go,⚪ Let Go,⚪ Let Go
13523.0,33,5,3964.88,4,4,5,445,0,At Risk,904.5846403947335,2011-11-06 15:11:00,0,0.12617402,nurture,🟢 Nurture,🟢 Nurture
13524.0,41,5,680.1800000000001,3,4,3,343,0,At Risk,211.32030536381632,2011-10-30 12:34:00,0,0.25479665,nurture,🟢 Nurture,🟢 Nurture
13525.0,15,2,628.78,4,2,3,423,0,At Risk,185.78003752789158,2011-11-25 12:01:00,0,0.5317348,retain,🔴 Retain Immediately,🔴 Retain Immediately
13527.0,34,7,2242.36,3,5,5,355,0,At Risk,587.3500038819608,2011-11-06 12:04:00,0,0.06928033,nurture,🟢 Nurture,🟢 Nurture
13529.0,79,2,307.76,2,2,2,222,0,At Risk,82.13910933271758,2011-09-22 09:15:00,0,0.6086546,let_go,⚪ Let Go,⚪ Let Go
13531.0,205,2,483.8,1,2,3,123,1,Hibernating,68.10053856886223,2011-05-18 16:56:00,1,0.7720227,let_go,⚪ Let Go,⚪ Let Go
13532.0,34,1,210.31,3,1,1,311,0,At Risk,0.0,2011-11-06 12:25:00,0,0.7252728,let_go,⚪ Let Go,⚪ Let Go
13533.0,183,3,269.09,1,3,2,132,1,Hibernating,63.620637459792725,2011-06-10 11:54:00,1,0.5689326,let_go,⚪ Let Go,⚪ Let Go
13534.0,2,25,5870.08,5,5,5,555,3,Loyal Customers,1305.3524368867204,2011-12-07 14:52:00,0,0.025509764,nurture,🟢 Nurture,🟢 Nurture
13536.0,1,7,3444.39,5,5,5,555,0,At Risk,2692.6045908638903,2011-12-08 16:38:00,0,0.015187259,nurture,🟢 Nurture,🟢 Nurture
13538.0,43,7,1280.85,3,5,4,354,0,At Risk,311.38553450461654,2011-10-27 16:34:00,0,0.07893062,nurture,🟢 Nurture,🟢 Nurture
13539.0,86,3,631.34,2,3,3,233,0,At Risk,159.55485186193442,2011-09-15 10:18:00,0,0.3920976,nurture,🟢 Nurture,🟢 Nurture
13544.0,40,2,276.06,3,2,2,322,0,At Risk,91.20133783957215,2011-10-31 11:57:00,0,0.3124324,monitor,🔵 Monitor,🔵 Monitor
13546.0,12,3,621.09,5,3,3,533,0,At Risk,220.17111974422363,2011-11-27 14:50:00,0,0.32482255,nurture,🟢 Nurture,🟢 Nurture
13548.0,96,2,678.16,2,2,3,223,0,At Risk,216.8814632930812,2011-09-04 14:50:00,1,0.5843961,retain,🔴 Retain Immediately,🔴 Retain Immediately
13549.0,26,7,918.2,4,5,3,453,0,At Risk,260.37476043435856,2011-11-14 09:20:00,0,0.03568993,nurture,🟢 Nurture,🟢 Nurture
13551.0,319,1,91.80000000000001,1,1,1,111,1,Hibernating,0.0,2011-01-24 14:46:00,1,0.7490496,let_go,⚪ Let Go,⚪ Let Go
13552.0,66,12,3740.07,3,5,5,355,0,At Risk,943.1108512278147,2011-10-04 15:19:00,0,0.08039532,nurture,🟢 Nurture,🟢 Nurture
13555.0,74,4,4098.88,2,4,5,245,0,At Risk,1603.8992892061942,2011-09-27 12:36:00,0,0.055022355,nurture,🟢 Nurture,🟢 Nurture
13557.0,28,2,584.06,4,2,3,423,0,At Risk,165.5633716234772,2011-11-11 15:24:00,0,0.51217973,retain,🔴 Retain Immediately,🔴 Retain Immediately
13558.0,6,4,594.52,5,4,3,543,0,At Risk,427.071735320834,2011-12-04 11:24:00,0,0.049358226,nurture,🟢 Nurture,🟢 Nurture
13560.0,7,1,171.42000000000002,5,1,1,511,0,At Risk,0.0,2011-12-02 13:11:00,0,0.7252728,let_go,⚪ Let Go,⚪ Let Go
13561.0,216,1,141.85999999999999,1,1,1,111,1,Hibernating,0.0,2011-05-08 12:39:00,1,0.8024771,let_go,⚪ Let Go,⚪ Let Go
13562.0,82,3,1799.33,2,3,4,234,0,At Risk,500.19843523037605,2011-09-19 10:51:00,0,0.20693576,nurture,🟢 Nurture,🟢 Nurture
13563.0,84,2,777.53,2,2,3,223,0,At Risk,406.3072271460924,2011-09-16 14:45:00,0,0.046653762,nurture,🟢 Nurture,🟢 Nurture
13564.0,354,2,1174.03,1,2,4,124,1,Hibernating,238.874450562265,2010-12-20 16:50:00,1,0.7546315,retain,🔴 Retain Immediately,🔴 Retain Immediately
13565.0,19,2,240.22,4,2,1,421,0,At Risk,54.39114039932757,2011-11-20 14:33:00,0,0.7408482,let_go,⚪ Let Go,⚪ Let Go
13566.0,41,2,856.84,3,2,3,323,0,At Risk,381.4230629563018,2011-10-30 11:59:00,0,0.07287632,nurture,🟢 Nurture,🟢 Nurture
13568.0,173,1,187.05,2,1,1,211,1,Hibernating,0.0,2011-06-19 14:42:00,1,0.7252728,let_go,⚪ Let Go,⚪ Let Go
13569.0,17,2,337.12,4,2,2,422,0,At Risk,86.19914324449901,2011-11-22 13:07:00,0,0.6212493,let_go,⚪ Let Go,⚪ Let Go
13570.0,243,1,239.49,1,1,1,111,1,Hibernating,0.0,2011-04-10 13:36:00,1,0.7233779,let_go,⚪ Let Go,⚪ Let Go
13571.0,13,12,2088.94,5,5,5,555,0,At Risk,633.102996758663,2011-11-27 10:47:00,0,0.037221808,nurture,🟢 Nurture,🟢 Nurture
13572.0,206,1,1384.25,1,1,4,114,1,Hibernating,0.0,2011-05-18 11:59:00,1,0.7733586,let_go,⚪ Let Go,⚪ Let Go
13573.0,50,2,290.25,3,2,2,322,0,At Risk,136.88077328135282,2011-10-20 14:33:00,0,0.24515209,monitor,🔵 Monitor,🔵 Monitor
13575.0,23,5,732.0699999999999,4,4,3,443,0,At Risk,314.39916108193637,2011-11-16 13:14:00,0,0.10790276,nurture,🟢 Nurture,🟢 Nurture
13576.0,10,18,6717.34,5,5,5,555,3,Loyal Customers,1432.768743730338,2011-11-29 15:34:00,0,0.029537348,nurture,🟢 Nurture,🟢 Nurture
13577.0,25,4,1687.6000000000001,4,4,4,444,0,At Risk,516.9914587425294,2011-11-14 15:19:00,0,0.09993956,nurture,🟢 Nurture,🟢 Nurture
13579.0,15,2,467.04,4,2,2,422,0,At Risk,113.63671982293673,2011-11-25 08:41:00,0,0.6592904,let_go,⚪ Let Go,⚪ Let Go
13581.0,309,1,118.0,1,1,1,111,1,Hibernating,0.0,2011-02-03 14:41:00,1,0.7762069,let_go,⚪ Let Go,⚪ Let Go
13583.0,156,1,781.03,2,1,3,213,1,Hibernating,0.0,2011-07-07 10:40:00,1,0.5714547,let_go,⚪ Let Go,⚪ Let Go
13584.0,307,1,142.4,1,1,1,111,1,Hibernating,0.0,2011-02-06 12:49:00,1,0.8024771,let_go,⚪ Let Go,⚪ Let Go
13587.0,64,1,712.4,3,1,3,313,0,At Risk,0.0,2011-10-07 12:31:00,0,0.6470802,let_go,⚪ Let Go,⚪ Let Go
13588.0,16,9,2478.95,4,5,5,455,0,At Risk,779.5936527357397,2011-11-24 10:42:00,0,0.024333417,nurture,🟢 Nurture,🟢 Nurture
13589.0,15,2,379.65,4,2,2,422,0,At Risk,166.5347942062332,2011-11-25 12:10:00,0,0.12587778,nurture,🟢 Nurture,🟢 Nurture
13590.0,11,6,1981.92,5,5,4,554,0,At Risk,492.69232635878745,2011-11-28 12:54:00,0,0.07393758,nurture,🟢 Nurture,🟢 Nurture
13591.0,65,3,1117.13,3,3,4,334,0,At Risk,255.27830011296743,2011-10-06 12:26:00,0,0.31914368,nurture,🟢 Nurture,🟢 Nurture
13592.0,36,4,247.95999999999998,3,4,2,342,0,At Risk,62.50398037529257,2011-11-04 09:49:00,0,0.5398293,let_go,⚪ Let Go,⚪ Let Go
13593.0,108,5,2011.88,2,4,4,244,0,At Risk,400.2515147268879,2011-08-23 13:35:00,1,0.15178652,nurture,🟢 Nurture,🟢 Nurture
13594.0,53,1,396.97,3,1,2,312,0,At Risk,0.0,2011-10-18 10:19:00,0,0.6658681,let_go,⚪ Let Go,⚪ Let Go
13596.0,6,2,664.11,5,2,3,523,0,At Risk,965.6713002679526,2011-12-04 12:01:00,0,0.0049824044,nurture,🟢 Nurture,🟢 Nurture
13598.0,47,1,160.04,3,1,1,311,0,At Risk,0.0,2011-10-23 14:28:00,0,0.7986125,let_go,⚪ Let Go,⚪ Let Go
13599.0,1,21,5149.92,5,5,5,555,3,Loyal Customers,1106.247510095253,2011-12-08 16:10:00,0,0.044295583,nurture,🟢 Nurture,🟢 Nurture
13600.0,312,1,219.52,1,1,1,111,1,Hibernating,0.0,2011-01-31 15:27:00,1,0.7233779,let_go,⚪ Let Go,⚪ Let Go
13601.0,45,2,693.32,3,2,3,323,0,At Risk,198.2097534706245,2011-10-25 17:31:00,0,0.59799975,retain,🔴 Retain Immediately,🔴 Retain Immediately
13602.0,65,1,428.89,3,1,2,312,0,At Risk,0.0,2011-10-06 11:47:00,0,0.64429915,let_go,⚪ Let Go,⚪ Let Go
13603.0,26,1,164.34,4,1,1,411,0,At Risk,0.0,2011-11-13 15:57:00,0,0.7252728,let_go,⚪ Let Go,⚪ Let Go
13606.0,29,3,276.75,4,3,2,432,0,At Risk,70.87188422224557,2011-11-10 17:46:00,0,0.5689326,let_go,⚪ Let Go,⚪ Let Go
13607.0,40,1,675.51,3,1,3,313,0,At Risk,0.0,2011-10-30 16:17:00,0,0.62328583,let_go,⚪ Let Go,⚪ Let Go
13610.0,12,7,1082.33,5,5,4,554,0,At Risk,259.7381092367041,2011-11-27 15:38:00,0,0.052824818,nurture,🟢 Nurture,🟢 Nurture
13611.0,89,3,1154.4,2,3,4,234,0,At Risk,252.6881792358242,2011-09-11 14:51:00,0,0.33862817,nurture,🟢 Nurture,🟢 Nurture
13614.0,24,4,1585.46,4,4,4,444,0,At Risk,404.3985134261689,2011-11-15 14:47:00,0,0.20002624,nurture,🟢 Nurture,🟢 Nurture
13615.0,319,1,417.69,1,1,2,112,1,Hibernating,0.0,2011-01-25 08:21:00,1,0.6658681,let_go,⚪ Let Go,⚪ Let Go
13617.0,40,3,544.18,3,3,3,333,0,At Risk,226.8551240473911,2011-10-30 13:50:00,0,0.25560802,nurture,🟢 Nurture,🟢 Nurture
13618.0,174,1,177.34,2,1,1,211,1,Hibernating,0.0,2011-06-19 11:09:00,1,0.7252728,let_go,⚪ Let Go,⚪ Let Go
13621.0,117,1,213.85,2,1,1,211,0,At Risk,0.0,2011-08-15 08:26:00,1,0.7233779,let_go,⚪ Let Go,⚪ Let Go
13623.0,31,5,727.74,4,4,3,443,0,At Risk,176.92752168842512,2011-11-09 12:00:00,0,0.12163494,nurture,🟢 Nurture,🟢 Nurture
13626.0,253,1,257.23,1,1,2,112,1,Hibernating,0.0,2011-04-01 10:05:00,1,0.7233779,let_go,⚪ Let Go,⚪ Let Go
13627.0,59,5,1638.47,3,4,4,344,0,At Risk,346.2282438761258,2011-10-11 14:20:00,0,0.13364327,nurture,🟢 Nurture,🟢 Nurture
13629.0,23,11,7792.36,4,5,5,455,0,At Risk,1797.0731144247238,2011-11-16 13:21:00,0,0.025274958,nurture,🟢 Nurture,🟢 Nurture
13630.0,5,7,2031.78,5,5,5,555,0,At Risk,529.4031965563636,2011-12-04 15:16:00,0,0.046830013,nurture,🟢 Nurture,🟢 Nurture
13631.0,100,11,3070.42,2,5,5,255,0,At Risk,967.7410037911627,2011-09-01 09:57:00,1,0.172989,nurture,🟢 Nurture,🟢 Nurture
13632.0,25,5,2118.93,4,4,5,445,0,At Risk,685.1926096334636,2011-11-15 10:51:00,0,0.071160525,nurture,🟢 Nurture,🟢 Nurture
13634.0,33,5,1547.3600000000001,4,4,4,444,0,At Risk,342.94508181732607,2011-11-06 13:40:00,0,0.14689863,nurture,🟢 Nurture,🟢 Nurture
13635.0,68,1,1071.03,3,1,4,314,0,At Risk,0.0,2011-10-03 10:55:00,0,0.5730422,let_go,⚪ Let Go,⚪ Let Go
13636.0,37,5,949.12,3,4,4,344,0,At Risk,254.73247145789668,2011-11-03 10:30:00,0,0.14422272,nurture,🟢 Nurture,🟢 Nurture
13637.0,52,3,803.05,3,3,3,333,0,At Risk,175.2455429252288,2011-10-18 13:32:00,0,0.3243939,nurture,🟢 Nurture,🟢 Nurture
13638.0,16,1,122.64,4,1,1,411,0,At Risk,0.0,2011-11-24 10:38:00,0,0.7842942,let_go,⚪ Let Go,⚪ Let Go
13639.0,74,1,1033.34,2,1,4,214,0,At Risk,0.0,2011-09-26 13:36:00,0,0.5980806,let_go,⚪ Let Go,⚪ Let Go
13642.0,216,1,312.28,1,1,2,112,1,Hibernating,0.0,2011-05-08 12:34:00,1,0.74204737,let_go,⚪ Let Go,⚪ Let Go
13643.0,31,3,519.44,4,3,3,433,0,At Risk,231.4672571758917,2011-11-08 15:37:00,0,0.23572445,nurture,🟢 Nurture,🟢 Nurture
13644.0,16,4,2624.26,4,4,5,445,0,At Risk,1368.41796028001,2011-11-23 14:07:00,0,0.03962411,nurture,🟢 Nurture,🟢 Nurture
13645.0,120,1,252.1,2,1,2,212,0,At Risk,0.0,2011-08-11 16:11:00,1,0.7233779,let_go,⚪ Let Go,⚪ Let Go
13647.0,10,4,1648.1200000000001,5,4,4,544,0,At Risk,487.8759038993835,2011-11-30 12:00:00,0,0.080262356,nurture,🟢 Nurture,🟢 Nurture
13649.0,257,2,346.6,1,2,2,122,1,Hibernating,57.04429310606221,2011-03-28 11:51:00,1,0.8099412,let_go,⚪ Let Go,⚪ Let Go
13650.0,17,6,1836.34,4,5,4,454,0,At Risk,496.5388745929688,2011-11-23 12:22:00,0,0.05743037,nurture,🟢 Nurture,🟢 Nurture
13651.0,40,1,79.2,3,1,1,311,0,At Risk,0.0,2011-10-31 12:11:00,0,0.7589021,let_go,⚪ Let Go,⚪ Let Go
13652.0,46,3,1095.08,3,3,4,334,0,At Risk,228.2400377481145,2011-10-25 08:51:00,0,0.54679334,retain,🔴 Retain Immediately,🔴 Retain Immediately
13654.0,43,6,2707.33,3,5,5,355,0,At Risk,795.266197353402,2011-10-27 16:24:00,0,0.08167482,nurture,🟢 Nurture,🟢 Nurture
13655.0,114,2,932.97,2,2,4,224,0,At Risk,301.40826629590634,2011-08-17 14:25:00,1,0.6781481,retain,🔴 Retain Immediately,🔴 Retain Immediately
13656.0,165,2,379.65,2,2,2,222,1,Hibernating,89.01849231182081,2011-06-28 10:31:00,1,0.6212493,let_go,⚪ Let Go,⚪ Let Go
13657.0,11,2,382.14,5,2,2,522,0,At Risk,149.0351988763139,2011-11-29 12:32:00,0,0.2699637,monitor,🔵 Monitor,🔵 Monitor
13658.0,10,5,2639.17,5,4,5,545,0,At Risk,836.2358099348178,2011-11-30 10:13:00,0,0.08167482,nurture,🟢 Nurture,🟢 Nurture
13659.0,206,2,1563.0,1,2,4,124,1,Hibernating,224.7862271648039,2011-05-18 12:37:00,1,0.89222735,retain,🔴 Retain Immediately,🔴 Retain Immediately
13662.0,86,3,881.26,2,3,3,233,0,At Risk,260.86145230308006,2011-09-15 12:04:00,0,0.30823895,nurture,🟢 Nurture,🟢 Nurture
13663.0,179,1,189.47,2,1,1,211,1,Hibernating,0.0,2011-06-13 15:44:00,1,0.7252728,let_go,⚪ Let Go,⚪ Let Go
13666.0,60,3,84.65,3,3,1,331,0,At Risk,11.321268361667416,2011-10-10 15:39:00,0,0.5542757,let_go,⚪ Let Go,⚪ Let Go
13667.0,149,1,299.05,2,1,2,212,1,Hibernating,0.0,2011-07-13 15:42:00,1,0.74204737,let_go,⚪ Let Go,⚪ Let Go
13668.0,3,21,6309.83,5,5,5,555,3,Loyal Customers,1411.1286030049741,2011-12-07 12:11:00,0,0.022378448,nurture,🟢 Nurture,🟢 Nurture
13669.0,51,2,218.55,3,2,1,321,0,At Risk,142.9237742365915,2011-10-20 09:32:00,0,0.24323852,monitor,🔵 Monitor,🔵 Monitor
13670.0,75,1,349.7,2,1,2,212,0,At Risk,0.0,2011-09-25 15:25:00,0,0.6658681,let_go,⚪ Let Go,⚪ Let Go
13672.0,301,2,186.39000000000001,1,2,1,121,1,Hibernating,52.32520711297535,2011-02-11 13:53:00,1,0.74266595,let_go,⚪ Let Go,⚪ Let Go
13673.0,19,2,387.44,4,2,2,422,0,At Risk,431.365966559386,2011-11-21 12:11:00,0,0.04421894,nurture,🟢 Nurture,🟢 Nurture
13675.0,151,2,486.82000000000005,2,2,3,223,1,Hibernating,85.7497794357435,2011-07-11 12:57:00,1,0.7115318,let_go,⚪ Let Go,⚪ Let Go
13678.0,152,1,232.6,2,1,1,211,1,Hibernating,0.0,2011-07-11 10:14:00,1,0.7233779,let_go,⚪ Let Go,⚪ Let Go
13680.0,1,4,3719.12,5,4,5,545,0,At Risk,813.3312367639205,2011-12-08 13:47:00,0,0.12457375,nurture,🟢 Nurture,🟢 Nurture
13681.0,18,4,827.83,4,4,3,443,0,At Risk,354.8019653502846,2011-11-22 11:13:00,0,0.025359027,nurture,🟢 Nurture,🟢 Nurture
13682.0,187,1,59.5,1,1,1,111,1,Hibernating,0.0,2011-06-05 14:06:00,1,0.8278831,let_go,⚪ Let Go,⚪ Let Go
13684.0,286,1,65.13,1,1,1,111,1,Hibernating,0.0,2011-02-27 10:13:00,1,0.8278831,let_go,⚪ Let Go,⚪ Let Go
13685.0,3,7,3119.44,5,5,5,555,0,At Risk,1904.5278952455742,2011-12-07 11:41:00,0,0.037462916,nurture,🟢 Nurture,🟢 Nurture
13686.0,183,1,72.0,1,1,1,111,1,Hibernating,0.0,2011-06-10 09:10:00,1,0.76284915,let_go,⚪ Let Go,⚪ Let Go
13689.0,63,1,910.0,3,1,3,313,0,At Risk,0.0,2011-10-07 13:21:00,0,0.6219095,let_go,⚪ Let Go,⚪ Let Go
13690.0,59,1,172.25,3,1,1,311,0,At Risk,0.0,2011-10-11 15:03:00,0,0.7252728,let_go,⚪ Let Go,⚪ Let Go
13692.0,25,3,1488.32,4,3,4,434,0,At Risk,273.77055011766845,2011-11-15 11:17:00,0,0.6263491,retain,🔴 Retain Immediately,🔴 Retain Immediately
13694.0,4,50,65039.62,5,5,5,555,3,Loyal Customers,14198.726099762169,2011-12-06 09:32:00,0,0.0119413175,nurture,🟢 Nurture,🟢 Nurture
13695.0,31,15,2504.13,4,5,5,455,3,Loyal Customers,766.0526195959249,2011-11-08 14:26:00,0,0.006976836,nurture,🟢 Nurture,🟢 Nurture
13697.0,39,1,151.29999999999998,3,1,1,311,0,At Risk,0.0,2011-11-01 09:14:00,0,0.7604684,let_go,⚪ Let Go,⚪ Let Go
13699.0,155,1,308.58000000000004,2,1,2,212,1,Hibernating,0.0,2011-07-07 16:51:00,1,0.74204737,let_go,⚪ Let Go,⚪ Let Go
13700.0,26,10,2248.63,4,5,5,455,0,At Risk,561.5385653182044,2011-11-13 13:00:00,0,0.10663789,nurture,🟢 Nurture,🟢 Nurture
13703.0,318,1,99.5,1,1,1,111,1,Hibernating,0.0,2011-01-25 13:10:00,1,0.7490496,let_go,⚪ Let Go,⚪ Let Go
13704.0,5,9,2308.06,5,5,5,555,0,At Risk,1743.9897468593304,2011-12-04 15:13:00,0,0.0070258067,nurture,🟢 Nurture,🟢 Nurture
13705.0,8,3,711.86,5,3,3,533,0,At Risk,113.40145501363604,2011-12-02 12:32:00,0,0.6052222,let_go,⚪ Let Go,⚪ Let Go
13706.0,303,1,330.79,1,1,2,112,1,Hibernating,0.0,2011-02-10 09:21:00,1,0.7176327,let_go,⚪ Let Go,⚪ Let Go
13707.0,267,2,806.41,1,2,3,123,1,Hibernating,97.24738224387451,2011-03-17 18:03:00,1,0.80696005,let_go,⚪ Let Go,⚪ Let Go
13708.0,271,1,283.33,1,1,2,112,1,Hibernating,0.0,2011-03-13 13:46:00,1,0.6907499,let_go,⚪ Let Go,⚪ Let Go
13709.0,4,13,6307.650000000001,5,5,5,555,3,Loyal Customers,1610.4256395381567,2011-12-06 10:28:00,0,0.021910321,nurture,🟢 Nurture,🟢 Nurture
13710.0,32,1,180.48,4,1,1,411,0,At Risk,0.0,2011-11-08 08:16:00,0,0.7252728,let_go,⚪ Let Go,⚪ Let Go
13711.0,219,2,252.06,1,2,2,122,1,Hibernating,0.0,2011-05-05 10:31:00,1,0.7233779,let_go,⚪ Let Go,⚪ Let Go
13712.0,247,1,228.84,1,1,1,111,1,Hibernating,0.0,2011-04-07 12:33:00,1,0.7233779,let_go,⚪ Let Go,⚪ Let Go
13715.0,281,5,1077.39,1,4,4,144,1,Hibernating,211.79062355602423,2011-03-03 19:21:00,1,0.3575198,nurture,🟢 Nurture,🟢 Nurture
13716.0,269,1,138.28,1,1,1,111,1,Hibernating,0.0,2011-03-15 13:49:00,1,0.7907084,let_go,⚪ Let Go,⚪ Let Go
13717.0,32,6,1445.01,4,5,4,454,0,At Risk,343.25530676370005,2011-11-07 14:13:00,0,0.11626357,nurture,🟢 Nurture,🟢 Nurture
13718.0,246,2,306.55,1,2,2,122,1,Hibernating,89.29883918027205,2011-04-07 13:24:00,1,0.59122545,let_go,⚪ Let Go,⚪ Let Go
13719.0,15,5,1041.68,4,4,4,444,0,At Risk,346.84801719267983,2011-11-24 15:26:00,0,0.09591513,nurture,🟢 Nurture,🟢 Nurture
13720.0,117,4,799.9,2,4,3,243,0,At Risk,198.7338134058876,2011-08-15 12:46:00,1,0.17762849,nurture,🟢 Nurture,🟢 Nurture
13721.0,36,1,524.14,3,1,3,313,0,At Risk,0.0,2011-11-03 14:05:00,0,0.6685883,let_go,⚪ Let Go,⚪ Let Go
13722.0,132,3,2375.41,2,3,5,235,0,At Risk,434.0298367338827,2011-07-31 12:44:00,1,0.58206624,retain,🔴 Retain Immediately,🔴 Retain Immediately
13723.0,217,1,199.85000000000002,1,1,1,111,1,Hibernating,0.0,2011-05-06 17:04:00,1,0.7252728,let_go,⚪ Let Go,⚪ Let Go
13725.0,50,8,1980.56,3,5,4,354,0,At Risk,290.8692423111024,2011-10-21 10:03:00,0,0.31956756,nurture,🟢 Nurture,🟢 Nurture
13726.0,39,2,1079.6599999999999,3,2,4,324,0,At Risk,889.0044058323288,2011-11-01 10:49:00,0,0.07191556,nurture,🟢 Nurture,🟢 Nurture
13727.0,29,2,333.48,4,2,2,422,0,At Risk,259.13231439871964,2011-11-11 09:46:00,0,0.11166411,nurture,🟢 Nurture,🟢 Nurture
13728.0,37,6,1016.14,3,5,4,354,0,At Risk,247.92352457571505,2011-11-03 10:49:00,0,0.14544265,nurture,🟢 Nurture,🟢 Nurture
13730.0,136,2,752.6,2,2,3,223,0,At Risk,346.2264197554906,2011-07-27 08:35:00,1,0.056616172,nurture,🟢 Nurture,🟢 Nurture
13731.0,219,2,610.59,1,2,3,123,1,Hibernating,163.86625368584862,2011-05-04 14:33:00,1,0.5809057,retain,🔴 Retain Immediately,🔴 Retain Immediately
13732.0,28,1,491.86,4,1,3,413,0,At Risk,0.0,2011-11-11 15:49:00,0,0.6685883,let_go,⚪ Let Go,⚪ Let Go
13735.0,25,4,2883.54,4,4,5,445,0,At Risk,776.0789644654287,2011-11-15 11:14:00,0,0.15797785,nurture,🟢 Nurture,🟢 Nurture
13736.0,5,2,729.8,5,2,3,523,0,At Risk,191.602399546019,2011-12-04 15:19:00,0,0.539232,retain,🔴 Retain Immediately,🔴 Retain Immediately
13737.0,200,1,339.59999999999997,1,1,2,112,1,Hibernating,0.0,2011-05-23 16:32:00,1,0.70767343,let_go,⚪ Let Go,⚪ Let Go
13739.0,18,1,216.9,4,1,1,411,0,At Risk,0.0,2011-11-21 13:35:00,0,0.7233779,let_go,⚪ Let Go,⚪ Let Go
13740.0,241,1,350.75,1,1,2,112,1,Hibernating,0.0,2011-04-13 10:32:00,1,0.6658681,let_go,⚪ Let Go,⚪ Let Go
13741.0,72,3,668.4300000000001,3,3,3,333,0,At Risk,236.07903172539244,2011-09-29 09:19:00,0,0.25640243,nurture,🟢 Nurture,🟢 Nurture
13742.0,17,12,3107.87,4,5,5,455,0,At Risk,702.6202149276724,2011-11-23 11:07:00,0,0.069282584,nurture,🟢 Nurture,🟢 Nurture
13743.0,3,7,1341.6,5,5,4,554,0,At Risk,399.67670800197436,2011-12-07 10:09:00,0,0.033993434,nurture,🟢 Nurture,🟢 Nurture
13744.0,95,2,1080.52,2,2,4,224,0,At Risk,122.60616067401097,2011-09-05 15:19:00,1,0.77721626,let_go,⚪ Let Go,⚪ Let Go
13745.0,162,1,300.04,2,1,2,212,1,Hibernating,0.0,2011-06-30 16:43:00,1,0.74204737,let_go,⚪ Let Go,⚪ Let Go
13747.0,374,1,79.6,1,1,1,111,1,Hibernating,0.0,2010-12-01 10:37:00,1,0.7589021,let_go,⚪ Let Go,⚪ Let Go
13748.0,96,5,948.25,2,4,4,244,0,At Risk,195.46001815106098,2011-09-05 09:45:00,1,0.32008165,nurture,🟢 Nurture,🟢 Nurture
13750.0,54,5,1647.26,3,4,4,344,0,At Risk,364.44947377570554,2011-10-17 12:16:00,0,0.13364327,nurture,🟢 Nurture,🟢 Nurture
13751.0,288,1,296.25,1,1,2,112,1,Hibernating,0.0,2011-02-24 15:56:00,1,0.74204737,let_go,⚪ Let Go,⚪ Let Go
13752.0,124,6,1175.38,2,5,4,254,0,At Risk,319.10283655014257,2011-08-07 14:16:00,1,0.19019839,nurture,🟢 Nurture,🟢 Nurture
13753.0,288,1,741.26,1,1,3,113,1,Hibernating,0.0,2011-02-25 12:48:00,1,0.6470802,let_go,⚪ Let Go,⚪ Let Go
13754.0,152,2,282.59999999999997,2,2,2,222,1,Hibernating,55.56814355321056,2011-07-11 11:51:00,1,0.7528606,let_go,⚪ Let Go,⚪ Let Go
13755.0,4,9,2108.06,5,5,5,555,0,At Risk,1647.7948520380776,2011-12-06 12:26:00,0,0.023330383,nurture,🟢 Nurture,🟢 Nurture
13756.0,2,14,5189.52,5,5,5,555,3,Loyal Customers,1082.9599857634103,2011-12-07 16:44:00,0,0.02191686,nurture,🟢 Nurture,🟢 Nurture
13758.0,12,7,3190.55,5,5,5,555,0,At Risk,676.1092341406508,2011-11-28 11:11:00,0,0.10543286,nurture,🟢 Nurture,🟢 Nurture
13759.0,33,2,659.4100000000001,4,2,3,423,0,At Risk,147.7296687757803,2011-11-06 14:47:00,0,0.66984016,let_go,⚪ Let Go,⚪ Let Go
13760.0,54,2,286.79,3,2,2,322,0,At Risk,80.28114398165673,2011-10-16 16:13:00,0,0.506088,let_go,⚪ Let Go,⚪ Let Go
13761.0,50,2,1070.65,3,2,4,324,0,At Risk,410.5736023406072,2011-10-20 14:01:00,0,0.40000123,nurture,🟢 Nurture,🟢 Nurture
13762.0,219,1,306.72,1,1,2,112,1,Hibernating,0.0,2011-05-05 09:15:00,1,0.74204737,let_go,⚪ Let Go,⚪ Let Go
13763.0,63,1,1714.96,3,1,4,314,0,At Risk,0.0,2011-10-07 15:13:00,0,0.7568346,let_go,⚪ Let Go,⚪ Let Go
13764.0,71,3,1516.42,3,3,4,334,0,At Risk,319.4864992055643,2011-09-30 12:03:00,0,0.62573564,retain,🔴 Retain Immediately,🔴 Retain Immediately
13767.0,2,37,17220.36,5,5,5,555,3,Loyal Customers,3705.1487793830215,2011-12-07 15:00:00,0,0.010384795,nurture,🟢 Nurture,🟢 Nurture
13769.0,2,10,2796.51,5,5,5,555,0,At Risk,586.8289752984398,2011-12-07 15:08:00,0,0.036068223,nurture,🟢 Nurture,🟢 Nurture
13771.0,64,4,2634.45,3,4,5,345,0,At Risk,731.2421054199121,2011-10-06 14:18:00,0,0.14933643,nurture,🟢 Nurture,🟢 Nurture
13772.0,34,3,1122.63,3,3,4,334,0,At Risk,382.6167252289479,2011-11-06 11:43:00,0,0.23568727,nurture,🟢 Nurture,🟢 Nurture
13774.0,82,1,345.0,2,1,2,212,0,At Risk,0.0,2011-09-19 12:06:00,0,0.70767343,let_go,⚪ Let Go,⚪ Let Go
13777.0,1,33,25977.16,5,5,5,555,3,Loyal Customers,4323.764279545065,2011-12-09 12:25:00,0,0.010384795,nurture,🟢 Nurture,🟢 Nurture
13778.0,103,1,178.7,2,1,1,211,0,At Risk,0.0,2011-08-28 15:25:00,1,0.7252728,let_go,⚪ Let Go,⚪ Let Go
13780.0,7,2,360.01,5,2,2,522,0,At Risk,182.08579442582186,2011-12-02 13:49:00,0,0.10552482,nurture,🟢 Nurture,🟢 Nurture
13781.0,251,1,127.84,1,1,1,111,1,Hibernating,0.0,2011-04-03 12:08:00,1,0.79418945,let_go,⚪ Let Go,⚪ Let Go
13782.0,13,6,908.86,5,5,3,553,0,At Risk,197.6318843865987,2011-11-27 11:54:00,0,0.15435255,nurture,🟢 Nurture,🟢 Nurture
13784.0,10,11,2462.79,5,5,5,555,0,At Risk,602.2606695172603,2011-11-30 09:33:00,0,0.036950804,nurture,🟢 Nurture,🟢 Nurture
13786.0,367,1,230.39999999999998,1,1,1,111,1,Hibernating,0.0,2010-12-07 13:53:00,1,0.7233779,let_go,⚪ Let Go,⚪ Let Go
13787.0,76,2,309.04,2,2,2,222,0,At Risk,77.57793340459199,2011-09-25 12:06:00,0,0.6522705,let_go,⚪ Let Go,⚪ Let Go
13790.0,4,1,348.8,5,1,2,512,0,At Risk,0.0,2011-12-05 15:48:00,0,0.70767343,let_go,⚪ Let Go,⚪ Let Go
13791.0,128,2,1516.0,2,2,4,224,0,At Risk,433.1260463964435,2011-08-04 11:44:00,1,0.7127589,retain,🔴 Retain Immediately,🔴 Retain Immediately
13792.0,66,2,195.55,3,2,1,321,0,At Risk,58.146862387443534,2011-10-04 14:31:00,0,0.68794143,let_go,⚪ Let Go,⚪ Let Go
13798.0,1,57,37153.85,5,5,5,555,3,Loyal Customers,8100.761845623147,2011-12-08 15:51:00,0,0.0119413175,nurture,🟢 Nurture,🟢 Nurture
13799.0,117,2,688.86,2,2,3,223,0,At Risk,160.19357942997652,2011-08-15 12:07:00,1,0.6725723,retain,🔴 Retain Immediately,🔴 Retain Immediately
13800.0,310,1,558.32,1,1,3,113,1,Hibernating,0.0,2011-02-03 12:27:00,1,0.69083667,let_go,⚪ Let Go,⚪ Let Go
13801.0,67,1,324.8,3,1,2,312,0,At Risk,0.0,2011-10-04 10:15:00,0,0.7176327,let_go,⚪ Let Go,⚪ Let Go
13802.0,139,3,4599.42,2,3,5,235,0,At Risk,1223.9135905578419,2011-07-24 10:54:00,1,0.31052035,nurture,🟢 Nurture,🟢 Nurture
13803.0,255,1,277.07,1,1,2,112,1,Hibernating,0.0,2011-03-29 12:57:00,1,0.6907499,let_go,⚪ Let Go,⚪ Let Go
13804.0,31,7,2588.39,4,5,5,455,0,At Risk,572.9864194770273,2011-11-09 12:32:00,0,0.079756826,nurture,🟢 Nurture,🟢 Nurture
13805.0,52,2,924.6,3,2,4,324,0,At Risk,394.93409188561964,2011-10-18 14:50:00,0,0.08571511,nurture,🟢 Nurture,🟢 Nurture
13806.0,64,1,256.38,3,1,2,312,0,At Risk,0.0,2011-10-07 11:43:00,0,0.7233779,let_go,⚪ Let Go,⚪ Let Go
13807.0,367,1,112.6,1,1,1,111,1,Hibernating,0.0,2010-12-07 15:48:00,1,0.7762069,let_go,⚪ Let Go,⚪ Let Go
13808.0,6,5,1747.66,5,4,4,544,0,At Risk,928.0076350577893,2011-12-04 12:18:00,0,0.027888594,nurture,🟢 Nurture,🟢 Nurture
13809.0,305,1,155.05,1,1,1,111,1,Hibernating,0.0,2011-02-07 13:15:00,1,0.7986125,let_go,⚪ Let Go,⚪ Let Go
13810.0,29,2,827.51,4,2,3,423,0,At Risk,389.77887096494794,2011-11-11 08:33:00,0,0.054524794,nurture,🟢 Nurture,🟢 Nurture
13811.0,184,2,519.75,1,2,3,123,1,Hibernating,165.0853309472661,2011-06-09 09:54:00,1,0.5476416,retain,🔴 Retain Immediately,🔴 Retain Immediately
13812.0,42,3,485.0,3,3,3,333,0,At Risk,191.67338504699796,2011-10-28 14:27:00,0,0.11578911,nurture,🟢 Nurture,🟢 Nurture
13813.0,40,4,1168.8600000000001,3,4,4,344,0,At Risk,535.2285262385685,2011-10-31 10:38:00,0,0.024351344,nurture,🟢 Nurture,🟢 Nurture
13814.0,92,2,1579.12,2,2,4,224,0,At Risk,848.6275566174104,2011-09-08 13:48:00,1,0.39159572,nurture,🟢 Nurture,🟢 Nurture
13815.0,22,4,3667.36,4,4,5,445,0,At Risk,831.1144240329463,2011-11-17 14:19:00,0,0.12457375,nurture,🟢 Nurture,🟢 Nurture
13816.0,24,2,499.67,4,2,3,423,0,At Risk,286.4837062850891,2011-11-16 08:38:00,0,0.24174212,nurture,🟢 Nurture,🟢 Nurture
13817.0,29,2,328.98,4,2,2,422,0,At Risk,86.28718794142591,2011-11-10 17:49:00,0,0.5838169,let_go,⚪ Let Go,⚪ Let Go
13819.0,302,3,1140.35,1,3,4,134,1,Hibernating,242.19114105465508,2011-02-11 10:38:00,1,0.42189154,nurture,🟢 Nurture,🟢 Nurture
13821.0,145,2,385.64,2,2,2,222,1,Hibernating,60.52180743111002,2011-07-18 09:49:00,1,0.739772,let_go,⚪ Let Go,⚪ Let Go
13822.0,6,2,632.0,5,2,3,523,0,At Risk,343.42497626303737,2011-12-04 12:13:00,0,0.062859595,nurture,🟢 Nurture,🟢 Nurture
13823.0,19,2,957.66,4,2,4,424,0,At Risk,375.02449220534834,2011-11-21 10:22:00,0,0.080975756,nurture,🟢 Nurture,🟢 Nurture
13824.0,33,5,1698.94,4,4,4,444,0,At Risk,372.65012566680423,2011-11-07 12:41:00,0,0.11678793,nurture,🟢 Nurture,🟢 Nurture
13826.0,176,1,189.5,2,1,1,211,1,Hibernating,0.0,2011-06-16 13:48:00,1,0.7252728,let_go,⚪ Let Go,⚪ Let Go
13827.0,58,3,409.8,3,3,2,332,0,At Risk,198.18561052649747,2011-10-13 12:38:00,0,0.1061067,nurture,🟢 Nurture,🟢 Nurture
13828.0,22,1,209.49,4,1,1,411,0,At Risk,0.0,2011-11-17 16:02:00,0,0.7252728,let_go,⚪ Let Go,⚪ Let Go
13831.0,16,6,2198.45,4,5,5,455,0,At Risk,440.61169051138955,2011-11-23 15:41:00,0,0.22079803,nurture,🟢 Nurture,🟢 Nurture
13832.0,19,1,52.199999999999996,4,1,1,411,0,At Risk,0.0,2011-11-20 15:36:00,0,0.7398539,let_go,⚪ Let Go,⚪ Let Go
13833.0,159,1,383.85,2,1,2,212,1,Hibernating,0.0,2011-07-03 13:27:00,1,0.6658681,let_go,⚪ Let Go,⚪ Let Go
13835.0,25,4,834.57,4,4,3,443,0,At Risk,218.22362104957838,2011-11-14 15:37:00,0,0.1779059,nurture,🟢 Nurture,🟢 Nurture
13837.0,212,2,266.59000000000003,1,2,2,122,1,Hibernating,68.76674675669929,2011-05-12 12:10:00,1,0.7220697,let_go,⚪ Let Go,⚪ Let Go
13838.0,6,4,674.82,5,4,3,543,0,At Risk,129.0682732286959,2011-12-04 11:00:00,0,0.38523516,monitor,🔵 Monitor,🔵 Monitor
13841.0,253,1,85.0,1,1,1,111,1,Hibernating,0.0,2011-04-01 12:10:00,1,0.78954464,let_go,⚪ Let Go,⚪ Let Go
13842.0,59,9,3385.62,3,5,5,355,0,At Risk,730.9535443346133,2011-10-12 10:51:00,0,0.07723974,nurture,🟢 Nurture,🟢 Nurture
13844.0,11,1,361.62,5,1,2,512,0,At Risk,0.0,2011-11-28 13:21:00,0,0.6658681,let_go,⚪ Let Go,⚪ Let Go
13845.0,65,1,312.98,3,1,2,312,0,At Risk,0.0,2011-10-06 08:25:00,0,0.74204737,let_go,⚪ Let Go,⚪ Let Go
13846.0,25,3,865.0600000000001,4,3,3,433,0,At Risk,134.82741667787732,2011-11-15 12:07:00,0,0.6625715,let_go,⚪ Let Go,⚪ Let Go
13848.0,92,3,1255.0,2,3,4,234,0,At Risk,272.5707199467462,2011-09-08 12:58:00,1,0.3912917,nurture,🟢 Nurture,🟢 Nurture
13849.0,52,2,1537.95,3,2,4,324,0,At Risk,697.7714953330702,2011-10-19 10:59:00,0,0.26863155,nurture,🟢 Nurture,🟢 Nurture
13850.0,129,1,1595.48,2,1,4,214,0,At Risk,0.0,2011-08-02 14:04:00,1,0.76806265,let_go,⚪ Let Go,⚪ Let Go
13851.0,96,3,2651.46,2,3,5,235,0,At Risk,869.6214593307138,2011-09-05 12:36:00,1,0.32753184,nurture,🟢 Nurture,🟢 Nurture
13853.0,57,1,1090.14,3,1,4,314,0,At Risk,0.0,2011-10-13 14:18:00,0,0.58950293,let_go,⚪ Let Go,⚪ Let Go
13854.0,9,25,8109.5199999999995,5,5,5,555,3,Loyal Customers,1772.8380451906803,2011-12-01 09:06:00,0,0.0051216776,nurture,🟢 Nurture,🟢 Nurture
13856.0,169,3,388.5,2,3,2,232,1,Hibernating,146.2715955590167,2011-06-24 10:03:00,1,0.47092628,monitor,🔵 Monitor,🔵 Monitor
13858.0,57,1,216.17,3,1,1,311,0,At Risk,0.0,2011-10-13 16:17:00,0,0.7233779,let_go,⚪ Let Go,⚪ Let Go
13859.0,326,1,201.16,1,1,1,111,1,Hibernating,0.0,2011-01-17 16:14:00,1,0.7252728,let_go,⚪ Let Go,⚪ Let Go
13860.0,1,5,1245.9,5,4,4,544,0,At Risk,753.801867957741,2011-12-08 12:57:00,0,0.015162382,nurture,🟢 Nurture,🟢 Nurture
13862.0,18,8,2209.36,4,5,5,455,0,At Risk,468.68327640813686,2011-11-21 16:24:00,0,0.06848282,nurture,🟢 Nurture,🟢 Nurture
13863.0,248,1,305.78,1,1,2,112,1,Hibernating,0.0,2011-04-06 10:20:00,1,0.74204737,let_go,⚪ Let Go,⚪ Let Go
13865.0,58,4,501.56,3,4,3,343,0,At Risk,125.87768250867836,2011-10-12 13:31:00,0,0.39842835,monitor,🔵 Monitor,🔵 Monitor
13866.0,74,1,145.67000000000002,2,1,1,211,0,At Risk,0.0,2011-09-26 14:54:00,0,0.7604684,let_go,⚪ Let Go,⚪ Let Go
13867.0,31,3,1005.09,4,3,4,434,0,At Risk,401.7549118986358,2011-11-08 15:48:00,0,0.26691562,nurture,🟢 Nurture,🟢 Nurture
13868.0,7,2,3192.54,5,2,5,525,0,At Risk,5675.983767707017,2011-12-02 16:32:00,0,0.058096237,nurture,🟢 Nurture,🟢 Nurture
13869.0,123,4,3083.65,2,4,5,245,0,At Risk,751.9233951158234,2011-08-08 13:53:00,1,0.51056767,retain,🔴 Retain Immediately,🔴 Retain Immediately
13870.0,2,8,2770.94,5,5,5,555,0,At Risk,688.3263618918259,2011-12-07 13:23:00,0,0.03213317,nurture,🟢 Nurture,🟢 Nurture
13871.0,23,13,6403.25,4,5,5,455,3,Loyal Customers,1622.3377305070044,2011-11-17 10:49:00,0,0.021910321,nurture,🟢 Nurture,🟢 Nurture
13873.0,120,3,389.6,2,3,2,232,0,At Risk,92.09757671859506,2011-08-12 10:08:00,1,0.61353076,let_go,⚪ Let Go,⚪ Let Go
13874.0,358,1,540.45,1,1,3,113,1,Hibernating,0.0,2010-12-16 18:20:00,1,0.6685883,let_go,⚪ Let Go,⚪ Let Go
13875.0,54,5,1786.79,3,4,4,344,0,At Risk,440.44804320621733,2011-10-17 09:36:00,0,0.13560201,nurture,🟢 Nurture,🟢 Nurture
13876.0,64,1,122.7,3,1,1,311,0,At Risk,0.0,2011-10-07 10:22:00,0,0.7842942,let_go,⚪ Let Go,⚪ Let Go
13877.0,86,1,117.24,2,1,1,211,0,At Risk,0.0,2011-09-14 15:49:00,0,0.7762069,let_go,⚪ Let Go,⚪ Let Go
13878.0,55,1,1271.57,3,1,4,314,0,At Risk,0.0,2011-10-16 12:19:00,0,0.7434049,let_go,⚪ Let Go,⚪ Let Go
13880.0,21,13,3219.77,4,5,5,455,0,At Risk,734.54683770625,2011-11-18 13:44:00,0,0.01168081,nurture,🟢 Nurture,🟢 Nurture
13881.0,4,20,17159.52,5,5,5,555,3,Loyal Customers,4302.329226494059,2011-12-06 12:50:00,0,0.010384795,nurture,🟢 Nurture,🟢 Nurture
13882.0,3,5,1191.13,5,4,4,544,0,At Risk,1050.8510785076583,2011-12-07 11:16:00,0,0.010815062,nurture,🟢 Nurture,🟢 Nurture
13883.0,11,5,2674.48,5,4,5,545,0,At Risk,688.0095874344025,2011-11-29 10:45:00,0,0.092180096,nurture,🟢 Nurture,🟢 Nurture
13884.0,7,5,787.6,5,4,3,543,0,At Risk,219.35083614184256,2011-12-02 16:30:00,0,0.14155684,nurture,🟢 Nurture,🟢 Nurture
13885.0,189,2,506.8,1,2,3,123,1,Hibernating,71.36374165600945,2011-06-03 15:07:00,1,0.7720227,let_go,⚪ Let Go,⚪ Let Go
13886.0,71,1,243.56,3,1,1,311,0,At Risk,0.0,2011-09-29 13:17:00,0,0.7233779,let_go,⚪ Let Go,⚪ Let Go
13887.0,204,1,349.55,1,1,2,112,1,Hibernating,0.0,2011-05-19 17:22:00,1,0.6658681,let_go,⚪ Let Go,⚪ Let Go
13888.0,120,2,595.67,2,2,3,223,0,At Risk,220.0418406891499,2011-08-12 10:13:00,1,0.5592088,retain,🔴 Retain Immediately,🔴 Retain Immediately
13889.0,93,1,416.90000000000003,2,1,2,212,0,At Risk,0.0,2011-09-08 09:13:00,1,0.6658681,let_go,⚪ Let Go,⚪ Let Go
13890.0,1,10,1883.8100000000002,5,5,4,554,0,At Risk,411.18533937225624,2011-12-08 15:36:00,0,0.035333138,nurture,🟢 Nurture,🟢 Nurture
13892.0,27,4,632.97,4,4,3,443,0,At Risk,221.46446034720378,2011-11-13 11:50:00,0,0.2052275,nurture,🟢 Nurture,🟢 Nurture
13893.0,298,1,821.1,1,1,3,113,1,Hibernating,0.0,2011-02-15 11:30:00,1,0.64717555,let_go,⚪ Let Go,⚪ Let Go
13894.0,24,3,564.62,4,3,3,433,0,At Risk,177.35589519219428,2011-11-16 09:44:00,0,0.22280198,nurture,🟢 Nurture,🟢 Nurture
13895.0,28,4,2593.07,4,4,5,445,0,At Risk,1193.6864943739652,2011-11-11 16:57:00,0,0.06357136,nurture,🟢 Nurture,🟢 Nurture
13897.0,50,1,311.16,3,1,2,312,0,At Risk,0.0,2011-10-20 14:30:00,0,0.74204737,let_go,⚪ Let Go,⚪ Let Go
13898.0,326,1,155.93,1,1,1,111,1,Hibernating,0.0,2011-01-18 10:28:00,1,0.7986125,let_go,⚪ Let Go,⚪ Let Go
13899.0,16,2,388.52,4,3,2,432,0,At Risk,45.56739423864189,2011-11-23 13:40:00,0,0.7732587,let_go,⚪ Let Go,⚪ Let Go
13900.0,183,3,740.95,1,3,3,133,1,Hibernating,152.05488090730924,2011-06-09 19:26:00,1,0.4256183,monitor,🔵 Monitor,🔵 Monitor
13901.0,72,5,2867.2,3,4,5,345,0,At Risk,767.9044334160513,2011-09-28 14:48:00,0,0.086800516,nurture,🟢 Nurture,🟢 Nurture
13904.0,37,2,332.64,3,3,2,332,0,At Risk,61.72732211880619,2011-11-02 13:41:00,0,0.7088968,let_go,⚪ Let Go,⚪ Let Go
13908.0,80,4,2319.55,2,4,5,245,0,At Risk,644.7691492829111,2011-09-21 11:49:00,0,0.19913337,nurture,🟢 Nurture,🟢 Nurture
13911.0,57,9,2580.91,3,5,5,355,0,At Risk,624.8859327049154,2011-10-13 15:43:00,0,0.039108288,nurture,🟢 Nurture,🟢 Nurture
13914.0,12,2,626.45,5,3,3,533,0,At Risk,671.4185930499567,2011-11-28 10:35:00,0,0.0115090385,nurture,🟢 Nurture,🟢 Nurture
13917.0,50,2,272.04,3,3,2,332,0,At Risk,140.26646627629498,2011-10-21 09:56:00,0,0.24323852,monitor,🔵 Monitor,🔵 Monitor
13918.0,50,2,1212.8400000000001,3,3,4,334,0,At Risk,531.7191009094413,2011-10-21 12:25:00,0,0.11567448,nurture,🟢 Nurture,🟢 Nurture
13919.0,59,2,348.81,3,3,2,332,0,At Risk,152.71816551332353,2011-10-11 14:24:00,0,0.2699637,monitor,🔵 Monitor,🔵 Monitor
13922.0,352,1,172.25,1,1,1,111,1,Hibernating,0.0,2010-12-23 10:38:00,1,0.7252728,let_go,⚪ Let Go,⚪ Let Go
13923.0,54,1,351.13,3,1,2,312,0,At Risk,0.0,2011-10-17 12:33:00,0,0.6658681,let_go,⚪ Let Go,⚪ Let Go
13924.0,2,6,1838.8500000000001,5,5,4,554,0,At Risk,1096.6286794694367,2011-12-08 09:39:00,0,0.028782796,nurture,🟢 Nurture,🟢 Nurture
13925.0,93,4,678.25,2,4,3,243,0,At Risk,209.6316341008482,2011-09-08 12:47:00,1,0.2052275,nurture,🟢 Nurture,🟢 Nurture
13926.0,23,1,223.85000000000002,4,1,1,411,0,At Risk,0.0,2011-11-16 13:16:00,0,0.7233779,let_go,⚪ Let Go,⚪ Let Go
13927.0,75,1,348.99,2,1,2,212,0,At Risk,0.0,2011-09-26 12:00:00,0,0.70767343,let_go,⚪ Let Go,⚪ Let Go
13928.0,11,4,464.57,5,4,2,542,0,At Risk,232.96972903826227,2011-11-29 10:33:00,0,0.09442986,nurture,🟢 Nurture,🟢 Nurture
13929.0,169,2,842.65,2,3,3,233,1,Hibernating,180.26926685948428,2011-06-23 15:26:00,1,0.72529316,retain,🔴 Retain Immediately,🔴 Retain Immediately
13930.0,58,2,337.34,3,3,2,332,0,At Risk,115.85817970655387,2011-10-13 09:45:00,0,0.5789752,let_go,⚪ Let Go,⚪ Let Go
13931.0,96,2,1237.53,2,3,4,234,0,At Risk,411.70283181106026,2011-09-05 10:12:00,1,0.46485516,nurture,🟢 Nurture,🟢 Nurture
13932.0,295,1,307.4,1,1,2,112,1,Hibernating,0.0,2011-02-18 12:02:00,1,0.74204737,let_go,⚪ Let Go,⚪ Let Go
13933.0,109,2,608.7900000000001,2,3,3,233,0,At Risk,257.1596269100952,2011-08-22 14:03:00,1,0.4879999,nurture,🟢 Nurture,🟢 Nurture
13934.0,264,1,922.1,1,1,3,113,1,Hibernating,0.0,2011-03-21 08:39:00,1,0.6219095,let_go,⚪ Let Go,⚪ Let Go
13936.0,180,1,376.58,1,1,2,112,1,Hibernating,0.0,2011-06-13 08:47:00,1,0.6658681,let_go,⚪ Let Go,⚪ Let Go
13937.0,169,1,158.85,2,1,1,211,1,Hibernating,0.0,2011-06-23 16:35:00,1,0.7986125,let_go,⚪ Let Go,⚪ Let Go
13938.0,35,1,71.66,3,1,1,311,0,At Risk,0.0,2011-11-04 14:37:00,0,0.8278831,let_go,⚪ Let Go,⚪ Let Go
13939.0,23,3,568.55,4,3,3,433,0,At Risk,130.60321403057713,2011-11-16 13:33:00,0,0.5657699,let_go,⚪ Let Go,⚪ Let Go
13940.0,17,4,839.14,4,4,3,443,0,At Risk,374.5844142932825,2011-11-22 15:15:00,0,0.024342984,nurture,🟢 Nurture,🟢 Nurture
13941.0,22,5,5112.96,4,4,5,445,0,At Risk,1007.3652364645868,2011-11-18 09:43:00,0,0.093540125,nurture,🟢 Nurture,🟢 Nurture
13946.0,79,3,561.5699999999999,2,3,3,233,0,At Risk,137.2907308789521,2011-09-21 13:33:00,0,0.5657699,let_go,⚪ Let Go,⚪ Let Go
13947.0,65,1,90.6,3,1,1,311,0,At Risk,0.0,2011-10-05 14:42:00,0,0.7490496,let_go,⚪ Let Go,⚪ Let Go
13948.0,361,1,102.0,1,1,1,111,1,Hibernating,0.0,2010-12-14 10:18:00,1,0.7762069,let_go,⚪ Let Go,⚪ Let Go
13949.0,3,6,2427.32,5,5,5,555,0,At Risk,1474.3714751056973,2011-12-07 09:35:00,0,0.014638047,nurture,🟢 Nurture,🟢 Nurture
13950.0,11,4,745.06,5,4,3,543,0,At Risk,216.63274763000157,2011-11-28 14:44:00,0,0.17762849,nurture,🟢 Nurture,🟢 Nurture
13951.0,176,3,674.45,2,3,3,233,1,Hibernating,164.98564304075097,2011-06-16 16:43:00,1,0.31598917,nurture,🟢 Nurture,🟢 Nurture
13952.0,218,2,3251.07,1,3,5,135,1,Hibernating,667.9193407478504,2011-05-06 09:00:00,1,0.7595764,retain,🔴 Retain Immediately,🔴 Retain Immediately
13953.0,7,7,3515.68,5,5,5,555,0,At Risk,760.2525418164304,2011-12-02 16:04:00,0,0.059670918,nurture,🟢 Nurture,🟢 Nurture
13954.0,2,2,439.92,5,3,2,532,0,At Risk,314.0995236493959,2011-12-08 12:50:00,0,0.08931765,nurture,🟢 Nurture,🟢 Nurture
13955.0,154,2,322.96,2,3,2,232,1,Hibernating,53.682118975128056,2011-07-08 17:19:00,1,0.75726354,let_go,⚪ Let Go,⚪ Let Go
13956.0,5,5,1019.27,5,4,4,544,0,At Risk,302.0713767136166,2011-12-04 13:20:00,0,0.19019839,nurture,🟢 Nurture,🟢 Nurture
13959.0,79,3,594.04,2,3,3,233,0,At Risk,112.33248090216321,2011-09-21 15:06:00,0,0.5657699,let_go,⚪ Let Go,⚪ Let Go
13960.0,21,2,230.22,4,3,1,431,0,At Risk,152.21931372368354,2011-11-18 15:27:00,0,0.14109792,monitor,🔵 Monitor,🔵 Monitor
13962.0,22,2,169.55,4,3,1,431,0,At Risk,29.875251739890736,2011-11-18 08:47:00,0,0.6558574,let_go,⚪ Let Go,⚪ Let Go
13963.0,308,4,664.54,1,4,3,143,1,Hibernating,137.11572587501354,2011-02-04 14:43:00,1,0.38523516,monitor,🔵 Monitor,🔵 Monitor
13967.0,146,1,80.7,2,1,1,211,1,Hibernating,0.0,2011-07-17 12:02:00,1,0.7589021,let_go,⚪ Let Go,⚪ Let Go
13969.0,7,18,9024.17,5,5,5,555,3,Loyal Customers,2002.1121687667735,2011-12-02 15:11:00,0,0.0051216776,nurture,🟢 Nurture,🟢 Nurture
13971.0,19,8,2758.26,4,5,5,455,0,At Risk,730.777398041017,2011-11-21 12:06:00,0,0.031989105,nurture,🟢 Nurture,🟢 Nurture
13972.0,71,2,190.25,3,3,1,331,0,At Risk,30.649505901512576,2011-09-30 11:54:00,0,0.6558574,let_go,⚪ Let Go,⚪ Let Go
13973.0,287,1,264.7,1,1,2,112,1,Hibernating,0.0,2011-02-25 15:21:00,1,0.7233779,let_go,⚪ Let Go,⚪ Let Go
13974.0,49,1,413.59000000000003,3,1,2,312,0,At Risk,0.0,2011-10-21 14:41:00,0,0.6658681,let_go,⚪ Let Go,⚪ Let Go
13975.0,31,6,2461.2400000000002,4,5,5,455,0,At Risk,589.0745886220899,2011-11-08 13:19:00,0,0.18100476,nurture,🟢 Nurture,🟢 Nurture
13976.0,207,1,357.98,1,1,2,112,1,Hibernating,0.0,2011-05-17 09:13:00,1,0.6658681,let_go,⚪ Let Go,⚪ Let Go
13978.0,15,2,196.79000000000002,4,3,1,431,0,At Risk,79.6397877030643,2011-11-25 11:36:00,0,0.534252,let_go,⚪ Let Go,⚪ Let Go
13979.0,73,1,869.87,2,1,3,213,0,At Risk,0.0,2011-09-27 13:32:00,0,0.6219095,let_go,⚪ Let Go,⚪ Let Go
13980.0,60,1,200.14,3,1,1,311,0,At Risk,0.0,2011-10-10 13:34:00,0,0.7252728,let_go,⚪ Let Go,⚪ Let Go
13982.0,39,4,1871.81,3,4,4,344,0,At Risk,385.73397521329764,2011-10-31 16:24:00,0,0.20922396,nurture,🟢 Nurture,🟢 Nurture
13983.0,30,12,2603.43,4,5,5,455,0,At Risk,536.6267466270383,2011-11-10 11:06:00,0,0.07518923,nurture,🟢 Nurture,🟢 Nurture
13984.0,27,5,920.51,4,4,3,443,0,At Risk,195.62430398754228,2011-11-13 12:38:00,0,0.17897081,nurture,🟢 Nurture,🟢 Nurture
13985.0,4,15,7060.13,5,5,5,555,3,Loyal Customers,2065.6983780536757,2011-12-05 17:06:00,0,0.005754514,nurture,🟢 Nurture,🟢 Nurture
13986.0,17,1,320.46,4,1,2,412,0,At Risk,0.0,2011-11-22 15:00:00,0,0.74204737,let_go,⚪ Let Go,⚪ Let Go
13988.0,20,6,4147.96,4,5,5,455,0,At Risk,1211.4685288106907,2011-11-20 10:15:00,0,0.14529999,nurture,🟢 Nurture,🟢 Nurture
13989.0,66,2,1266.08,3,3,4,334,0,At Risk,204.84367549309036,2011-10-05 09:47:00,0,0.81042856,retain,🔴 Retain Immediately,🔴 Retain Immediately
13990.0,213,1,311.3,1,1,2,112,1,Hibernating,0.0,2011-05-10 15:19:00,1,0.74204737,let_go,⚪ Let Go,⚪ Let Go
13991.0,12,6,851.88,5,5,3,553,0,At Risk,420.78974293932384,2011-11-27 16:18:00,0,0.027958049,nurture,🟢 Nurture,🟢 Nurture
13992.0,30,1,76.8,4,1,1,411,0,At Risk,0.0,2011-11-09 15:23:00,0,0.7589021,let_go,⚪ Let Go,⚪ Let Go
13993.0,43,9,3466.36,3,5,5,355,0,At Risk,821.3028774447351,2011-10-28 09:06:00,0,0.07723974,nurture,🟢 Nurture,🟢 Nurture
13994.0,4,6,2274.14,5,5,5,555,0,At Risk,1086.163484803777,2011-12-06 11:05:00,0,0.034596592,nurture,🟢 Nurture,🟢 Nurture
13995.0,15,5,1393.69,4,4,4,444,0,At Risk,396.7971579233513,2011-11-24 14:22:00,0,0.10244039,nurture,🟢 Nurture,🟢 Nurture
13999.0,10,12,3901.81,5,5,5,555,0,At Risk,850.0989456381611,2011-11-29 13:40:00,0,0.02659502,nurture,🟢 Nurture,🟢 Nurture
14000.0,211,1,635.66,1,1,3,113,1,Hibernating,0.0,2011-05-12 16:50:00,1,0.62328583,let_go,⚪ Let Go,⚪ Let Go
14001.0,46,3,2043.0800000000002,3,3,5,335,0,At Risk,498.1161988634673,2011-10-25 10:31:00,0,0.21690692,nurture,🟢 Nurture,🟢 Nurture
14002.0,134,2,529.73,2,3,3,233,0,At Risk,243.99341958535965,2011-07-28 15:55:00,1,0.46457016,nurture,🟢 Nurture,🟢 Nurture
14004.0,43,7,4582.64,3,5,5,355,0,At Risk,1113.4417679123396,2011-10-27 14:40:00,0,0.084169574,nurture,🟢 Nurture,🟢 Nurture
14005.0,10,5,2874.72,5,4,5,545,0,At Risk,1101.5039750857259,2011-11-30 12:41:00,0,0.06468681,nurture,🟢 Nurture,🟢 Nurture
14006.0,116,3,962.19,2,3,4,234,0,At Risk,222.15429226283732,2011-08-16 09:39:00,1,0.5852528,retain,🔴 Retain Immediately,🔴 Retain Immediately
14009.0,198,2,695.61,1,3,3,133,1,Hibernating,199.8121610774525,2011-05-25 15:47:00,1,0.59799975,retain,🔴 Retain Immediately,🔴 Retain Immediately
14012.0,278,1,328.8,1,1,2,112,1,Hibernating,0.0,2011-03-07 12:26:00,1,0.7176327,let_go,⚪ Let Go,⚪ Let Go
14013.0,110,3,473.02,2,3,2,232,0,At Risk,134.77430272209034,2011-08-21 15:01:00,1,0.5657699,let_go,⚪ Let Go,⚪ Let Go
14014.0,77,1,505.18,2,1,3,213,0,At Risk,0.0,2011-09-23 13:18:00,0,0.6685883,let_go,⚪ Let Go,⚪ Let Go
14015.0,53,1,917.34,3,1,3,313,0,At Risk,0.0,2011-10-18 10:02:00,0,0.6219095,let_go,⚪ Let Go,⚪ Let Go
14016.0,162,4,4291.21,2,4,5,245,1,Hibernating,977.0466945854098,2011-07-01 11:29:00,1,0.17746474,nurture,🟢 Nurture,🟢 Nurture
14019.0,47,3,1421.61,3,3,4,334,0,At Risk,706.1411097672251,2011-10-24 10:13:00,0,0.027809013,nurture,🟢 Nurture,🟢 Nurture
14020.0,17,2,642.8,4,3,3,433,0,At Risk,389.81338782367317,2011-11-23 09:22:00,0,0.050711457,nurture,🟢 Nurture,🟢 Nurture
14021.0,155,3,631.9,2,3,3,233,1,Hibernating,175.11913583162374,2011-07-07 15:46:00,1,0.31598917,nurture,🟢 Nurture,🟢 Nurture
14022.0,225,1,440.0,1,1,2,112,1,Hibernating,0.0,2011-04-28 14:39:00,1,0.64429915,let_go,⚪ Let Go,⚪ Let Go
14023.0,7,2,584.07,5,3,3,533,0,At Risk,166.01167660203583,2011-12-02 13:58:00,0,0.51217973,retain,🔴 Retain Immediately,🔴 Retain Immediately
14024.0,122,2,327.7,2,3,2,232,0,At Risk,65.61438012397268,2011-08-10 11:30:00,1,0.7088968,let_go,⚪ Let Go,⚪ Let Go
14027.0,61,1,104.82,3,1,1,311,0,At Risk,0.0,2011-10-10 09:01:00,0,0.7762069,let_go,⚪ Let Go,⚪ Let Go
14029.0,63,2,467.66,3,3,2,332,0,At Risk,258.4736775674812,2011-10-07 14:46:00,0,0.12960328,nurture,🟢 Nurture,🟢 Nurture
14030.0,18,8,2358.84,4,5,5,455,0,At Risk,409.6168728909536,2011-11-21 16:48:00,0,0.050563265,nurture,🟢 Nurture,🟢 Nurture
14031.0,7,19,17286.86,5,5,5,555,3,Loyal Customers,3518.3840090984518,2011-12-02 17:13:00,0,0.010384795,nurture,🟢 Nurture,🟢 Nurture
14032.0,2,11,2975.59,5,5,5,555,0,At Risk,626.4258140177731,2011-12-07 15:23:00,0,0.059703846,nurture,🟢 Nurture,🟢 Nurture
14034.0,22,3,648.89,4,3,3,433,0,At Risk,140.49702278294637,2011-11-17 14:02:00,0,0.5979983,let_go,⚪ Let Go,⚪ Let Go
14035.0,29,5,1428.02,4,4,4,444,0,At Risk,347.48329532431853,2011-11-11 10:03:00,0,0.09429009,nurture,🟢 Nurture,🟢 Nurture
14036.0,285,1,626.65,1,1,3,113,1,Hibernating,0.0,2011-02-28 09:26:00,1,0.62328583,let_go,⚪ Let Go,⚪ Let Go
14037.0,176,2,147.20000000000002,2,3,1,231,1,Hibernating,14.688942681494979,2011-06-16 13:57:00,1,0.8066033,let_go,⚪ Let Go,⚪ Let Go
14038.0,78,3,1560.38,2,3,4,234,0,At Risk,409.4814253188209,2011-09-22 13:37:00,0,0.3979535,nurture,🟢 Nurture,🟢 Nurture
14039.0,33,1,152.2,4,1,1,411,0,At Risk,0.0,2011-11-06 13:48:00,0,0.7986125,let_go,⚪ Let Go,⚪ Let Go
14040.0,41,12,3560.32,3,5,5,355,0,At Risk,840.4385390242609,2011-10-30 12:42:00,0,0.029890178,nurture,🟢 Nurture,🟢 Nurture
14041.0,266,1,141.41,1,1,1,111,1,Hibernating,0.0,2011-03-18 13:25:00,1,0.8024771,let_go,⚪ Let Go,⚪ Let Go
14044.0,27,4,646.42,4,4,3,443,0,At Risk,148.8311214240236,2011-11-13 12:05:00,0,0.2680767,monitor,🔵 Monitor,🔵 Monitor
14045.0,109,4,1659.75,2,4,4,244,0,At Risk,381.5448804977297,2011-08-22 15:27:00,1,0.20880115,nurture,🟢 Nurture,🟢 Nurture
14046.0,284,1,151.59,1,1,1,111,1,Hibernating,0.0,2011-02-28 14:48:00,1,0.7604684,let_go,⚪ Let Go,⚪ Let Go
14047.0,9,5,1308.6100000000001,5,4,4,544,0,At Risk,256.8453447521604,2011-12-01 11:43:00,0,0.15226768,nurture,🟢 Nurture,🟢 Nurture
14048.0,305,1,409.93,1,1,2,112,1,Hibernating,0.0,2011-02-07 14:53:00,1,0.6658681,let_go,⚪ Let Go,⚪ Let Go
14049.0,17,4,5578.72,4,4,5,445,0,At Risk,1380.8493311178754,2011-11-23 12:20:00,0,0.064870976,nurture,🟢 Nurture,🟢 Nurture
14050.0,32,2,746.36,4,3,3,433,0,At Risk,284.04377800657346,2011-11-08 10:00:00,0,0.47083154,nurture,🟢 Nurture,🟢 Nurture
14051.0,1,23,15610.390000000001,5,5,5,555,3,Loyal Customers,3408.402449171692,2011-12-09 10:20:00,0,0.010384795,nurture,🟢 Nurture,🟢 Nurture
14052.0,20,1,225.36,4,1,1,411,0,At Risk,0.0,2011-11-20 12:30:00,0,0.7233779,let_go,⚪ Let Go,⚪ Let Go
14053.0,124,2,260.25,2,3,2,232,0,At Risk,85.34617656309553,2011-08-07 14:27:00,1,0.5318899,let_go,⚪ Let Go,⚪ Let Go
14054.0,65,1,92.46,3,1,1,311,0,At Risk,0.0,2011-10-05 15:49:00,0,0.7490496,let_go,⚪ Let Go,⚪ Let Go
14055.0,106,1,725.6400000000001,2,1,3,213,0,At Risk,0.0,2011-08-25 15:04:00,1,0.6470802,let_go,⚪ Let Go,⚪ Let Go
14056.0,1,23,8152.71,5,5,5,555,3,Loyal Customers,2165.3960932697964,2011-12-08 13:36:00,0,0.0051216776,nurture,🟢 Nurture,🟢 Nurture
14057.0,24,17,6211.66,4,5,5,455,3,Loyal Customers,1241.2921559508632,2011-11-16 10:32:00,0,0.022378448,nurture,🟢 Nurture,🟢 Nurture
14059.0,267,1,183.6,1,1,1,111,1,Hibernating,0.0,2011-03-18 10:06:00,1,0.7252728,let_go,⚪ Let Go,⚪ Let Go
14060.0,5,19,6140.42,5,5,5,555,3,Loyal Customers,1305.9591963647983,2011-12-05 12:29:00,0,0.022378448,nurture,🟢 Nurture,🟢 Nurture
14062.0,10,12,10464.85,5,5,5,555,3,Loyal Customers,2236.0246031696893,2011-11-30 10:04:00,0,0.025274958,nurture,🟢 Nurture,🟢 Nurture
14064.0,29,5,1334.34,4,4,4,444,0,At Risk,381.0721017410825,2011-11-10 13:14:00,0,0.10750966,nurture,🟢 Nurture,🟢 Nurture
14066.0,267,1,152.55,1,1,1,111,1,Hibernating,0.0,2011-03-18 12:21:00,1,0.7986125,let_go,⚪ Let Go,⚪ Let Go
14067.0,64,2,374.7,3,3,2,332,0,At Risk,178.18559174505916,2011-10-07 10:21:00,0,0.10552482,nurture,🟢 Nurture,🟢 Nurture
14068.0,320,1,265.85,1,1,2,112,1,Hibernating,0.0,2011-01-23 16:02:00,1,0.7233779,let_go,⚪ Let Go,⚪ Let Go
14071.0,4,8,1422.75,5,5,4,554,0,At Risk,392.1143059743732,2011-12-06 12:27:00,0,0.031842176,nurture,🟢 Nurture,🟢 Nurture
14073.0,32,1,151.04,4,1,1,411,0,At Risk,0.0,2011-11-07 15:49:00,0,0.7604684,let_go,⚪ Let Go,⚪ Let Go
14075.0,5,3,942.26,5,3,4,534,0,At Risk,251.50804626543407,2011-12-05 08:38:00,0,0.31940025,nurture,🟢 Nurture,🟢 Nurture
14076.0,129,1,118.67,2,1,1,211,0,At Risk,0.0,2011-08-02 15:19:00,1,0.7762069,let_go,⚪ Let Go,⚪ Let Go
14077.0,41,5,499.41999999999996,3,4,3,343,0,At Risk,127.58202928019654,2011-10-30 12:35:00,0,0.36586222,monitor,🔵 Monitor,🔵 Monitor
14078.0,102,6,1049.37,2,5,4,254,0,At Risk,222.93263868319752,2011-08-30 12:16:00,1,0.32823,nurture,🟢 Nurture,🟢 Nurture
14079.0,125,1,375.1,2,1,2,212,0,At Risk,0.0,2011-08-07 12:10:00,1,0.6658681,let_go,⚪ Let Go,⚪ Let Go
14080.0,33,1,45.599999999999994,4,1,1,411,0,At Risk,0.0,2011-11-07 11:09:00,0,0.7398539,let_go,⚪ Let Go,⚪ Let Go
14081.0,302,2,921.62,1,3,3,133,1,Hibernating,186.334000824195,2011-02-10 16:17:00,1,0.7415905,retain,🔴 Retain Immediately,🔴 Retain Immediately
14082.0,365,1,182.25,1,1,1,111,1,Hibernating,0.0,2010-12-10 11:02:00,1,0.7252728,let_go,⚪ Let Go,⚪ Let Go
14083.0,4,9,1002.9,5,5,4,554,0,At Risk,168.74050011812102,2011-12-05 13:14:00,0,0.123029456,nurture,🟢 Nurture,🟢 Nurture
14085.0,2,18,4421.29,5,5,5,555,3,Loyal Customers,941.4143356506263,2011-12-07 13:46:00,0,0.020117356,nurture,🟢 Nurture,🟢 Nurture
14087.0,3,1,191.47,5,1,1,511,0,At Risk,0.0,2011-12-07 12:41:00,0,0.7252728,let_go,⚪ Let Go,⚪ Let Go
14088.0,10,13,50491.81,5,5,5,555,3,Loyal Customers,11247.05730570644,2011-11-29 16:16:00,0,0.011688899,nurture,🟢 Nurture,🟢 Nurture
14089.0,57,1,158.75,3,1,1,311,0,At Risk,0.0,2011-10-14 10:38:00,0,0.7986125,let_go,⚪ Let Go,⚪ Let Go
14090.0,325,1,76.32000000000001,1,1,1,111,1,Hibernating,0.0,2011-01-19 10:51:00,1,0.76284915,let_go,⚪ Let Go,⚪ Let Go
14092.0,8,14,4076.91,5,5,5,555,3,Loyal Customers,910.4847827448473,2011-12-02 12:13:00,0,0.0135781765,nurture,🟢 Nurture,🟢 Nurture
14093.0,12,1,433.86,5,1,2,512,0,At Risk,0.0,2011-11-27 16:27:00,0,0.64429915,let_go,⚪ Let Go,⚪ Let Go
14096.0,4,17,53258.43,5,5,5,555,3,Loyal Customers,36417.55639581153,2011-12-05 17:17:00,0,0.0119413175,nurture,🟢 Nurture,🟢 Nurture
14098.0,37,1,147.35,3,1,1,311,0,At Risk,0.0,2011-11-03 10:13:00,0,0.7604684,let_go,⚪ Let Go,⚪ Let Go
14099.0,16,11,3104.17,4,5,5,455,0,At Risk,657.6769974742984,2011-11-23 13:53:00,0,0.07010872,nurture,🟢 Nurture,🟢 Nurture
14100.0,138,1,191.95000000000002,2,1,1,211,0,At Risk,0.0,2011-07-25 11:01:00,1,0.7252728,let_go,⚪ Let Go,⚪ Let Go
14101.0,74,6,5976.79,2,5,5,255,0,At Risk,1438.1000127585435,2011-09-27 12:28:00,0,0.03159435,nurture,🟢 Nurture,🟢 Nurture
14102.0,5,5,1105.8799999999999,5,4,4,544,0,At Risk,1184.079833963859,2011-12-04 15:38:00,0,0.012030425,nurture,🟢 Nurture,🟢 Nurture
14104.0,155,2,216.20999999999998,2,3,1,231,1,Hibernating,81.96304131961855,2011-07-08 12:50:00,1,0.5318899,let_go,⚪ Let Go,⚪ Let Go
14105.0,239,1,1266.23,1,1,4,114,1,Hibernating,0.0,2011-04-14 17:58:00,1,0.7434049,let_go,⚪ Let Go,⚪ Let Go
14107.0,52,7,2703.23,3,5,5,355,0,At Risk,572.2649539206632,2011-10-19 12:12:00,0,0.08302322,nurture,🟢 Nurture,🟢 Nurture
14108.0,31,2,597.91,4,3,3,433,0,At Risk,346.22877378883976,2011-11-09 10:41:00,0,0.04436371,nurture,🟢 Nurture,🟢 Nurture
14109.0,73,1,144.2,2,1,1,211,0,At Risk,0.0,2011-09-28 10:18:00,0,0.79090285,let_go,⚪ Let Go,⚪ Let Go
14110.0,4,12,5683.15,5,5,5,555,0,At Risk,1487.1887285500209,2011-12-06 12:26:00,0,0.076666296,nurture,🟢 Nurture,🟢 Nurture
14111.0,14,4,692.85,5,4,3,543,0,At Risk,233.33638078355682,2011-11-25 13:44:00,0,0.1354677,nurture,🟢 Nurture,🟢 Nurture
14112.0,23,7,2915.15,4,5,5,455,0,At Risk,758.3516309576755,2011-11-17 12:30:00,0,0.07284599,nurture,🟢 Nurture,🟢 Nurture
14113.0,4,4,1840.42,5,4,4,544,0,At Risk,386.75767335201783,2011-12-06 12:18:00,0,0.18699072,nurture,🟢 Nurture,🟢 Nurture
14114.0,274,2,386.53,1,3,2,132,1,Hibernating,80.22814057468986,2011-03-11 09:42:00,1,0.67891705,let_go,⚪ Let Go,⚪ Let Go
14116.0,20,5,1382.74,4,4,4,444,0,At Risk,703.5099423355892,2011-11-20 10:29:00,0,0.01630114,nurture,🟢 Nurture,🟢 Nurture
14117.0,144,1,90.0,2,1,1,211,1,Hibernating,0.0,2011-07-19 09:49:00,1,0.78954464,let_go,⚪ Let Go,⚪ Let Go
14121.0,4,4,2780.15,5,4,5,545,0,At Risk,2950.3244065884105,2011-12-06 12:19:00,0,0.009015447,nurture,🟢 Nurture,🟢 Nurture
14124.0,84,1,419.58000000000004,2,1,2,212,0,At Risk,0.0,2011-09-16 13:32:00,0,0.64429915,let_go,⚪ Let Go,⚪ Let Go
14125.0,11,3,2720.63,5,3,5,535,0,At Risk,1494.812199939815,2011-11-29 12:47:00,0,0.05976481,nurture,🟢 Nurture,🟢 Nurture
14126.0,8,3,706.1300000000001,5,3,3,533,0,At Risk,231.35972751582548,2011-12-02 11:45:00,0,0.2603254,nurture,🟢 Nurture,🟢 Nurture
14127.0,123,3,709.71,2,3,3,233,0,At Risk,134.71073138694646,2011-08-09 10:49:00,1,0.6052222,let_go,⚪ Let Go,⚪ Let Go
14128.0,61,2,637.5,3,3,3,333,0,At Risk,174.03079834791072,2011-10-10 12:00:00,0,0.5809057,retain,🔴 Retain Immediately,🔴 Retain Immediately
14129.0,2,5,1123.8600000000001,5,4,4,544,0,At Risk,278.4332911574885,2011-12-08 11:02:00,0,0.19790444,nurture,🟢 Nurture,🟢 Nurture
14130.0,319,1,480.91,1,1,2,112,1,Hibernating,0.0,2011-01-24 16:05:00,1,0.6685883,let_go,⚪ Let Go,⚪ Let Go
14132.0,2,11,3586.0299999999997,5,5,5,555,0,At Risk,1420.9167543590288,2011-12-07 13:35:00,0,0.11660608,nurture,🟢 Nurture,🟢 Nurture
14133.0,130,3,605.64,2,3,3,233,0,At Risk,124.98060189457703,2011-08-02 11:34:00,1,0.5979983,let_go,⚪ Let Go,⚪ Let Go
14135.0,2,15,4690.31,5,5,5,555,3,Loyal Customers,958.39358340078,2011-12-08 11:38:00,0,0.0135781765,nurture,🟢 Nurture,🟢 Nurture
14138.0,2,2,965.8800000000001,5,3,4,534,0,At Risk,542.3875580861504,2011-12-08 12:44:00,0,0.0144268945,nurture,🟢 Nurture,🟢 Nurture
14139.0,46,1,415.82,3,1,2,312,0,At Risk,0.0,2011-10-24 13:34:00,0,0.6658681,let_go,⚪ Let Go,⚪ Let Go
14140.0,4,2,935.05,5,3,4,534,0,At Risk,931.9553750378279,2011-12-06 09:05:00,0,0.006758042,nurture,🟢 Nurture,🟢 Nurture
14141.0,3,4,915.13,5,4,3,543,0,At Risk,487.9884734839698,2011-12-07 09:53:00,0,0.012055682,nurture,🟢 Nurture,🟢 Nurture
14142.0,373,1,311.81,1,1,2,112,1,Hibernating,0.0,2010-12-01 16:33:00,1,0.74204737,let_go,⚪ Let Go,⚪ Let Go
14143.0,134,1,115.8,2,1,1,211,0,At Risk,0.0,2011-07-29 09:48:00,1,0.7762069,let_go,⚪ Let Go,⚪ Let Go
14145.0,47,4,3742.2,3,4,5,345,0,At Risk,1111.4020496323024,2011-10-24 12:10:00,0,0.13642131,nurture,🟢 Nurture,🟢 Nurture
14146.0,9,5,4191.0,5,4,5,545,0,At Risk,803.4919320266163,2011-12-01 10:18:00,0,0.095130995,nurture,🟢 Nurture,🟢 Nurture
14147.0,78,2,483.4,2,3,3,233,0,At Risk,142.8695398978267,2011-09-22 18:10:00,0,0.6592904,let_go,⚪ Let Go,⚪ Let Go
14148.0,234,1,157.2,1,1,1,111,1,Hibernating,0.0,2011-04-20 12:02:00,1,0.7986125,let_go,⚪ Let Go,⚪ Let Go
14149.0,221,1,446.62,1,1,2,112,1,Hibernating,0.0,2011-05-03 09:44:00,1,0.64429915,let_go,⚪ Let Go,⚪ Let Go
14150.0,36,2,658.64,3,3,3,333,0,At Risk,135.62592206329438,2011-11-04 10:05:00,0,0.68840057,let_go,⚪ Let Go,⚪ Let Go
14152.0,75,2,621.29,2,3,3,233,0,At Risk,173.6514382279846,2011-09-25 12:54:00,0,0.5809057,retain,🔴 Retain Immediately,🔴 Retain Immediately
14154.0,239,2,1345.62,1,3,4,134,1,Hibernating,0.0,2011-04-14 16:26:00,1,0.7733586,let_go,⚪ Let Go,⚪ Let Go
14155.0,266,1,118.75,1,1,1,111,1,Hibernating,0.0,2011-03-18 14:13:00,1,0.7762069,let_go,⚪ Let Go,⚪ Let Go
14156.0,10,54,116560.08,5,5,5,555,2,Champions,25753.549456496883,2011-11-30 10:54:00,0,0.0119413175,nurture,🟢 Nurture,🟢 Nurture
14157.0,20,2,424.89000000000004,4,3,2,432,0,At Risk,74.83489257697263,2011-11-20 11:32:00,0,0.68981206,let_go,⚪ Let Go,⚪ Let Go
14158.0,40,1,507.66,3,1,3,313,0,At Risk,0.0,2011-10-30 15:08:00,0,0.6685883,let_go,⚪ Let Go,⚪ Let Go
14159.0,20,11,4627.98,4,5,5,455,0,At Risk,1050.5414509383045,2011-11-20 12:36:00,0,0.075116955,nurture,🟢 Nurture,🟢 Nurture
14161.0,216,3,1097.6200000000001,1,3,4,134,1,Hibernating,235.79652004937583,2011-05-08 11:41:00,1,0.40051743,nurture,🟢 Nurture,🟢 Nurture
14162.0,174,2,289.36,2,3,2,232,1,Hibernating,52.992369640293134,2011-06-19 11:36:00,1,0.7528606,let_go,⚪ Let Go,⚪ Let Go
14163.0,87,4,2445.91,2,4,5,245,0,At Risk,795.2198752944979,2011-09-13 15:18:00,0,0.11525118,nurture,🟢 Nurture,🟢 Nurture
14164.0,71,2,1631.77,3,3,4,334,0,At Risk,478.85078507309294,2011-09-30 12:24:00,0,0.5200807,retain,🔴 Retain Immediately,🔴 Retain Immediately
14165.0,276,1,120.44,1,1,1,111,1,Hibernating,0.0,2011-03-09 12:39:00,1,0.7842942,let_go,⚪ Let Go,⚪ Let Go
14167.0,39,4,562.59,3,4,3,343,0,At Risk,121.8285931356605,2011-10-31 14:29:00,0,0.53901434,let_go,⚪ Let Go,⚪ Let Go
14171.0,98,1,363.79,2,1,2,212,0,At Risk,0.0,2011-09-02 16:43:00,1,0.6658681,let_go,⚪ Let Go,⚪ Let Go
14173.0,11,4,450.84,5,4,2,542,0,At Risk,156.61394574235322,2011-11-29 11:54:00,0,0.1781912,monitor,🔵 Monitor,🔵 Monitor
14174.0,33,1,134.46,4,1,1,411,0,At Risk,0.0,2011-11-06 13:17:00,0,0.79418945,let_go,⚪ Let Go,⚪ Let Go
14175.0,60,3,3222.3,3,3,5,335,0,At Risk,929.3447515809069,2011-10-11 11:55:00,0,0.3343136,nurture,🟢 Nurture,🟢 Nurture
14176.0,297,4,576.9000000000001,1,4,3,143,1,Hibernating,121.94850636666698,2011-02-15 13:12:00,1,0.53901434,let_go,⚪ Let Go,⚪ Let Go
14177.0,86,4,549.46,2,4,3,243,0,At Risk,243.38342791184155,2011-09-14 15:11:00,0,0.14573582,nurture,🟢 Nurture,🟢 Nurture
14178.0,9,7,1580.26,5,5,4,554,0,At Risk,625.6222773440606,2011-12-01 12:01:00,0,0.02825805,nurture,🟢 Nurture,🟢 Nurture
14179.0,41,2,701.57,3,3,3,333,0,At Risk,294.0918906854611,2011-10-30 12:07:00,0,0.47083154,nurture,🟢 Nurture,🟢 Nurture
14180.0,11,25,4748.52,5,5,5,555,3,Loyal Customers,1016.9087024582614,2011-11-29 10:56:00,0,0.044565838,nurture,🟢 Nurture,🟢 Nurture
14184.0,67,1,452.89,3,1,2,312,0,At Risk,0.0,2011-10-04 12:43:00,0,0.64429915,let_go,⚪ Let Go,⚪ Let Go
14185.0,331,1,197.65,1,1,1,111,1,Hibernating,0.0,2011-01-12 13:52:00,1,0.7252728,let_go,⚪ Let Go,⚪ Let Go
14188.0,31,6,2054.36,4,5,5,455,0,At Risk,477.87733258473895,2011-11-09 12:45:00,0,0.10337832,nurture,🟢 Nurture,🟢 Nurture
14189.0,2,15,4654.08,5,5,5,555,3,Loyal Customers,999.6498048833689,2011-12-07 15:55:00,0,0.026810165,nurture,🟢 Nurture,🟢 Nurture
14191.0,2,13,4684.76,5,5,5,555,0,At Risk,1661.0526409177937,2011-12-08 09:23:00,0,0.12393645,nurture,🟢 Nurture,🟢 Nurture
14193.0,68,2,853.39,3,3,3,333,0,At Risk,214.85171139913353,2011-10-03 09:34:00,0,0.71892005,retain,🔴 Retain Immediately,🔴 Retain Immediately
14194.0,5,21,11349.52,5,5,5,555,3,Loyal Customers,2922.1646963790313,2011-12-05 10:38:00,0,0.0051216776,nurture,🟢 Nurture,🟢 Nurture
14195.0,202,2,1012.0,1,3,4,134,1,Hibernating,98.12475952519372,2011-05-22 10:29:00,1,0.7841875,let_go,⚪ Let Go,⚪ Let Go
14196.0,107,1,335.52,2,1,2,212,0,At Risk,0.0,2011-08-25 10:25:00,1,0.70767343,let_go,⚪ Let Go,⚪ Let Go
14198.0,18,4,701.4,4,4,3,443,0,At Risk,203.61936997969934,2011-11-21 16:35:00,0,0.17622069,nurture,🟢 Nurture,🟢 Nurture
14199.0,218,1,185.39999999999998,1,1,1,111,1,Hibernating,0.0,2011-05-05 13:44:00,1,0.7252728,let_go,⚪ Let Go,⚪ Let Go
14201.0,60,7,747.44,3,5,3,353,0,At Risk,169.11487942019923,2011-10-10 13:27:00,0,0.061908197,nurture,🟢 Nurture,🟢 Nurture
14204.0,2,1,150.61,5,1,1,511,0,At Risk,0.0,2011-12-07 13:38:00,0,0.7604684,let_go,⚪ Let Go,⚪ Let Go
14205.0,17,2,466.7,4,3,2,432,0,At Risk,124.42410551287892,2011-11-23 10:55:00,0,0.6592904,let_go,⚪ Let Go,⚪ Let Go
14206.0,239,1,328.15999999999997,1,1,2,112,1,Hibernating,0.0,2011-04-14 16:38:00,1,0.7176327,let_go,⚪ Let Go,⚪ Let Go
14208.0,95,1,151.74,2,1,1,211,0,At Risk,0.0,2011-09-06 12:48:00,1,0.7604684,let_go,⚪ Let Go,⚪ Let Go
14209.0,11,6,2073.43,5,5,5,555,0,At Risk,467.74390784041316,2011-11-29 10:18:00,0,0.10337832,nurture,🟢 Nurture,🟢 Nurture
14210.0,106,6,1905.8400000000001,2,5,4,254,0,At Risk,392.10565516432206,2011-08-26 12:36:00,1,0.15178652,nurture,🟢 Nurture,🟢 Nurture
14211.0,53,9,2241.1,3,5,5,355,0,At Risk,606.4986804182382,2011-10-17 13:23:00,0,0.04495513,nurture,🟢 Nurture,🟢 Nurture
14212.0,90,1,1070.48,2,1,4,214,0,At Risk,0.0,2011-09-11 12:45:00,0,0.5730422,let_go,⚪ Let Go,⚪ Let Go
14214.0,31,5,1004.38,4,4,4,444,0,At Risk,120.91861115543168,2011-11-09 10:31:00,0,0.40876028,monitor,🔵 Monitor,🔵 Monitor
14215.0,12,6,1789.72,5,5,4,554,0,At Risk,400.6623993485808,2011-11-28 12:19:00,0,0.12661107,nurture,🟢 Nurture,🟢 Nurture
14216.0,3,4,1839.3,5,4,4,544,0,At Risk,2105.1614280743343,2011-12-06 14:56:00,0,0.0040593045,nurture,🟢 Nurture,🟢 Nurture
14217.0,2,17,2004.98,5,5,4,554,3,Loyal Customers,434.43422481374455,2011-12-08 11:53:00,0,0.025657753,nurture,🟢 Nurture,🟢 Nurture
14218.0,43,1,169.48000000000002,3,1,1,311,0,At Risk,0.0,2011-10-28 10:00:00,0,0.7252728,let_go,⚪ Let Go,⚪ Let Go
14219.0,4,1,89.94,5,1,1,511,0,At Risk,0.0,2011-12-05 16:23:00,0,0.78954464,let_go,⚪ Let Go,⚪ Let Go
14220.0,247,2,632.4,1,3,3,133,1,Hibernating,123.3578999058054,2011-04-06 13:23:00,1,0.68840057,let_go,⚪ Let Go,⚪ Let Go
14221.0,42,9,3432.8,3,5,5,355,0,At Risk,813.9920365135422,2011-10-28 13:42:00,0,0.07723974,nurture,🟢 Nurture,🟢 Nurture
14222.0,177,1,683.17,2,1,3,213,1,Hibernating,0.0,2011-06-15 16:42:00,1,0.64016676,let_go,⚪ Let Go,⚪ Let Go
14223.0,92,3,991.13,2,3,4,234,0,At Risk,269.2133988334312,2011-09-08 13:38:00,1,0.35086858,nurture,🟢 Nurture,🟢 Nurture
14224.0,110,4,1009.73,2,4,4,244,0,At Risk,231.20249998910225,2011-08-21 13:24:00,1,0.29593092,nurture,🟢 Nurture,🟢 Nurture
14226.0,29,5,2214.79,4,4,5,445,0,At Risk,420.8902664373145,2011-11-11 11:34:00,0,0.20751436,nurture,🟢 Nurture,🟢 Nurture
14227.0,26,10,3350.96,4,5,5,455,0,At Risk,815.5113470000585,2011-11-13 15:48:00,0,0.029890178,nurture,🟢 Nurture,🟢 Nurture
14229.0,52,3,1547.2,3,3,4,334,0,At Risk,346.31404785280097,2011-10-19 10:04:00,0,0.35699996,nurture,🟢 Nurture,🟢 Nurture
14231.0,184,3,925.71,1,3,4,134,1,Hibernating,223.9836971516153,2011-06-09 11:05:00,1,0.5852528,retain,🔴 Retain Immediately,🔴 Retain Immediately
14232.0,43,5,2048.07,3,4,5,345,0,At Risk,464.20331491398065,2011-10-28 11:09:00,0,0.10337832,nurture,🟢 Nurture,🟢 Nurture
14233.0,49,4,1462.72,3,4,4,344,0,At Risk,414.0248247753213,2011-10-21 15:54:00,0,0.13717847,nurture,🟢 Nurture,🟢 Nurture
14234.0,22,4,754.12,4,4,3,443,0,At Risk,484.0346333239453,2011-11-17 17:53:00,0,0.010599418,nurture,🟢 Nurture,🟢 Nurture
14235.0,75,5,3144.86,2,4,5,245,0,At Risk,832.527108833083,2011-09-25 14:37:00,0,0.15843824,nurture,🟢 Nurture,🟢 Nurture
14236.0,81,2,490.86,2,3,3,233,0,At Risk,112.50673572692133,2011-09-20 09:13:00,0,0.6592904,let_go,⚪ Let Go,⚪ Let Go
14237.0,373,1,161.0,1,1,1,111,1,Hibernating,0.0,2010-12-01 13:20:00,1,0.7986125,let_go,⚪ Let Go,⚪ Let Go
14238.0,326,1,146.85,1,1,1,111,1,Hibernating,0.0,2011-01-17 14:40:00,1,0.7604684,let_go,⚪ Let Go,⚪ Let Go
14239.0,43,11,2380.85,3,5,5,355,0,At Risk,595.6571998129691,2011-10-27 14:40:00,0,0.038765687,nurture,🟢 Nurture,🟢 Nurture
14240.0,30,2,890.34,4,3,3,433,0,At Risk,386.2191098613865,2011-11-09 13:45:00,0,0.08571511,nurture,🟢 Nurture,🟢 Nurture
14241.0,184,1,213.70000000000002,1,1,1,111,1,Hibernating,0.0,2011-06-09 11:46:00,1,0.7233779,let_go,⚪ Let Go,⚪ Let Go
14242.0,235,2,280.55,1,3,2,132,1,Hibernating,60.83110387992217,2011-04-19 11:46:00,1,0.68935364,let_go,⚪ Let Go,⚪ Let Go
14243.0,9,10,2588.77,5,5,5,555,0,At Risk,561.9258318841275,2011-12-01 11:12:00,0,0.08823906,nurture,🟢 Nurture,🟢 Nurture
14245.0,220,2,1693.45,1,3,4,134,1,Hibernating,349.1209528156018,2011-05-04 08:40:00,1,0.64393497,retain,🔴 Retain Immediately,🔴 Retain Immediately
14246.0,111,3,1474.06,2,3,4,234,0,At Risk,428.6368158248174,2011-08-21 11:50:00,1,0.44079974,nurture,🟢 Nurture,🟢 Nurture
14247.0,278,1,136.76999999999998,1,1,1,111,1,Hibernating,0.0,2011-03-06 15:21:00,1,0.7907084,let_go,⚪ Let Go,⚪ Let Go
14248.0,318,1,302.58,1,1,2,112,1,Hibernating,0.0,2011-01-25 14:45:00,1,0.74204737,let_go,⚪ Let Go,⚪ Let Go
14250.0,7,3,1904.05,5,3,4,534,0,At Risk,832.3615775669371,2011-12-02 14:30:00,0,0.109167874,nurture,🟢 Nurture,🟢 Nurture
14251.0,2,5,2879.7000000000003,5,4,5,545,0,At Risk,1835.985365705334,2011-12-08 08:32:00,0,0.0068351584,nurture,🟢 Nurture,🟢 Nurture
14256.0,260,2,969.0600000000001,1,3,4,134,1,Hibernating,168.79028371857044,2011-03-24 13:17:00,1,0.741168,retain,🔴 Retain Immediately,🔴 Retain Immediately
14257.0,64,5,3099.7200000000003,3,4,5,345,0,At Risk,717.8316679209215,2011-10-06 16:54:00,0,0.46891606,nurture,🟢 Nurture,🟢 Nurture
14258.0,9,9,12669.98,5,5,5,555,0,At Risk,2470.4462501982207,2011-11-30 15:27:00,0,0.044680778,nurture,🟢 Nurture,🟢 Nurture
14259.0,142,1,120.0,2,1,1,211,0,At Risk,0.0,2011-07-21 10:44:00,1,0.7762069,let_go,⚪ Let Go,⚪ Let Go
14261.0,51,2,1163.45,3,3,4,334,0,At Risk,301.08294579139664,2011-10-20 10:04:00,0,0.748598,retain,🔴 Retain Immediately,🔴 Retain Immediately
14262.0,8,8,2618.23,5,5,5,555,0,At Risk,835.0676995792921,2011-12-01 14:17:00,0,0.024333417,nurture,🟢 Nurture,🟢 Nurture
14264.0,155,2,333.97,2,3,2,232,1,Hibernating,119.22357644127166,2011-07-08 10:20:00,1,0.5789752,let_go,⚪ Let Go,⚪ Let Go
14265.0,109,2,530.18,2,3,3,233,0,At Risk,232.6625048984713,2011-08-22 13:32:00,1,0.46457016,nurture,🟢 Nurture,🟢 Nurture
14267.0,163,3,1516.24,2,3,4,234,1,Hibernating,348.3828578853613,2011-06-30 10:09:00,1,0.35699996,nurture,🟢 Nurture,🟢 Nurture
14270.0,332,1,492.65000000000003,1,1,3,113,1,Hibernating,0.0,2011-01-12 09:33:00,1,0.6685883,let_go,⚪ Let Go,⚪ Let Go
14271.0,226,1,112.32,1,1,1,111,1,Hibernating,0.0,2011-04-28 12:47:00,1,0.7762069,let_go,⚪ Let Go,⚪ Let Go
14272.0,74,2,437.96,2,3,2,232,0,At Risk,161.0622149174114,2011-09-27 10:08:00,0,0.24007048,nurture,🟢 Nurture,🟢 Nurture
14273.0,51,4,559.97,3,4,3,343,0,At Risk,174.01696442254084,2011-10-19 13:20:00,0,0.17115548,nurture,🟢 Nurture,🟢 Nurture
14276.0,99,3,1119.74,2,3,4,234,0,At Risk,281.5112985648424,2011-09-02 09:45:00,1,0.39278287,nurture,🟢 Nurture,🟢 Nurture
14277.0,15,3,4152.0,4,3,5,435,0,At Risk,1195.5151691644155,2011-11-24 15:01:00,0,0.24117626,nurture,🟢 Nurture,🟢 Nurture
14280.0,197,1,134.04,1,1,1,111,1,Hibernating,0.0,2011-05-27 10:37:00,1,0.79418945,let_go,⚪ Let Go,⚪ Let Go
14282.0,3,15,3701.44,5,5,5,555,3,Loyal Customers,720.3922588129477,2011-12-06 17:04:00,0,0.020163687,nurture,🟢 Nurture,🟢 Nurture
14284.0,31,2,595.25,4,3,3,433,0,At Risk,435.9692527763337,2011-11-09 08:11:00,0,0.062165517,nurture,🟢 Nurture,🟢 Nurture
14285.0,21,4,1910.01,4,4,4,444,0,At Risk,969.3083929489092,2011-11-18 14:50:00,0,0.045227583,nurture,🟢 Nurture,🟢 Nurture
14286.0,24,3,4628.75,4,3,5,435,0,At Risk,1088.408050927812,2011-11-16 10:34:00,0,0.29834345,nurture,🟢 Nurture,🟢 Nurture
14287.0,8,3,176.63,5,3,1,531,0,At Risk,62.735113891426565,2011-12-01 13:25:00,0,0.60936385,let_go,⚪ Let Go,⚪ Let Go
14288.0,213,1,426.6,1,1,2,112,1,Hibernating,0.0,2011-05-10 13:22:00,1,0.64429915,let_go,⚪ Let Go,⚪ Let Go
14289.0,9,6,911.26,5,5,3,553,0,At Risk,181.7570084250499,2011-12-01 11:44:00,0,0.14556566,nurture,🟢 Nurture,🟢 Nurture
14290.0,11,5,2314.65,5,4,5,545,0,At Risk,396.73505609997034,2011-11-28 14:02:00,0,0.20751436,nurture,🟢 Nurture,🟢 Nurture
14291.0,2,11,3883.25,5,5,5,555,0,At Risk,913.5981217075545,2011-12-08 10:26:00,0,0.036167394,nurture,🟢 Nurture,🟢 Nurture
14292.0,8,9,4871.93,5,5,5,555,0,At Risk,1383.3076618698801,2011-12-02 11:50:00,0,0.12898156,nurture,🟢 Nurture,🟢 Nurture
14293.0,3,4,1046.56,5,4,4,544,0,At Risk,181.33252448869416,2011-12-06 15:17:00,0,0.3117513,nurture,🟢 Nurture,🟢 Nurture
14295.0,40,1,166.20000000000002,3,1,1,311,0,At Risk,0.0,2011-10-30 15:50:00,0,0.7252728,let_go,⚪ Let Go,⚪ Let Go
14297.0,18,4,1305.33,4,4,4,444,0,At Risk,372.12142957282373,2011-11-22 09:06:00,0,0.13727091,nurture,🟢 Nurture,🟢 Nurture
14298.0,8,44,51527.3,5,5,5,555,3,Loyal Customers,11171.697265098353,2011-12-01 13:12:00,0,0.0119413175,nurture,🟢 Nurture,🟢 Nurture
14299.0,8,9,3965.62,5,5,5,555,0,At Risk,842.5969679680977,2011-12-01 16:05:00,0,0.0616797,nurture,🟢 Nurture,🟢 Nurture
14300.0,19,1,43.2,4,1,1,411,0,At Risk,0.0,2011-11-21 08:57:00,0,0.7398539,let_go,⚪ Let Go,⚪ Let Go
14301.0,117,1,640.14,2,1,3,213,0,At Risk,0.0,2011-08-14 15:33:00,1,0.62328583,let_go,⚪ Let Go,⚪ Let Go
14304.0,223,1,383.45,1,1,2,112,1,Hibernating,0.0,2011-05-01 11:50:00,1,0.6658681,let_go,⚪ Let Go,⚪ Let Go
14305.0,71,3,1858.96,3,3,4,334,0,At Risk,565.1036312867699,2011-09-29 15:29:00,0,0.23251352,nurture,🟢 Nurture,🟢 Nurture
14306.0,51,2,2093.32,3,3,5,335,0,At Risk,499.5510728365174,2011-10-19 13:23:00,0,0.64473915,retain,🔴 Retain Immediately,🔴 Retain Immediately
14307.0,89,6,2995.72,2,5,5,255,0,At Risk,553.796007265925,2011-09-12 09:38:00,0,0.30859196,nurture,🟢 Nurture,🟢 Nurture
14309.0,8,9,2352.53,5,5,5,555,0,At Risk,535.0699333819553,2011-12-01 13:33:00,0,0.064998254,nurture,🟢 Nurture,🟢 Nurture
14311.0,243,1,310.26,1,1,2,112,1,Hibernating,0.0,2011-04-11 10:14:00,1,0.74204737,let_go,⚪ Let Go,⚪ Let Go
14312.0,47,6,1611.59,3,5,4,354,0,At Risk,348.4232662003943,2011-10-24 09:46:00,0,0.13364327,nurture,🟢 Nurture,🟢 Nurture
14314.0,107,1,120.0,2,1,1,211,0,At Risk,0.0,2011-08-25 10:39:00,1,0.7762069,let_go,⚪ Let Go,⚪ Let Go
14315.0,45,6,2481.13,3,5,5,355,0,At Risk,645.5078922272808,2011-10-26 12:06:00,0,0.091867656,nurture,🟢 Nurture,🟢 Nurture
14317.0,65,1,508.58000000000004,3,1,3,313,0,At Risk,0.0,2011-10-06 10:44:00,0,0.6685883,let_go,⚪ Let Go,⚪ Let Go
14320.0,207,2,477.79,1,3,2,132,1,Hibernating,52.74242797467445,2011-05-17 09:24:00,1,0.8506902,let_go,⚪ Let Go,⚪ Let Go
14321.0,11,5,1530.75,5,4,4,544,0,At Risk,334.75905860699606,2011-11-29 09:47:00,0,0.15451981,nurture,🟢 Nurture,🟢 Nurture
14323.0,115,2,605.0600000000001,2,3,3,233,0,At Risk,170.23635338291274,2011-08-17 11:37:00,1,0.5809057,retain,🔴 Retain Immediately,🔴 Retain Immediately
14326.0,242,1,183.85,1,1,1,111,1,Hibernating,0.0,2011-04-11 15:04:00,1,0.7252728,let_go,⚪ Let Go,⚪ Let Go
14327.0,163,1,311.65,2,1,2,212,1,Hibernating,0.0,2011-06-29 13:58:00,1,0.74204737,let_go,⚪ Let Go,⚪ Let Go
14329.0,17,7,4975.24,4,5,5,455,0,At Risk,935.8939433878735,2011-11-22 15:50:00,0,0.04138083,nurture,🟢 Nurture,🟢 Nurture
14331.0,124,2,462.65999999999997,2,3,2,232,0,At Risk,73.54237840589657,2011-08-07 13:17:00,1,0.7720227,let_go,⚪ Let Go,⚪ Let Go
14332.0,23,3,840.21,4,3,3,433,0,At Risk,467.05213139092086,2011-11-17 11:54:00,0,0.032137077,nurture,🟢 Nurture,🟢 Nurture
14333.0,68,1,415.2,3,1,2,312,0,At Risk,0.0,2011-10-03 10:38:00,0,0.6658681,let_go,⚪ Let Go,⚪ Let Go
14334.0,17,8,2552.21,4,5,5,455,0,At Risk,547.0631495320498,2011-11-23 10:01:00,0,0.062034503,nurture,🟢 Nurture,🟢 Nurture
14335.0,16,2,454.86,4,3,2,432,0,At Risk,128.71540418769894,2011-11-23 13:41:00,0,0.64831334,let_go,⚪ Let Go,⚪ Let Go
14336.0,17,4,1614.91,4,4,4,444,0,At Risk,372.3755238150287,2011-11-23 11:40:00,0,0.18571836,nurture,🟢 Nurture,🟢 Nurture
14338.0,161,2,588.22,2,3,3,233,1,Hibernating,7.770637958155139,2011-07-01 14:08:00,1,0.8140454,let_go,⚪ Let Go,⚪ Let Go
14339.0,243,1,309.52,1,1,2,112,1,Hibernating,0.0,2011-04-11 11:06:00,1,0.74204737,let_go,⚪ Let Go,⚪ Let Go
14340.0,219,1,134.7,1,1,1,111,1,Hibernating,0.0,2011-05-05 09:44:00,1,0.79418945,let_go,⚪ Let Go,⚪ Let Go
14341.0,45,8,2166.98,3,5,5,355,0,At Risk,530.4475969308044,2011-10-25 15:48:00,0,0.07105544,nurture,🟢 Nurture,🟢 Nurture
14342.0,21,4,668.5600000000001,4,4,3,443,0,At Risk,158.42704380433236,2011-11-18 13:21:00,0,0.2680767,nurture,🟢 Nurture,🟢 Nurture
14344.0,127,8,889.9300000000001,2,5,3,253,0,At Risk,136.18222888427772,2011-08-04 13:51:00,1,0.13216917,monitor,🔵 Monitor,🔵 Monitor
14345.0,39,1,108.97999999999999,3,1,1,311,0,At Risk,0.0,2011-11-01 09:51:00,0,0.7762069,let_go,⚪ Let Go,⚪ Let Go
14346.0,121,2,1021.58,2,3,4,234,0,At Risk,345.1434647723822,2011-08-11 09:47:00,1,0.4820186,nurture,🟢 Nurture,🟢 Nurture
14348.0,260,1,409.57,1,1,2,112,1,Hibernating,0.0,2011-03-24 16:23:00,1,0.6658681,let_go,⚪ Let Go,⚪ Let Go
14349.0,10,1,133.5,5,1,1,511,0,At Risk,0.0,2011-11-29 15:39:00,0,0.79418945,let_go,⚪ Let Go,⚪ Let Go
14350.0,274,1,282.93,1,1,2,112,1,Hibernating,0.0,2011-03-10 14:14:00,1,0.6907499,let_go,⚪ Let Go,⚪ Let Go
14351.0,165,1,51.0,2,1,1,211,1,Hibernating,0.0,2011-06-28 11:56:00,1,0.7398539,let_go,⚪ Let Go,⚪ Let Go
14352.0,157,4,1078.96,2,4,4,244,1,Hibernating,322.4256367913059,2011-07-05 15:41:00,1,0.18853644,nurture,🟢 Nurture,🟢 Nurture
14353.0,215,1,90.6,1,1,1,111,1,Hibernating,0.0,2011-05-08 16:06:00,1,0.7490496,let_go,⚪ Let Go,⚪ Let Go
14354.0,6,2,163.62,5,3,1,531,0,At Risk,189.26529284212393,2011-12-04 11:32:00,0,0.07456831,nurture,🟢 Nurture,🟢 Nurture
14355.0,366,1,174.4,1,1,1,111,1,Hibernating,0.0,2010-12-09 12:16:00,1,0.7252728,let_go,⚪ Let Go,⚪ Let Go
14356.0,80,2,701.23,2,3,3,233,0,At Risk,472.275304085382,2011-09-21 09:18:00,0,0.041695777,nurture,🟢 Nurture,🟢 Nurture
14357.0,43,1,225.12,3,1,1,311,0,At Risk,0.0,2011-10-27 16:23:00,0,0.7233779,let_go,⚪ Let Go,⚪ Let Go
14359.0,19,3,912.18,4,3,3,433,0,At Risk,418.38347701631585,2011-11-20 13:17:00,0,0.06695195,nurture,🟢 Nurture,🟢 Nurture
14360.0,32,4,2118.03,4,4,5,445,0,At Risk,911.4401787942995,2011-11-08 09:12:00,0,0.06218736,nurture,🟢 Nurture,🟢 Nurture
14362.0,22,1,151.5,4,1,1,411,0,At Risk,0.0,2011-11-17 15:08:00,0,0.7604684,let_go,⚪ Let Go,⚪ Let Go
14364.0,109,8,3717.35,2,5,5,255,0,At Risk,1193.2526393534106,2011-08-23 11:01:00,1,0.34048173,nurture,🟢 Nurture,🟢 Nurture
14367.0,8,16,9227.82,5,5,5,555,3,Loyal Customers,2471.3217910924554,2011-12-01 13:19:00,0,0.0050126836,nurture,🟢 Nurture,🟢 Nurture
14368.0,320,1,155.0,1,1,1,111,1,Hibernating,0.0,2011-01-24 09:52:00,1,0.7986125,let_go,⚪ Let Go,⚪ Let Go
14371.0,295,1,100.5,1,1,1,111,1,Hibernating,0.0,2011-02-17 16:35:00,1,0.8111666,let_go,⚪ Let Go,⚪ Let Go
14373.0,358,1,76.55,1,1,1,111,1,Hibernating,0.0,2010-12-16 15:40:00,1,0.76284915,let_go,⚪ Let Go,⚪ Let Go
14375.0,185,1,235.56,1,1,1,111,1,Hibernating,0.0,2011-06-07 13:44:00,1,0.7233779,let_go,⚪ Let Go,⚪ Let Go
14377.0,191,2,617.05,1,3,3,133,1,Hibernating,154.95806041984844,2011-06-01 13:32:00,1,0.6725723,let_go,⚪ Let Go,⚪ Let Go
14379.0,44,2,348.1,3,3,2,332,0,At Risk,109.61119049257911,2011-10-26 16:43:00,0,0.60323524,let_go,⚪ Let Go,⚪ Let Go
14381.0,52,1,202.68,3,1,1,311,0,At Risk,0.0,2011-10-18 17:10:00,0,0.7252728,let_go,⚪ Let Go,⚪ Let Go
14382.0,26,1,615.49,4,1,3,413,0,At Risk,0.0,2011-11-13 16:18:00,0,0.62328583,let_go,⚪ Let Go,⚪ Let Go
14383.0,38,3,1247.69,3,3,4,334,0,At Risk,597.1456034065686,2011-11-01 15:53:00,0,0.041461468,nurture,🟢 Nurture,🟢 Nurture
14385.0,9,3,202.11,5,3,1,531,0,At Risk,313.2733607527331,2011-11-30 15:36:00,0,0.09829015,nurture,🟢 Nurture,🟢 Nurture
14386.0,297,1,142.4,1,1,1,111,1,Hibernating,0.0,2011-02-16 09:45:00,1,0.8024771,let_go,⚪ Let Go,⚪ Let Go
14387.0,33,3,1727.6,4,3,4,434,0,At Risk,1054.6153725478123,2011-11-07 12:29:00,0,0.06513106,nurture,🟢 Nurture,🟢 Nurture
14388.0,10,8,3212.84,5,5,5,555,0,At Risk,685.930590318897,2011-11-29 13:32:00,0,0.08975673,nurture,🟢 Nurture,🟢 Nurture
14389.0,65,2,1043.46,3,3,4,334,0,At Risk,493.0401585399576,2011-10-05 15:17:00,0,0.16189884,nurture,🟢 Nurture,🟢 Nurture
14390.0,10,9,4642.57,5,5,5,555,0,At Risk,1044.7180647295675,2011-11-29 13:49:00,0,0.09816374,nurture,🟢 Nurture,🟢 Nurture
14393.0,218,1,67.95,1,1,1,111,1,Hibernating,0.0,2011-05-05 18:16:00,1,0.8278831,let_go,⚪ Let Go,⚪ Let Go
14395.0,2,9,3479.91,5,5,5,555,0,At Risk,742.6120138626525,2011-12-07 14:34:00,0,0.07723974,nurture,🟢 Nurture,🟢 Nurture
14396.0,65,2,487.99,3,3,3,333,0,At Risk,140.89847994622687,2011-10-05 16:09:00,0,0.6592904,let_go,⚪ Let Go,⚪ Let Go
14397.0,3,19,2612.96,5,5,5,555,3,Loyal Customers,908.4876540205926,2011-12-07 09:22:00,0,0.009851414,nurture,🟢 Nurture,🟢 Nurture
14400.0,149,1,574.7,2,1,3,213,1,Hibernating,0.0,2011-07-13 15:50:00,1,0.69083667,let_go,⚪ Let Go,⚪ Let Go
14401.0,4,13,4051.48,5,5,5,555,0,At Risk,899.0898878080459,2011-12-05 13:30:00,0,0.009922908,nurture,🟢 Nurture,🟢 Nurture
14403.0,130,4,1475.81,2,4,4,244,0,At Risk,261.1062146464456,2011-08-01 12:57:00,1,0.40912935,nurture,🟢 Nurture,🟢 Nurture
14404.0,34,6,1449.32,3,5,4,354,0,At Risk,325.0971082685679,2011-11-06 12:30:00,0,0.12666528,nurture,🟢 Nurture,🟢 Nurture
14406.0,119,1,156.75,2,1,1,211,0,At Risk,0.0,2011-08-12 16:54:00,1,0.7986125,let_go,⚪ Let Go,⚪ Let Go
14407.0,107,5,2142.73,2,4,5,245,0,At Risk,587.5869122042812,2011-08-24 14:02:00,1,0.1887875,nurture,🟢 Nurture,🟢 Nurture
14408.0,11,7,2599.03,5,5,5,555,0,At Risk,735.2124870419643,2011-11-29 11:41:00,0,0.024333417,nurture,🟢 Nurture,🟢 Nurture
14409.0,71,6,2059.4500000000003,3,5,5,355,0,At Risk,438.77337347798516,2011-09-29 18:18:00,0,0.16223314,nurture,🟢 Nurture,🟢 Nurture
14410.0,92,9,1099.27,2,5,4,254,0,At Risk,276.8841107797772,2011-09-08 15:08:00,1,0.062272288,nurture,🟢 Nurture,🟢 Nurture
14411.0,311,1,1063.0,1,1,4,114,1,Hibernating,0.0,2011-02-02 10:56:00,1,0.5730422,let_go,⚪ Let Go,⚪ Let Go
14412.0,43,2,770.03,3,3,3,333,0,At Risk,443.5944098271608,2011-10-28 10:45:00,0,0.05322121,nurture,🟢 Nurture,🟢 Nurture
14413.0,362,1,121.05,1,1,1,111,1,Hibernating,0.0,2010-12-12 13:37:00,1,0.7842942,let_go,⚪ Let Go,⚪ Let Go
14414.0,92,7,1496.98,2,5,4,254,0,At Risk,318.199755197639,2011-09-09 12:09:00,1,0.19539769,nurture,🟢 Nurture,🟢 Nurture
14415.0,1,13,5855.57,5,5,5,555,3,Loyal Customers,1179.1378708402863,2011-12-08 14:38:00,0,0.029774876,nurture,🟢 Nurture,🟢 Nurture
14416.0,22,2,490.22,4,3,3,433,0,At Risk,265.49448923443936,2011-11-17 15:22:00,0,0.12960328,nurture,🟢 Nurture,🟢 Nurture
14418.0,4,3,1937.25,5,3,4,534,0,At Risk,1473.6001972966583,2011-12-06 11:39:00,0,0.023381859,nurture,🟢 Nurture,🟢 Nurture
14419.0,11,6,1051.79,5,5,4,554,0,At Risk,231.6117532990482,2011-11-29 11:22:00,0,0.22682421,nurture,🟢 Nurture,🟢 Nurture
14420.0,99,1,387.52,2,1,2,212,0,At Risk,0.0,2011-09-01 18:07:00,1,0.6658681,let_go,⚪ Let Go,⚪ Let Go
14421.0,57,2,813.11,3,3,3,333,0,At Risk,221.35590565413207,2011-10-13 13:24:00,0,0.74232167,retain,🔴 Retain Immediately,🔴 Retain Immediately
14422.0,1,6,4263.64,5,5,5,555,0,At Risk,1272.6209735320501,2011-12-09 11:26:00,0,0.13945635,nurture,🟢 Nurture,🟢 Nurture
14423.0,218,1,265.2,1,1,2,112,1,Hibernating,0.0,2011-05-05 15:12:00,1,0.7233779,let_go,⚪ Let Go,⚪ Let Go
14424.0,18,1,322.08,4,1,2,412,0,At Risk,0.0,2011-11-22 11:48:00,0,0.67603123,let_go,⚪ Let Go,⚪ Let Go
14426.0,24,10,4481.67,4,5,5,455,0,At Risk,1063.4133257736949,2011-11-16 12:25:00,0,0.075116955,nurture,🟢 Nurture,🟢 Nurture
14427.0,50,2,363.34000000000003,3,3,2,332,0,At Risk,70.57893834167851,2011-10-20 14:23:00,0,0.739772,let_go,⚪ Let Go,⚪ Let Go
14428.0,7,5,1224.06,5,4,4,544,0,At Risk,290.2633718845235,2011-12-02 13:17:00,0,0.19019839,nurture,🟢 Nurture,🟢 Nurture
14431.0,303,1,470.36,1,1,2,112,1,Hibernating,0.0,2011-02-10 10:40:00,1,0.6685883,let_go,⚪ Let Go,⚪ Let Go
14432.0,10,6,2248.5,5,5,5,555,0,At Risk,1624.086268574662,2011-11-30 08:04:00,0,0.012197103,nurture,🟢 Nurture,🟢 Nurture
14434.0,22,6,1372.8,4,5,4,454,0,At Risk,1004.4293981754528,2011-11-18 08:56:00,0,0.0116311675,nurture,🟢 Nurture,🟢 Nurture
14436.0,99,1,89.06,2,1,1,211,0,At Risk,0.0,2011-09-02 10:13:00,1,0.78954464,let_go,⚪ Let Go,⚪ Let Go
14437.0,366,1,63.0,1,1,1,111,1,Hibernating,0.0,2010-12-09 09:27:00,1,0.8278831,let_go,⚪ Let Go,⚪ Let Go
14438.0,306,1,131.9,1,1,1,111,1,Hibernating,0.0,2011-02-06 14:56:00,1,0.79418945,let_go,⚪ Let Go,⚪ Let Go
14439.0,320,1,2661.24,1,1,5,115,1,Hibernating,0.0,2011-01-24 11:39:00,1,0.7075391,let_go,⚪ Let Go,⚪ Let Go
14440.0,8,5,2357.6800000000003,5,4,5,545,0,At Risk,434.52057068991775,2011-12-01 15:42:00,0,0.2120406,nurture,🟢 Nurture,🟢 Nurture
14441.0,1,4,1712.89,5,4,4,544,0,At Risk,501.11715256539145,2011-12-09 09:07:00,0,0.06517828,nurture,🟢 Nurture,🟢 Nurture
14442.0,205,2,1589.82,1,3,4,134,1,Hibernating,392.6882409444799,2011-05-19 11:36:00,1,0.7152411,retain,🔴 Retain Immediately,🔴 Retain Immediately
14443.0,54,4,1420.2,3,4,4,344,0,At Risk,296.45040184620933,2011-10-17 10:10:00,0,0.38883507,nurture,🟢 Nurture,🟢 Nurture
14446.0,1,4,1005.55,5,4,4,544,0,At Risk,268.6630650476844,2011-12-09 11:34:00,0,0.19604164,nurture,🟢 Nurture,🟢 Nurture
14447.0,19,5,1163.23,4,4,4,444,0,At Risk,305.81123378320683,2011-11-21 08:28:00,0,0.19019839,nurture,🟢 Nurture,🟢 Nurture
14448.0,9,2,375.35,5,3,2,532,0,At Risk,104.03613355568292,2011-11-30 13:50:00,0,0.60323524,let_go,⚪ Let Go,⚪ Let Go
14449.0,19,4,885.8,4,4,3,443,0,At Risk,177.9471794580747,2011-11-21 12:06:00,0,0.18527348,nurture,🟢 Nurture,🟢 Nurture
14450.0,181,3,483.25,1,3,3,133,1,Hibernating,106.97385430431487,2011-06-12 10:46:00,1,0.6191771,let_go,⚪ Let Go,⚪ Let Go
14451.0,60,2,643.9,3,3,3,333,0,At Risk,189.24040743099,2011-10-10 13:38:00,0,0.5317348,retain,🔴 Retain Immediately,🔴 Retain Immediately
14452.0,11,2,259.05,5,3,2,532,0,At Risk,160.65744965945356,2011-11-29 12:06:00,0,0.12017771,nurture,🟢 Nurture,🟢 Nurture
14453.0,190,1,119.93,1,1,1,111,1,Hibernating,0.0,2011-06-02 14:15:00,1,0.7762069,let_go,⚪ Let Go,⚪ Let Go
14456.0,5,9,3014.32,5,5,5,555,0,At Risk,1573.8411948898452,2011-12-04 13:59:00,0,0.23640248,nurture,🟢 Nurture,🟢 Nurture
14457.0,311,1,113.64,1,1,1,111,1,Hibernating,0.0,2011-02-02 09:39:00,1,0.7762069,let_go,⚪ Let Go,⚪ Let Go
14459.0,155,1,1837.92,2,1,4,214,1,Hibernating,0.0,2011-07-07 13:35:00,1,0.77879804,let_go,⚪ Let Go,⚪ Let Go
14460.0,110,3,434.34,2,3,2,232,0,At Risk,137.83912248653925,2011-08-21 14:19:00,1,0.5657699,let_go,⚪ Let Go,⚪ Let Go
14461.0,148,3,2102.67,2,3,5,235,1,Hibernating,524.3421121126073,2011-07-14 17:11:00,1,0.61741847,retain,🔴 Retain Immediately,🔴 Retain Immediately
14462.0,66,11,1975.57,3,5,4,354,0,At Risk,476.2157783660091,2011-10-04 15:55:00,0,0.03416554,nurture,🟢 Nurture,🟢 Nurture
14463.0,98,3,529.62,2,3,3,233,0,At Risk,203.29807789584086,2011-09-02 15:20:00,1,0.2836437,nurture,🟢 Nurture,🟢 Nurture
14465.0,247,3,1038.44,1,3,4,134,1,Hibernating,198.25172099961623,2011-04-07 12:38:00,1,0.6190884,retain,🔴 Retain Immediately,🔴 Retain Immediately
14466.0,29,7,2272.4,4,5,5,455,0,At Risk,453.88083444390554,2011-11-10 14:07:00,0,0.06561806,nurture,🟢 Nurture,🟢 Nurture
14467.0,18,4,596.26,4,4,3,443,0,At Risk,144.0229042900878,2011-11-22 12:48:00,0,0.39842835,monitor,🔵 Monitor,🔵 Monitor
14470.0,12,2,461.19,5,3,2,532,0,At Risk,78.02499202435891,2011-11-28 10:31:00,0,0.7238189,let_go,⚪ Let Go,⚪ Let Go
14472.0,104,8,1852.67,2,5,4,254,0,At Risk,396.9909421070999,2011-08-28 11:01:00,1,0.0538853,nurture,🟢 Nurture,🟢 Nurture
14473.0,74,2,234.34000000000003,2,3,1,231,0,At Risk,72.5287679608346,2011-09-26 15:10:00,0,0.70366776,let_go,⚪ Let Go,⚪ Let Go
14474.0,46,1,547.66,3,1,3,313,0,At Risk,0.0,2011-10-24 13:26:00,0,0.6685883,let_go,⚪ Let Go,⚪ Let Go
14475.0,72,3,925.85,3,3,4,334,0,At Risk,214.21196111307825,2011-09-29 10:46:00,0,0.5852528,retain,🔴 Retain Immediately,🔴 Retain Immediately
14476.0,257,1,193.0,1,1,1,111,1,Hibernating,0.0,2011-03-27 15:39:00,1,0.7252728,let_go,⚪ Let Go,⚪ Let Go
14477.0,20,4,1309.6,4,4,4,444,0,At Risk,369.27132388508755,2011-11-20 11:11:00,0,0.13727091,nurture,🟢 Nurture,🟢 Nurture
14479.0,254,2,316.25,1,3,2,132,1,Hibernating,54.58083656441092,2011-03-31 09:07:00,1,0.80716103,let_go,⚪ Let Go,⚪ Let Go
14480.0,11,1,279.05,5,1,2,512,0,At Risk,0.0,2011-11-28 16:35:00,0,0.6907499,let_go,⚪ Let Go,⚪ Let Go
14481.0,165,2,636.51,2,3,3,233,1,Hibernating,157.39752327785973,2011-06-28 10:38:00,1,0.6725723,retain,🔴 Retain Immediately,🔴 Retain Immediately
14482.0,18,6,2022.81,4,5,4,454,0,At Risk,649.3813978904632,2011-11-21 13:14:00,0,0.064953744,nurture,🟢 Nurture,🟢 Nurture
14483.0,282,1,137.1,1,1,1,111,1,Hibernating,0.0,2011-03-03 10:26:00,1,0.7907084,let_go,⚪ Let Go,⚪ Let Go
14484.0,50,1,321.92,3,1,2,312,0,At Risk,0.0,2011-10-20 14:11:00,0,0.67603123,let_go,⚪ Let Go,⚪ Let Go
14485.0,39,1,162.8,3,1,1,311,0,At Risk,0.0,2011-11-01 12:25:00,0,0.77871877,let_go,⚪ Let Go,⚪ Let Go
14487.0,27,6,1165.48,4,5,4,454,0,At Risk,264.13808786796056,2011-11-13 12:17:00,0,0.14544265,nurture,🟢 Nurture,🟢 Nurture
14488.0,68,1,1064.28,3,1,4,314,0,At Risk,0.0,2011-10-03 09:30:00,0,0.5730422,let_go,⚪ Let Go,⚪ Let Go
14489.0,207,1,463.38,1,1,2,112,1,Hibernating,0.0,2011-05-16 14:51:00,1,0.6685883,let_go,⚪ Let Go,⚪ Let Go
14491.0,175,2,340.93,2,3,2,232,1,Hibernating,80.13206423366506,2011-06-17 15:22:00,1,0.66440064,let_go,⚪ Let Go,⚪ Let Go
14493.0,7,5,2383.2400000000002,5,4,5,545,0,At Risk,959.1549105687526,2011-12-02 16:14:00,0,0.04476789,nurture,🟢 Nurture,🟢 Nurture
14494.0,26,1,139.56,4,1,1,411,0,At Risk,0.0,2011-11-14 09:21:00,0,0.8024771,let_go,⚪ Let Go,⚪ Let Go
14495.0,51,2,123.8,3,3,1,331,0,At Risk,84.32015299615648,2011-10-20 12:28:00,0,0.4225874,monitor,🔵 Monitor,🔵 Monitor
14496.0,312,2,538.8100000000001,1,3,3,133,1,Hibernating,87.56057022383159,2011-02-01 09:01:00,1,0.7115318,let_go,⚪ Let Go,⚪ Let Go
14497.0,309,1,475.37,1,1,2,112,1,Hibernating,0.0,2011-02-03 17:01:00,1,0.6685883,let_go,⚪ Let Go,⚪ Let Go
14498.0,43,5,1957.32,3,4,4,344,0,At Risk,462.14120985902434,2011-10-28 12:09:00,0,0.10775376,nurture,🟢 Nurture,🟢 Nurture
14499.0,26,3,808.44,4,3,3,433,0,At Risk,256.8350637205584,2011-11-13 13:01:00,0,0.2700068,nurture,🟢 Nurture,🟢 Nurture
14500.0,88,3,356.85,2,3,2,232,0,At Risk,39.51557384105722,2011-09-12 16:45:00,0,0.5446663,let_go,⚪ Let Go,⚪ Let Go
14501.0,184,2,251.21,1,3,2,132,1,Hibernating,79.7177052372941,2011-06-09 12:02:00,1,0.5318899,let_go,⚪ Let Go,⚪ Let Go
14502.0,20,11,2426.79,4,5,5,455,0,At Risk,623.8808361396684,2011-11-20 11:50:00,0,0.028164692,nurture,🟢 Nurture,🟢 Nurture
14503.0,3,6,3543.26,5,5,5,555,0,At Risk,1381.3004858201368,2011-12-06 13:30:00,0,0.06273118,nurture,🟢 Nurture,🟢 Nurture
14504.0,47,4,673.26,3,4,3,343,0,At Risk,180.76293892512675,2011-10-23 16:00:00,0,0.16883752,nurture,🟢 Nurture,🟢 Nurture
14505.0,17,8,5859.43,4,5,5,455,0,At Risk,1168.5492301136846,2011-11-22 15:45:00,0,0.08103665,nurture,🟢 Nurture,🟢 Nurture
14506.0,17,5,1960.65,4,4,4,444,0,At Risk,430.86708482390355,2011-11-22 13:02:00,0,0.16223314,nurture,🟢 Nurture,🟢 Nurture
14507.0,24,6,1367.88,4,5,4,454,0,At Risk,326.0054507667258,2011-11-16 12:21:00,0,0.12666528,nurture,🟢 Nurture,🟢 Nurture
14508.0,22,2,268.05,4,3,2,432,0,At Risk,164.4808171881778,2011-11-17 19:48:00,0,0.08877768,nurture,🟢 Nurture,🟢 Nurture
14511.0,11,5,1314.81,5,4,4,544,0,At Risk,722.2308235541385,2011-11-28 17:05:00,0,0.015162382,nurture,🟢 Nurture,🟢 Nurture
14512.0,188,2,275.28,1,3,2,132,1,Hibernating,86.01711784173501,2011-06-05 12:39:00,1,0.3124324,monitor,🔵 Monitor,🔵 Monitor
14513.0,101,3,455.59000000000003,2,3,2,232,0,At Risk,159.02929922094017,2011-08-31 11:25:00,1,0.26075903,nurture,🟢 Nurture,🟢 Nurture
14514.0,61,3,990.2,3,3,4,334,0,At Risk,235.12239816229578,2011-10-09 16:05:00,0,0.43516135,nurture,🟢 Nurture,🟢 Nurture
14515.0,18,6,2076.89,4,5,5,455,0,At Risk,669.3375174965298,2011-11-22 11:37:00,0,0.06879541,nurture,🟢 Nurture,🟢 Nurture
14517.0,33,2,330.45,4,3,2,432,0,At Risk,70.14246062655995,2011-11-06 14:20:00,0,0.7088968,let_go,⚪ Let Go,⚪ Let Go
14518.0,64,1,174.37,3,1,1,311,0,At Risk,0.0,2011-10-06 14:43:00,0,0.7252728,let_go,⚪ Let Go,⚪ Let Go
14520.0,2,2,270.6,5,3,2,532,0,At Risk,50.510159096861685,2011-12-08 09:46:00,0,0.7528606,let_go,⚪ Let Go,⚪ Let Go
14522.0,24,4,974.54,4,4,4,444,0,At Risk,321.5391685193987,2011-11-15 13:24:00,0,0.11957297,nurture,🟢 Nurture,🟢 Nurture
14523.0,108,1,241.09,2,1,1,211,0,At Risk,0.0,2011-08-23 13:13:00,1,0.7233779,let_go,⚪ Let Go,⚪ Let Go
14524.0,32,9,1843.83,4,5,4,454,0,At Risk,394.9232135042078,2011-11-08 12:29:00,0,0.0538853,nurture,🟢 Nurture,🟢 Nurture
14525.0,20,9,4215.9,4,5,5,455,0,At Risk,903.3865763188271,2011-11-20 11:37:00,0,0.08280589,nurture,🟢 Nurture,🟢 Nurture
14527.0,3,55,8506.13,5,5,5,555,3,Loyal Customers,1824.406528636513,2011-12-07 12:19:00,0,0.0051216776,nurture,🟢 Nurture,🟢 Nurture
14528.0,37,1,364.21999999999997,3,1,2,312,0,At Risk,0.0,2011-11-02 17:09:00,0,0.6658681,let_go,⚪ Let Go,⚪ Let Go
14529.0,60,3,578.61,3,3,3,333,0,At Risk,362.75969466568534,2011-10-10 15:27:00,0,0.037731122,nurture,🟢 Nurture,🟢 Nurture
14530.0,26,6,2862.11,4,5,5,455,0,At Risk,661.1752081336383,2011-11-14 10:38:00,0,0.11644254,nurture,🟢 Nurture,🟢 Nurture
14532.0,236,4,932.85,1,4,4,144,1,Hibernating,196.76034501332396,2011-04-17 13:05:00,1,0.35713875,nurture,🟢 Nurture,🟢 Nurture
14533.0,25,7,1949.72,4,5,4,454,0,At Risk,382.6973585391636,2011-11-15 12:05:00,0,0.045506634,nurture,🟢 Nurture,🟢 Nurture
14534.0,3,18,4395.65,5,5,5,555,3,Loyal Customers,1052.0079007598936,2011-12-07 12:19:00,0,0.04248092,nurture,🟢 Nurture,🟢 Nurture
14535.0,60,3,2854.84,3,3,5,335,0,At Risk,827.26690147772,2011-10-10 15:39:00,0,0.32753184,nurture,🟢 Nurture,🟢 Nurture
14536.0,260,1,170.95,1,1,1,111,1,Hibernating,0.0,2011-03-25 12:21:00,1,0.7252728,let_go,⚪ Let Go,⚪ Let Go
14537.0,58,1,355.56,3,1,2,312,0,At Risk,0.0,2011-10-13 10:54:00,0,0.6658681,let_go,⚪ Let Go,⚪ Let Go
14538.0,65,2,388.25,3,3,2,332,0,At Risk,147.4826033555936,2011-10-06 10:31:00,0,0.5189999,let_go,⚪ Let Go,⚪ Let Go
14539.0,16,2,537.48,4,3,3,433,0,At Risk,912.6229230713236,2011-11-24 09:50:00,0,0.0064990646,nurture,🟢 Nurture,🟢 Nurture
14540.0,10,3,952.66,5,3,4,534,0,At Risk,257.65234696213867,2011-11-30 10:15:00,0,0.31940025,nurture,🟢 Nurture,🟢 Nurture
14541.0,59,8,1453.35,3,5,4,354,0,At Risk,356.38964162469,2011-10-12 10:08:00,0,0.029126497,nurture,🟢 Nurture,🟢 Nurture
14542.0,186,1,103.25,1,1,1,111,1,Hibernating,0.0,2011-06-07 08:19:00,1,0.7762069,let_go,⚪ Let Go,⚪ Let Go
14543.0,29,16,3560.08,4,5,5,455,3,Loyal Customers,766.4253821716944,2011-11-11 12:45:00,0,0.01168081,nurture,🟢 Nurture,🟢 Nurture
14544.0,24,2,2004.3,4,3,4,434,0,At Risk,343.36175536775124,2011-11-15 15:06:00,0,0.7469607,retain,🔴 Retain Immediately,🔴 Retain Immediately
14546.0,5,5,2573.93,5,4,5,545,0,At Risk,728.2264231053266,2011-12-04 13:00:00,0,0.061909042,nurture,🟢 Nurture,🟢 Nurture
14547.0,4,8,3974.75,5,5,5,555,0,At Risk,3869.014198956248,2011-12-06 11:06:00,0,0.043558262,nurture,🟢 Nurture,🟢 Nurture
14548.0,151,2,652.8,2,3,3,233,1,Hibernating,140.80023621752005,2011-07-12 12:19:00,1,0.68840057,let_go,⚪ Let Go,⚪ Let Go
14549.0,311,1,289.24,1,1,2,112,1,Hibernating,0.0,2011-02-01 13:47:00,1,0.6907499,let_go,⚪ Let Go,⚪ Let Go
14550.0,11,2,757.37,5,3,3,533,0,At Risk,817.7242717136953,2011-11-29 12:12:00,0,0.010882369,nurture,🟢 Nurture,🟢 Nurture
14551.0,18,2,186.23,4,3,1,431,0,At Risk,40.629035968877076,2011-11-21 13:36:00,0,0.6558574,let_go,⚪ Let Go,⚪ Let Go
14552.0,152,1,164.22,2,1,1,211,1,Hibernating,0.0,2011-07-11 12:49:00,1,0.7252728,let_go,⚪ Let Go,⚪ Let Go
14553.0,19,5,859.27,4,4,3,443,0,At Risk,188.54738308485557,2011-11-20 13:20:00,0,0.14556566,nurture,🟢 Nurture,🟢 Nurture
14554.0,10,4,2279.4900000000002,5,4,5,545,0,At Risk,2439.7783729898124,2011-11-29 16:44:00,0,0.0052227313,nurture,🟢 Nurture,🟢 Nurture
14555.0,57,2,312.54,3,3,2,332,0,At Risk,57.88055204142954,2011-10-13 16:24:00,0,0.80716103,let_go,⚪ Let Go,⚪ Let Go
14557.0,85,1,788.38,2,1,3,213,0,At Risk,0.0,2011-09-15 15:48:00,0,0.5714547,let_go,⚪ Let Go,⚪ Let Go
14560.0,7,22,2237.77,5,5,5,555,3,Loyal Customers,427.66000535937235,2011-12-02 15:22:00,0,0.03347079,nurture,🟢 Nurture,🟢 Nurture
14561.0,76,3,1080.76,2,3,4,234,0,At Risk,460.7688590581672,2011-09-25 12:39:00,0,0.16189113,nurture,🟢 Nurture,🟢 Nurture
14562.0,4,18,5006.77,5,5,5,555,3,Loyal Customers,1288.997453030836,2011-12-06 11:05:00,0,0.12028165,nurture,🟢 Nurture,🟢 Nurture
14565.0,96,4,2949.12,2,4,5,245,0,At Risk,480.8140706199423,2011-09-05 09:07:00,1,0.44473904,nurture,🟢 Nurture,🟢 Nurture
14566.0,111,1,1432.0,2,1,4,214,0,At Risk,0.0,2011-08-21 11:05:00,1,0.74830544,let_go,⚪ Let Go,⚪ Let Go
14567.0,57,2,1530.3600000000001,3,3,4,334,0,At Risk,672.418067097743,2011-10-14 10:21:00,0,0.26863155,nurture,🟢 Nurture,🟢 Nurture
14569.0,1,1,227.39,5,1,1,511,0,At Risk,0.0,2011-12-08 14:58:00,0,0.7233779,let_go,⚪ Let Go,⚪ Let Go
14570.0,281,2,217.21,1,3,1,131,1,Hibernating,0.0,2011-03-04 10:58:00,1,0.7233779,let_go,⚪ Let Go,⚪ Let Go
14572.0,3,7,2804.54,5,5,5,555,0,At Risk,672.7052422366294,2011-12-06 14:40:00,0,0.03886047,nurture,🟢 Nurture,🟢 Nurture
14573.0,180,9,1639.82,1,5,4,154,1,Hibernating,293.2706377798304,2011-06-13 11:15:00,1,0.51945513,retain,🔴 Retain Immediately,🔴 Retain Immediately
14576.0,372,1,35.400000000000006,1,1,1,111,1,Hibernating,0.0,2010-12-02 17:51:00,1,0.78097343,let_go,⚪ Let Go,⚪ Let Go
14577.0,13,4,859.71,5,4,3,543,0,At Risk,138.73737681182774,2011-11-27 12:47:00,0,0.34835163,monitor,🔵 Monitor,🔵 Monitor
14578.0,3,1,168.63,5,1,1,511,0,At Risk,0.0,2011-12-06 17:18:00,0,0.7252728,let_go,⚪ Let Go,⚪ Let Go
14581.0,17,1,138.6,4,1,1,411,0,At Risk,0.0,2011-11-23 12:39:00,0,0.7907084,let_go,⚪ Let Go,⚪ Let Go
14582.0,41,1,114.11,3,1,1,311,0,At Risk,0.0,2011-10-30 11:56:00,0,0.7762069,let_go,⚪ Let Go,⚪ Let Go
14583.0,6,5,986.96,5,4,4,544,0,At Risk,364.51967688104315,2011-12-04 12:32:00,0,0.04153691,nurture,🟢 Nurture,🟢 Nurture
14584.0,169,4,1033.06,2,4,4,244,1,Hibernating,375.20929969718077,2011-06-23 18:33:00,1,0.15483537,nurture,🟢 Nurture,🟢 Nurture
14585.0,50,1,157.05,3,1,1,311,0,At Risk,0.0,2011-10-20 14:33:00,0,0.7986125,let_go,⚪ Let Go,⚪ Let Go
14586.0,277,1,237.36,1,1,1,111,1,Hibernating,0.0,2011-03-08 10:04:00,1,0.7233779,let_go,⚪ Let Go,⚪ Let Go
14587.0,19,9,1580.29,4,5,4,454,0,At Risk,358.1095473910641,2011-11-21 11:34:00,0,0.032803733,nurture,🟢 Nurture,🟢 Nurture
14589.0,372,1,39.75,1,1,1,111,1,Hibernating,0.0,2010-12-03 11:42:00,1,0.7398539,let_go,⚪ Let Go,⚪ Let Go
14591.0,15,4,1320.21,4,4,4,444,0,At Risk,679.9586953282461,2011-11-24 13:57:00,0,0.02370569,nurture,🟢 Nurture,🟢 Nurture
14592.0,35,3,557.94,3,3,3,333,0,At Risk,357.9790136276041,2011-11-04 16:35:00,0,0.04064281,nurture,🟢 Nurture,🟢 Nurture
14593.0,22,3,617.15,4,3,3,433,0,At Risk,181.85870930083942,2011-11-18 12:48:00,0,0.2745521,nurture,🟢 Nurture,🟢 Nurture
14594.0,7,2,363.33,5,3,2,532,0,At Risk,41.179220443819794,2011-12-02 13:28:00,0,0.7732587,let_go,⚪ Let Go,⚪ Let Go
14595.0,20,6,1740.6,4,5,4,454,0,At Risk,451.02527127236857,2011-11-20 12:12:00,0,0.13560201,nurture,🟢 Nurture,🟢 Nurture
14597.0,11,2,866.24,5,3,3,533,0,At Risk,470.0413589622666,2011-11-28 13:13:00,0,0.059712302,nurture,🟢 Nurture,🟢 Nurture
14598.0,44,1,221.97,3,1,1,311,0,At Risk,0.0,2011-10-26 13:19:00,0,0.7233779,let_go,⚪ Let Go,⚪ Let Go
14600.0,306,1,393.33000000000004,1,1,2,112,1,Hibernating,0.0,2011-02-07 09:48:00,1,0.6658681,let_go,⚪ Let Go,⚪ Let Go
14601.0,11,1,213.96,5,1,1,511,0,At Risk,0.0,2011-11-29 09:48:00,0,0.7233779,let_go,⚪ Let Go,⚪ Let Go
14603.0,275,1,660.0,1,1,3,113,1,Hibernating,0.0,2011-03-10 10:27:00,1,0.62328583,let_go,⚪ Let Go,⚪ Let Go
14606.0,1,90,11926.15,5,5,5,555,3,Loyal Customers,2568.3196621242205,2011-12-08 19:28:00,0,0.0051216776,nurture,🟢 Nurture,🟢 Nurture
14607.0,16,12,15021.5,4,5,5,455,3,Loyal Customers,4880.8189835949415,2011-11-24 10:35:00,0,0.04047953,nurture,🟢 Nurture,🟢 Nurture
14608.0,4,4,1785.15,5,4,4,544,0,At Risk,425.72030709968055,2011-12-05 16:52:00,0,0.17650428,nurture,🟢 Nurture,🟢 Nurture
14609.0,72,4,601.56,3,4,3,343,0,At Risk,148.77642200249525,2011-09-28 12:54:00,0,0.2680767,monitor,🔵 Monitor,🔵 Monitor
14616.0,243,3,406.08000000000004,1,3,2,132,1,Hibernating,56.99209079805421,2011-04-11 09:54:00,1,0.86874235,let_go,⚪ Let Go,⚪ Let Go
14618.0,9,3,553.44,5,3,3,533,0,At Risk,108.13587782470248,2011-11-30 13:45:00,0,0.6191771,let_go,⚪ Let Go,⚪ Let Go
14619.0,246,1,394.44,1,1,2,112,1,Hibernating,0.0,2011-04-08 07:37:00,1,0.6658681,let_go,⚪ Let Go,⚪ Let Go
14620.0,206,2,412.78000000000003,1,3,2,132,1,Hibernating,85.57252689656278,2011-05-18 11:58:00,1,0.67891705,let_go,⚪ Let Go,⚪ Let Go
14621.0,1,5,1788.3600000000001,5,4,4,544,0,At Risk,385.6586973460021,2011-12-08 16:22:00,0,0.12661107,nurture,🟢 Nurture,🟢 Nurture
14622.0,185,1,320.58000000000004,1,1,2,112,1,Hibernating,0.0,2011-06-08 12:42:00,1,0.74204737,let_go,⚪ Let Go,⚪ Let Go
14623.0,32,5,882.02,4,4,3,443,0,At Risk,262.44773448959893,2011-11-07 13:56:00,0,0.09685405,nurture,🟢 Nurture,🟢 Nurture
14624.0,57,2,225.85,3,3,1,331,0,At Risk,31.347011812009832,2011-10-13 13:44:00,0,0.65371233,let_go,⚪ Let Go,⚪ Let Go
14625.0,196,2,899.63,1,3,3,133,1,Hibernating,120.40202282606205,2011-05-27 15:32:00,1,0.7861525,let_go,⚪ Let Go,⚪ Let Go
14626.0,24,4,2791.27,4,4,5,445,0,At Risk,881.1536137024627,2011-11-16 10:37:00,0,0.15797785,nurture,🟢 Nurture,🟢 Nurture
14628.0,91,2,671.96,2,3,3,233,0,At Risk,186.84073792388926,2011-09-09 14:58:00,0,0.5317348,retain,🔴 Retain Immediately,🔴 Retain Immediately
14629.0,4,2,955.26,5,3,4,534,0,At Risk,666.1469317126596,2011-12-05 16:55:00,0,0.01419274,nurture,🟢 Nurture,🟢 Nurture
14631.0,51,3,1006.98,3,3,4,334,0,At Risk,245.46982320903388,2011-10-20 11:17:00,0,0.43516135,nurture,🟢 Nurture,🟢 Nurture
14632.0,263,1,114.56,1,1,1,111,1,Hibernating,0.0,2011-03-22 08:49:00,1,0.7762069,let_go,⚪ Let Go,⚪ Let Go
14633.0,266,1,344.90000000000003,1,1,2,112,1,Hibernating,0.0,2011-03-18 17:07:00,1,0.70767343,let_go,⚪ Let Go,⚪ Let Go
14636.0,36,2,609.85,3,3,3,333,0,At Risk,155.44261224001508,2011-11-03 16:12:00,0,0.6725723,let_go,⚪ Let Go,⚪ Let Go
14638.0,51,1,443.6,3,1,2,312,0,At Risk,0.0,2011-10-20 10:10:00,0,0.64429915,let_go,⚪ Let Go,⚪ Let Go
14639.0,52,6,2984.49,3,5,5,355,0,At Risk,622.5344382471742,2011-10-18 15:06:00,0,0.37242666,nurture,🟢 Nurture,🟢 Nurture
14640.0,24,6,2107.38,4,5,5,455,0,At Risk,651.6299916224845,2011-11-15 13:07:00,0,0.085121006,nurture,🟢 Nurture,🟢 Nurture
14641.0,22,1,110.46,4,1,1,411,0,At Risk,0.0,2011-11-18 10:42:00,0,0.7762069,let_go,⚪ Let Go,⚪ Let Go
14642.0,59,1,96.12,3,1,1,311,0,At Risk,0.0,2011-10-12 11:08:00,0,0.7490496,let_go,⚪ Let Go,⚪ Let Go
14643.0,170,2,693.8100000000001,2,3,3,233,1,Hibernating,129.63877180940608,2011-06-22 14:41:00,1,0.68840057,let_go,⚪ Let Go,⚪ Let Go
14644.0,68,2,830.76,3,3,3,333,0,At Risk,291.8262399945044,2011-10-03 08:30:00,0,0.54472953,retain,🔴 Retain Immediately,🔴 Retain Immediately
14645.0,157,2,597.09,2,3,3,233,1,Hibernating,174.85254758153192,2011-07-06 09:15:00,1,0.52748674,retain,🔴 Retain Immediately,🔴 Retain Immediately
14646.0,2,72,279138.02,5,5,5,555,2,Champions,64511.005031696324,2011-12-08 12:12:00,0,0.0119413175,nurture,🟢 Nurture,🟢 Nurture
14647.0,201,1,236.04000000000002,1,1,1,111,1,Hibernating,0.0,2011-05-22 13:40:00,1,0.7233779,let_go,⚪ Let Go,⚪ Let Go
14649.0,5,4,1402.59,5,4,4,544,0,At Risk,389.95090023506475,2011-12-05 12:30:00,0,0.13717847,nurture,🟢 Nurture,🟢 Nurture
14651.0,67,2,653.75,3,3,3,333,0,At Risk,148.10975083917026,2011-10-03 15:52:00,0,0.66984016,let_go,⚪ Let Go,⚪ Let Go
14652.0,77,1,114.18,2,1,1,211,0,At Risk,0.0,2011-09-23 14:21:00,0,0.7762069,let_go,⚪ Let Go,⚪ Let Go
14653.0,1,7,1916.7,5,5,4,554,0,At Risk,419.29775112280805,2011-12-08 13:45:00,0,0.045506634,nurture,🟢 Nurture,🟢 Nurture
14655.0,8,4,1932.23,5,4,4,544,0,At Risk,468.481830280233,2011-12-01 16:28:00,0,0.124001265,nurture,🟢 Nurture,🟢 Nurture
14656.0,169,2,291.05,2,3,2,232,1,Hibernating,76.36280365373932,2011-06-23 13:51:00,1,0.54958326,let_go,⚪ Let Go,⚪ Let Go
14657.0,18,4,848.22,4,4,3,443,0,At Risk,128.81803413002763,2011-11-22 12:47:00,0,0.34835163,monitor,🔵 Monitor,🔵 Monitor
14658.0,5,2,247.15,5,3,2,532,0,At Risk,127.24843970617073,2011-12-04 15:35:00,0,0.24323852,monitor,🔵 Monitor,🔵 Monitor
14659.0,9,9,2529.93,5,5,5,555,0,At Risk,528.2818163189527,2011-12-01 12:17:00,0,0.062034503,nurture,🟢 Nurture,🟢 Nurture
14660.0,87,2,285.74,2,3,2,232,0,At Risk,180.4136841409931,2011-09-14 11:34:00,0,0.0739161,nurture,🟢 Nurture,🟢 Nurture
14661.0,27,1,107.95,4,1,1,411,0,At Risk,0.0,2011-11-13 11:51:00,0,0.7762069,let_go,⚪ Let Go,⚪ Let Go
14662.0,29,4,741.37,4,4,3,443,0,At Risk,197.05994424823496,2011-11-11 12:13:00,0,0.17762849,nurture,🟢 Nurture,🟢 Nurture
14664.0,20,2,636.24,4,3,3,433,0,At Risk,573.6702310931861,2011-11-20 10:59:00,0,0.011699443,nurture,🟢 Nurture,🟢 Nurture
14665.0,61,5,1835.7,3,4,4,344,0,At Risk,447.0577163354477,2011-10-10 09:14:00,0,0.13560201,nurture,🟢 Nurture,🟢 Nurture
14666.0,24,1,179.95,4,1,1,411,0,At Risk,0.0,2011-11-15 12:57:00,0,0.7252728,let_go,⚪ Let Go,⚪ Let Go
14667.0,11,25,9170.79,5,5,5,555,3,Loyal Customers,1957.44961452889,2011-11-29 11:30:00,0,0.0051216776,nurture,🟢 Nurture,🟢 Nurture
14669.0,242,3,1259.24,1,3,4,134,1,Hibernating,174.00627342307197,2011-04-12 11:43:00,1,0.5556281,retain,🔴 Retain Immediately,🔴 Retain Immediately
14670.0,280,2,392.86,1,3,2,132,1,Hibernating,0.0,2011-03-04 14:13:00,1,0.6658681,let_go,⚪ Let Go,⚪ Let Go
14672.0,235,2,765.55,1,3,3,133,1,Hibernating,195.7995752204593,2011-04-19 10:19:00,1,0.6074169,retain,🔴 Retain Immediately,🔴 Retain Immediately
14673.0,3,5,1736.4,5,4,4,544,0,At Risk,346.601852943474,2011-12-06 14:31:00,0,0.11678793,nurture,🟢 Nurture,🟢 Nurture
14675.0,16,1,596.36,4,1,3,413,0,At Risk,0.0,2011-11-23 12:58:00,0,0.69083667,let_go,⚪ Let Go,⚪ Let Go
14676.0,31,6,2548.2400000000002,4,5,5,455,0,At Risk,623.615021950839,2011-11-08 13:29:00,0,0.1312646,nurture,🟢 Nurture,🟢 Nurture
14680.0,25,16,28754.11,4,5,5,455,3,Loyal Customers,6145.671012699628,2011-11-14 16:59:00,0,0.010164941,nurture,🟢 Nurture,🟢 Nurture
14681.0,71,3,498.95,3,3,3,333,0,At Risk,66.51971732788965,2011-09-29 15:52:00,0,0.66319263,let_go,⚪ Let Go,⚪ Let Go
14682.0,188,2,52.0,1,3,1,131,1,Hibernating,22.254941840566435,2011-06-05 12:12:00,1,0.7527525,let_go,⚪ Let Go,⚪ Let Go
14684.0,26,5,1201.51,4,4,4,444,0,At Risk,266.29685293233825,2011-11-14 11:33:00,0,0.14544265,nurture,🟢 Nurture,🟢 Nurture
14687.0,107,1,628.38,2,1,3,213,0,At Risk,0.0,2011-08-25 11:59:00,1,0.62328583,let_go,⚪ Let Go,⚪ Let Go
14688.0,8,21,5579.1,5,5,5,555,3,Loyal Customers,1151.2593440146197,2011-12-02 12:26:00,0,0.01923698,nurture,🟢 Nurture,🟢 Nurture
14689.0,209,1,112.8,1,1,1,111,1,Hibernating,0.0,2011-05-15 11:22:00,1,0.7762069,let_go,⚪ Let Go,⚪ Let Go
14690.0,44,2,355.05,3,3,2,332,0,At Risk,118.6997859188584,2011-10-26 15:39:00,0,0.5789752,let_go,⚪ Let Go,⚪ Let Go
14691.0,31,5,2114.33,4,4,5,445,0,At Risk,727.2832462378975,2011-11-09 12:30:00,0,0.05200151,nurture,🟢 Nurture,🟢 Nurture
14692.0,137,4,591.55,2,4,3,243,0,At Risk,100.32190620912536,2011-07-25 15:08:00,1,0.5933471,let_go,⚪ Let Go,⚪ Let Go
14693.0,265,1,172.9,1,1,1,111,1,Hibernating,0.0,2011-03-20 12:50:00,1,0.7252728,let_go,⚪ Let Go,⚪ Let Go
14696.0,4,7,2078.95,5,5,5,555,0,At Risk,426.89955494919946,2011-12-05 13:43:00,0,0.04906169,nurture,🟢 Nurture,🟢 Nurture
14697.0,218,2,188.60999999999999,1,3,1,131,1,Hibernating,0.0,2011-05-05 15:39:00,1,0.7252728,let_go,⚪ Let Go,⚪ Let Go
14698.0,2,5,1217.27,5,4,4,544,0,At Risk,875.9221418656768,2011-12-08 12:26:00,0,0.015162382,nurture,🟢 Nurture,🟢 Nurture
14699.0,214,1,109.13000000000001,1,1,1,111,1,Hibernating,0.0,2011-05-09 14:54:00,1,0.7762069,let_go,⚪ Let Go,⚪ Let Go
14700.0,32,3,2195.1,4,3,5,435,0,At Risk,631.8208748890384,2011-11-07 14:40:00,0,0.54006076,retain,🔴 Retain Immediately,🔴 Retain Immediately
14701.0,11,9,2526.09,5,5,5,555,0,At Risk,595.8940138911123,2011-11-29 12:38:00,0,0.05360119,nurture,🟢 Nurture,🟢 Nurture
14702.0,1,17,3251.79,5,5,5,555,3,Loyal Customers,676.9300475644068,2011-12-08 19:29:00,0,0.022033414,nurture,🟢 Nurture,🟢 Nurture
14703.0,15,1,318.17,4,1,2,412,0,At Risk,0.0,2011-11-25 09:23:00,0,0.74204737,let_go,⚪ Let Go,⚪ Let Go
14704.0,20,7,1461.6200000000001,4,5,4,454,0,At Risk,621.4771722234598,2011-11-20 12:20:00,0,0.010606937,nurture,🟢 Nurture,🟢 Nurture
14705.0,199,1,179.0,1,1,1,111,1,Hibernating,0.0,2011-05-25 12:39:00,1,0.7252728,let_go,⚪ Let Go,⚪ Let Go
14708.0,3,3,1126.37,5,3,4,534,0,At Risk,205.42303028735762,2011-12-07 08:21:00,0,0.5614836,retain,🔴 Retain Immediately,🔴 Retain Immediately
14709.0,15,13,4921.04,4,5,5,455,0,At Risk,1096.0753074520912,2011-11-24 15:41:00,0,0.030138949,nurture,🟢 Nurture,🟢 Nurture
14710.0,14,4,599.48,5,4,3,543,0,At Risk,497.63529632754893,2011-11-25 14:53:00,0,0.01130291,nurture,🟢 Nurture,🟢 Nurture
14711.0,10,11,2839.62,5,5,5,555,0,At Risk,837.1893743882233,2011-11-29 14:58:00,0,0.020471098,nurture,🟢 Nurture,🟢 Nurture
14712.0,29,3,917.07,4,3,3,433,0,At Risk,644.2230395177296,2011-11-10 12:59:00,0,0.009179107,nurture,🟢 Nurture,🟢 Nurture
14713.0,9,11,2662.2,5,5,5,555,0,At Risk,555.590875392794,2011-11-30 16:26:00,0,0.09771729,nurture,🟢 Nurture,🟢 Nurture
14714.0,24,1,160.19,4,1,1,411,0,At Risk,0.0,2011-11-15 13:07:00,0,0.7986125,let_go,⚪ Let Go,⚪ Let Go
14715.0,25,4,867.38,4,4,3,443,0,At Risk,213.71410956829024,2011-11-15 12:10:00,0,0.19590773,nurture,🟢 Nurture,🟢 Nurture
14716.0,43,2,307.51,3,3,2,332,0,At Risk,106.88254002323488,2011-10-27 17:29:00,0,0.57276535,let_go,⚪ Let Go,⚪ Let Go
14719.0,2,5,1581.84,5,4,4,544,0,At Risk,490.18123825622547,2011-12-08 12:43:00,0,0.056908328,nurture,🟢 Nurture,🟢 Nurture
14720.0,6,3,663.81,5,3,3,533,0,At Risk,373.34063264677513,2011-12-04 12:02:00,0,0.033915956,nurture,🟢 Nurture,🟢 Nurture
14722.0,147,1,180.42000000000002,2,1,1,211,1,Hibernating,0.0,2011-07-15 14:58:00,1,0.7252728,let_go,⚪ Let Go,⚪ Let Go
14723.0,10,6,1120.66,5,5,4,554,0,At Risk,220.68822559529042,2011-11-29 15:23:00,0,0.3074197,nurture,🟢 Nurture,🟢 Nurture
14725.0,25,1,655.58,4,1,3,413,0,At Risk,0.0,2011-11-15 12:42:00,0,0.62328583,let_go,⚪ Let Go,⚪ Let Go
14727.0,274,1,268.58,1,1,2,112,1,Hibernating,0.0,2011-03-10 14:45:00,1,0.6907499,let_go,⚪ Let Go,⚪ Let Go
14729.0,374,1,313.49,1,1,2,112,1,Hibernating,0.0,2010-12-01 12:43:00,1,0.74204737,let_go,⚪ Let Go,⚪ Let Go
14730.0,1,8,1897.57,5,5,4,554,0,At Risk,517.8725518649669,2011-12-08 14:39:00,0,0.06379339,nurture,🟢 Nurture,🟢 Nurture
14731.0,47,3,380.02,3,3,2,332,0,At Risk,121.14084630175864,2011-10-23 15:54:00,0,0.5247326,let_go,⚪ Let Go,⚪ Let Go
14732.0,8,8,2702.4900000000002,5,5,5,555,0,At Risk,643.7880960219591,2011-12-01 14:34:00,0,0.036869913,nurture,🟢 Nurture,🟢 Nurture
14733.0,16,12,9585.91,4,5,5,455,3,Loyal Customers,1803.1320651680853,2011-11-23 15:39:00,0,0.025274958,nurture,🟢 Nurture,🟢 Nurture
14735.0,4,31,6050.69,5,5,5,555,3,Loyal Customers,1352.2740851601018,2011-12-06 12:09:00,0,0.025509764,nurture,🟢 Nurture,🟢 Nurture
14737.0,4,3,1164.55,5,3,4,534,0,At Risk,220.38889816005926,2011-12-06 10:16:00,0,0.5477666,retain,🔴 Retain Immediately,🔴 Retain Immediately
14738.0,43,7,1314.45,3,5,4,354,0,At Risk,309.2784745584927,2011-10-28 08:56:00,0,0.08293741,nurture,🟢 Nurture,🟢 Nurture
14739.0,4,7,3902.28,5,5,5,555,0,At Risk,773.5760536262887,2011-12-05 16:54:00,0,0.04746807,nurture,🟢 Nurture,🟢 Nurture
14740.0,197,3,1448.21,1,3,4,134,1,Hibernating,341.34837625526177,2011-05-26 18:17:00,1,0.30794954,nurture,🟢 Nurture,🟢 Nurture
14741.0,12,6,1400.34,5,5,4,554,0,At Risk,297.27423085146825,2011-11-28 08:48:00,0,0.31000257,nurture,🟢 Nurture,🟢 Nurture
14744.0,16,7,1099.98,4,5,4,454,0,At Risk,217.40745043928698,2011-11-23 12:51:00,0,0.14479987,nurture,🟢 Nurture,🟢 Nurture
14745.0,113,5,1220.26,2,4,4,244,0,At Risk,328.17412140593973,2011-08-19 10:05:00,1,0.13988347,nurture,🟢 Nurture,🟢 Nurture
14747.0,249,1,328.2,1,1,2,112,1,Hibernating,0.0,2011-04-04 14:09:00,1,0.7176327,let_go,⚪ Let Go,⚪ Let Go
14748.0,29,5,1415.75,4,4,4,444,0,At Risk,251.10550541179254,2011-11-10 18:33:00,0,0.2114018,nurture,🟢 Nurture,🟢 Nurture
14752.0,44,1,389.64,3,1,2,312,0,At Risk,0.0,2011-10-27 11:55:00,0,0.6658681,let_go,⚪ Let Go,⚪ Let Go
14753.0,87,1,563.15,2,1,3,213,0,At Risk,0.0,2011-09-13 14:50:00,0,0.69083667,let_go,⚪ Let Go,⚪ Let Go
14754.0,45,2,638.05,3,3,3,333,0,At Risk,188.21115591456976,2011-10-26 12:01:00,0,0.5317348,retain,🔴 Retain Immediately,🔴 Retain Immediately
14755.0,10,11,5010.28,5,5,5,555,0,At Risk,1152.090686273948,2011-11-30 11:24:00,0,0.047132894,nurture,🟢 Nurture,🟢 Nurture
14756.0,15,1,738.96,4,1,3,413,0,At Risk,0.0,2011-11-24 18:13:00,0,0.6470802,let_go,⚪ Let Go,⚪ Let Go
14757.0,75,1,420.5,2,1,2,212,0,At Risk,0.0,2011-09-25 14:36:00,0,0.64429915,let_go,⚪ Let Go,⚪ Let Go
14758.0,145,4,1484.06,2,4,4,244,0,At Risk,302.7786647118195,2011-07-18 08:21:00,1,0.500293,retain,🔴 Retain Immediately,🔴 Retain Immediately
14759.0,5,3,1625.97,5,3,4,534,0,At Risk,462.50776409836135,2011-12-05 12:03:00,0,0.33065414,nurture,🟢 Nurture,🟢 Nurture
14760.0,297,1,89.2,1,1,1,111,1,Hibernating,0.0,2011-02-15 16:27:00,1,0.78954464,let_go,⚪ Let Go,⚪ Let Go
14761.0,59,2,255.9,3,3,2,332,0,At Risk,65.92822349632584,2011-10-12 12:10:00,0,0.7220697,let_go,⚪ Let Go,⚪ Let Go
14762.0,264,1,300.52,1,1,2,112,1,Hibernating,0.0,2011-03-21 08:20:00,1,0.74204737,let_go,⚪ Let Go,⚪ Let Go
14764.0,47,1,278.3,3,1,2,312,0,At Risk,0.0,2011-10-24 11:54:00,0,0.6907499,let_go,⚪ Let Go,⚪ Let Go
14765.0,29,3,254.11,4,3,2,432,0,At Risk,98.35102599418693,2011-11-10 19:53:00,0,0.40048704,monitor,🔵 Monitor,🔵 Monitor
14766.0,8,6,2473.37,5,5,5,555,0,At Risk,568.2688255074848,2011-12-01 16:05:00,0,0.14837326,nurture,🟢 Nurture,🟢 Nurture
14768.0,17,2,192.60000000000002,4,3,1,431,0,At Risk,58.9160655198979,2011-11-22 12:54:00,0,0.68794143,let_go,⚪ Let Go,⚪ Let Go
14769.0,3,8,10415.33,5,5,5,555,0,At Risk,2470.8575853872135,2011-12-07 10:24:00,0,0.0747232,nurture,🟢 Nurture,🟢 Nurture
14770.0,232,2,876.42,1,3,3,133,1,Hibernating,252.25583902316305,2011-04-21 14:21:00,1,0.60802364,retain,🔴 Retain Immediately,🔴 Retain Immediately
14772.0,112,1,139.26,2,1,1,211,0,At Risk,0.0,2011-08-19 15:04:00,1,0.8024771,let_go,⚪ Let Go,⚪ Let Go
14775.0,58,3,1011.9,3,3,4,334,0,At Risk,174.2212087801117,2011-10-12 15:27:00,0,0.5293018,retain,🔴 Retain Immediately,🔴 Retain Immediately
14776.0,51,11,2538.3,3,5,5,355,0,At Risk,544.7382943709866,2011-10-19 15:34:00,0,0.07518923,nurture,🟢 Nurture,🟢 Nurture
14778.0,127,2,730.86,2,3,3,233,0,At Risk,175.34967208483639,2011-08-04 15:23:00,1,0.5882253,retain,🔴 Retain Immediately,🔴 Retain Immediately
14779.0,281,3,386.15,1,3,2,132,1,Hibernating,41.42260806806262,2011-03-04 12:42:00,1,0.66282135,let_go,⚪ Let Go,⚪ Let Go
14780.0,55,2,447.68,3,3,2,332,0,At Risk,158.35880919817163,2011-10-16 12:46:00,0,0.30688274,nurture,🟢 Nurture,🟢 Nurture
14782.0,320,1,200.10000000000002,1,1,1,111,1,Hibernating,0.0,2011-01-24 11:12:00,1,0.7252728,let_go,⚪ Let Go,⚪ Let Go
14784.0,26,2,289.99,4,3,2,432,0,At Risk,75.05919984876593,2011-11-13 13:30:00,0,0.54958326,let_go,⚪ Let Go,⚪ Let Go
14785.0,10,2,77.4,5,3,1,531,0,At Risk,130.15068395550065,2011-11-29 13:21:00,0,0.18226896,monitor,🔵 Monitor,🔵 Monitor
14788.0,7,2,679.4399999999999,5,3,3,533,0,At Risk,800.1539834773697,2011-12-02 17:06:00,0,0.01007266,nurture,🟢 Nurture,🟢 Nurture
14789.0,29,1,197.64,4,1,1,411,0,At Risk,0.0,2011-11-11 08:59:00,0,0.7252728,let_go,⚪ Let Go,⚪ Let Go
14790.0,17,4,745.06,4,4,3,443,0,At Risk,221.40023657089816,2011-11-23 09:28:00,0,0.17762849,nurture,🟢 Nurture,🟢 Nurture
14792.0,64,1,6.2,3,1,1,311,0,At Risk,0.0,2011-10-07 09:19:00,0,0.7589238,let_go,⚪ Let Go,⚪ Let Go
14793.0,21,1,228.99,4,1,1,411,0,At Risk,0.0,2011-11-18 14:50:00,0,0.7233779,let_go,⚪ Let Go,⚪ Let Go
14794.0,3,7,1319.91,5,5,4,554,0,At Risk,302.31838103546363,2011-12-07 10:11:00,0,0.1408374,nurture,🟢 Nurture,🟢 Nurture
14795.0,166,1,131.45000000000002,2,1,1,211,1,Hibernating,0.0,2011-06-26 13:04:00,1,0.79418945,let_go,⚪ Let Go,⚪ Let Go
14796.0,1,17,7973.93,5,5,5,555,3,Loyal Customers,1675.212063747762,2011-12-08 15:31:00,0,0.033170946,nurture,🟢 Nurture,🟢 Nurture
14798.0,53,3,173.74,3,3,1,331,0,At Risk,34.36572875184679,2011-10-18 10:58:00,0,0.3880832,monitor,🔵 Monitor,🔵 Monitor
14799.0,51,1,157.7,3,1,1,311,0,At Risk,0.0,2011-10-19 16:16:00,0,0.7986125,let_go,⚪ Let Go,⚪ Let Go
14800.0,48,12,4331.79,3,5,5,355,0,At Risk,873.9170026182708,2011-10-23 12:46:00,0,0.023876479,nurture,🟢 Nurture,🟢 Nurture
14801.0,61,1,189.34,3,1,1,311,0,At Risk,0.0,2011-10-09 15:24:00,0,0.7252728,let_go,⚪ Let Go,⚪ Let Go
14803.0,162,3,845.55,2,3,3,233,1,Hibernating,109.48920830991749,2011-06-30 13:58:00,1,0.73756695,let_go,⚪ Let Go,⚪ Let Go
14804.0,9,1,353.27,5,1,2,512,0,At Risk,0.0,2011-12-01 11:20:00,0,0.6658681,let_go,⚪ Let Go,⚪ Let Go
14805.0,15,4,546.4,4,4,3,443,0,At Risk,135.1994438483494,2011-11-24 16:20:00,0,0.39842835,monitor,🔵 Monitor,🔵 Monitor
14806.0,75,1,193.39000000000001,2,1,1,211,0,At Risk,0.0,2011-09-25 15:32:00,0,0.7252728,let_go,⚪ Let Go,⚪ Let Go
14808.0,40,8,2718.6,3,5,5,355,0,At Risk,990.2671845281707,2011-10-31 12:21:00,0,0.035295993,nurture,🟢 Nurture,🟢 Nurture
14810.0,41,11,2085.33,3,5,5,355,0,At Risk,444.13002613978955,2011-10-30 11:19:00,0,0.03812517,nurture,🟢 Nurture,🟢 Nurture
14813.0,370,2,152.88,1,3,1,131,1,Hibernating,0.0,2010-12-05 11:57:00,1,0.7986125,let_go,⚪ Let Go,⚪ Let Go
14815.0,37,2,778.5,3,3,3,333,0,At Risk,345.12327163080965,2011-11-03 11:36:00,0,0.056616172,nurture,🟢 Nurture,🟢 Nurture
14816.0,197,1,271.85,1,1,2,112,1,Hibernating,0.0,2011-05-26 13:16:00,1,0.6907499,let_go,⚪ Let Go,⚪ Let Go
14817.0,200,2,1010.34,1,3,4,134,1,Hibernating,232.7593659617438,2011-05-23 13:35:00,1,0.71208245,retain,🔴 Retain Immediately,🔴 Retain Immediately
14818.0,74,3,657.8,2,3,3,233,0,At Risk,220.13788462009188,2011-09-27 11:01:00,0,0.32482255,nurture,🟢 Nurture,🟢 Nurture
14819.0,64,2,272.07,3,3,2,332,0,At Risk,126.82134561774058,2011-10-06 13:41:00,0,0.24323852,monitor,🔵 Monitor,🔵 Monitor
14820.0,21,4,507.29,4,4,3,443,0,At Risk,191.34277639296081,2011-11-18 15:41:00,0,0.1210639,nurture,🟢 Nurture,🟢 Nurture
14821.0,367,1,48.800000000000004,1,1,1,111,1,Hibernating,0.0,2010-12-08 08:43:00,1,0.7398539,let_go,⚪ Let Go,⚪ Let Go
14823.0,180,3,321.43,1,3,2,132,1,Hibernating,75.31268675626725,2011-06-12 13:12:00,1,0.55026394,let_go,⚪ Let Go,⚪ Let Go
14824.0,10,4,1127.71,5,4,4,544,0,At Risk,591.1029501935417,2011-11-29 14:20:00,0,0.025293672,nurture,🟢 Nurture,🟢 Nurture
14825.0,4,12,2221.01,5,5,5,555,0,At Risk,472.9960542540253,2011-12-06 11:38:00,0,0.05698629,nurture,🟢 Nurture,🟢 Nurture
14828.0,197,3,2139.76,1,3,5,135,1,Hibernating,490.30613400599157,2011-05-27 10:16:00,1,0.5490325,retain,🔴 Retain Immediately,🔴 Retain Immediately
14829.0,29,4,697.55,4,4,3,443,0,At Risk,121.62527504424499,2011-11-10 16:16:00,0,0.5303329,let_go,⚪ Let Go,⚪ Let Go
14830.0,53,1,188.03,3,1,1,311,0,At Risk,0.0,2011-10-17 14:29:00,0,0.7252728,let_go,⚪ Let Go,⚪ Let Go
14834.0,18,6,1720.3,4,5,4,454,0,At Risk,535.5348648050148,2011-11-22 10:30:00,0,0.057540957,nurture,🟢 Nurture,🟢 Nurture
14836.0,10,3,102.44999999999999,5,3,1,531,0,At Risk,55.54331563246369,2011-11-29 16:45:00,0,0.76631254,let_go,⚪ Let Go,⚪ Let Go
14837.0,90,4,1649.5,2,4,4,244,0,At Risk,526.726031270852,2011-09-11 10:58:00,0,0.092950955,nurture,🟢 Nurture,🟢 Nurture
14840.0,268,1,62.85,1,1,1,111,1,Hibernating,0.0,2011-03-17 12:00:00,1,0.8278831,let_go,⚪ Let Go,⚪ Let Go
14841.0,53,6,3295.76,3,5,5,355,0,At Risk,733.3343648382905,2011-10-17 15:03:00,0,0.13222985,nurture,🟢 Nurture,🟢 Nurture
14842.0,44,4,2824.69,3,4,5,345,0,At Risk,783.7289515596116,2011-10-27 12:37:00,0,0.15797785,nurture,🟢 Nurture,🟢 Nurture
14844.0,64,4,3189.81,3,4,5,345,0,At Risk,898.3529655625127,2011-10-07 10:41:00,0,0.16802093,nurture,🟢 Nurture,🟢 Nurture
14847.0,149,1,309.4,2,1,2,212,1,Hibernating,0.0,2011-07-14 10:52:00,1,0.74204737,let_go,⚪ Let Go,⚪ Let Go
14849.0,22,25,7930.54,4,5,5,455,3,Loyal Customers,1727.6489276525417,2011-11-18 10:58:00,0,0.0051216776,nurture,🟢 Nurture,🟢 Nurture
14850.0,312,1,325.75,1,1,2,112,1,Hibernating,0.0,2011-02-01 11:21:00,1,0.7176327,let_go,⚪ Let Go,⚪ Let Go
14851.0,23,2,511.35,4,3,3,433,0,At Risk,159.61038697812137,2011-11-16 14:20:00,0,0.3844172,nurture,🟢 Nurture,🟢 Nurture
14852.0,58,6,2836.69,3,5,5,355,0,At Risk,836.8041097453427,2011-10-12 13:20:00,0,0.086800516,nurture,🟢 Nurture,🟢 Nurture
14853.0,24,2,475.8,4,3,2,432,0,At Risk,162.2019070774951,2011-11-15 16:56:00,0,0.26265052,nurture,🟢 Nurture,🟢 Nurture
14854.0,78,7,2740.03,2,5,5,255,0,At Risk,720.5608403026597,2011-09-22 17:00:00,0,0.031989105,nurture,🟢 Nurture,🟢 Nurture
14855.0,119,2,645.65,2,3,3,233,0,At Risk,306.9554559923417,2011-08-12 14:02:00,1,0.42910263,nurture,🟢 Nurture,🟢 Nurture
14856.0,36,3,1290.53,3,3,4,334,0,At Risk,524.5438325010782,2011-11-03 14:53:00,0,0.079962984,nurture,🟢 Nurture,🟢 Nurture
14857.0,60,2,1173.12,3,3,4,334,0,At Risk,540.1934478433177,2011-10-11 09:23:00,0,0.11567448,nurture,🟢 Nurture,🟢 Nurture
14859.0,13,4,1353.74,5,4,4,544,0,At Risk,518.7754566067226,2011-11-27 11:18:00,0,0.05433351,nurture,🟢 Nurture,🟢 Nurture
14860.0,19,1,170.32,4,1,1,411,0,At Risk,0.0,2011-11-20 14:17:00,0,0.7252728,let_go,⚪ Let Go,⚪ Let Go
14861.0,52,1,125.79,3,1,1,311,0,At Risk,0.0,2011-10-18 12:54:00,0,0.7570939,let_go,⚪ Let Go,⚪ Let Go
14862.0,26,2,841.1999999999999,4,3,3,433,0,At Risk,446.48184196598504,2011-11-14 10:01:00,0,0.064964674,nurture,🟢 Nurture,🟢 Nurture
14863.0,29,1,266.76,4,1,2,412,0,At Risk,0.0,2011-11-10 15:04:00,0,0.7233779,let_go,⚪ Let Go,⚪ Let Go
14865.0,7,2,52.2,5,3,1,531,0,At Risk,6.878979420894293,2011-12-02 16:25:00,0,0.7527525,let_go,⚪ Let Go,⚪ Let Go
14866.0,11,11,14353.4,5,5,5,555,3,Loyal Customers,3358.053364628147,2011-11-29 11:45:00,0,0.04450216,nurture,🟢 Nurture,🟢 Nurture
14867.0,186,3,710.28,1,3,3,133,1,Hibernating,129.7506547941717,2011-06-07 11:39:00,1,0.6052222,let_go,⚪ Let Go,⚪ Let Go
14868.0,3,8,2953.59,5,5,5,555,0,At Risk,917.9970346039497,2011-12-06 14:49:00,0,0.067207806,nurture,🟢 Nurture,🟢 Nurture
14869.0,9,2,721.45,5,3,3,533,0,At Risk,371.70248122220175,2011-12-01 12:36:00,0,0.040506855,nurture,🟢 Nurture,🟢 Nurture
14870.0,262,1,327.25,1,1,2,112,1,Hibernating,0.0,2011-03-23 10:51:00,1,0.7176327,let_go,⚪ Let Go,⚪ Let Go
14871.0,3,4,501.28000000000003,5,4,3,543,0,At Risk,103.67532202531375,2011-12-06 13:42:00,0,0.5933471,let_go,⚪ Let Go,⚪ Let Go
14873.0,210,1,519.68,1,1,3,113,1,Hibernating,0.0,2011-05-13 13:52:00,1,0.6685883,let_go,⚪ Let Go,⚪ Let Go
14875.0,108,2,1465.3200000000002,2,3,4,234,0,At Risk,560.369165679011,2011-08-24 12:20:00,1,0.21160929,nurture,🟢 Nurture,🟢 Nurture
14878.0,13,9,1476.09,5,5,4,554,0,At Risk,280.5022596629714,2011-11-27 11:15:00,0,0.11929187,nurture,🟢 Nurture,🟢 Nurture
14880.0,77,3,690.59,2,3,3,233,0,At Risk,203.99411837537414,2011-09-23 13:42:00,0,0.32482255,nurture,🟢 Nurture,🟢 Nurture
14881.0,20,1,255.4,4,1,2,412,0,At Risk,0.0,2011-11-20 11:06:00,0,0.7233779,let_go,⚪ Let Go,⚪ Let Go
14882.0,27,2,589.7,4,3,3,433,0,At Risk,784.8388788176508,2011-11-13 12:47:00,0,0.012064676,nurture,🟢 Nurture,🟢 Nurture
14883.0,19,6,761.59,4,5,3,453,0,At Risk,189.15844989919287,2011-11-21 10:23:00,0,0.14111795,nurture,🟢 Nurture,🟢 Nurture
14885.0,132,1,765.3199999999999,2,1,3,213,0,At Risk,0.0,2011-07-31 12:05:00,1,0.5714547,let_go,⚪ Let Go,⚪ Let Go
14886.0,253,1,364.8,1,1,2,112,1,Hibernating,0.0,2011-04-01 08:56:00,1,0.6658681,let_go,⚪ Let Go,⚪ Let Go
14887.0,79,1,1862.0,2,1,4,214,0,At Risk,0.0,2011-09-21 15:32:00,0,0.77879804,let_go,⚪ Let Go,⚪ Let Go
14888.0,207,1,369.2,1,1,2,112,1,Hibernating,0.0,2011-05-16 14:58:00,1,0.6658681,let_go,⚪ Let Go,⚪ Let Go
14889.0,336,1,135.9,1,1,1,111,1,Hibernating,0.0,2011-01-07 15:19:00,1,0.79418945,let_go,⚪ Let Go,⚪ Let Go
14890.0,254,1,125.65,1,1,1,111,1,Hibernating,0.0,2011-03-31 11:57:00,1,0.7570939,let_go,⚪ Let Go,⚪ Let Go
14891.0,148,2,554.38,2,3,3,233,1,Hibernating,73.78781385046133,2011-07-14 18:08:00,1,0.7720227,let_go,⚪ Let Go,⚪ Let Go
14893.0,10,2,1237.8500000000001,5,3,4,534,0,At Risk,1477.3790162153823,2011-11-30 12:31:00,0,0.008649246,nurture,🟢 Nurture,🟢 Nurture
14894.0,85,1,655.75,2,1,3,213,0,At Risk,0.0,2011-09-15 13:51:00,0,0.62328583,let_go,⚪ Let Go,⚪ Let Go
14895.0,8,20,11138.710000000001,5,5,5,555,3,Loyal Customers,2544.6487515598637,2011-12-02 09:23:00,0,0.0051216776,nurture,🟢 Nurture,🟢 Nurture
14896.0,205,2,468.77000000000004,1,3,2,132,1,Hibernating,80.72493863015481,2011-05-19 10:20:00,1,0.7238189,let_go,⚪ Let Go,⚪ Let Go
14897.0,8,4,1366.38,5,4,4,544,0,At Risk,385.3234467477405,2011-12-02 10:32:00,0,0.13992971,nurture,🟢 Nurture,🟢 Nurture
14898.0,23,6,1269.31,4,5,4,454,0,At Risk,287.0066710895002,2011-11-16 14:54:00,0,0.19019839,nurture,🟢 Nurture,🟢 Nurture
14901.0,11,9,1421.29,5,5,4,554,0,At Risk,285.54744454915266,2011-11-28 17:09:00,0,0.091627695,nurture,🟢 Nurture,🟢 Nurture
14902.0,26,1,332.66,4,1,2,412,0,At Risk,0.0,2011-11-14 10:34:00,0,0.70767343,let_go,⚪ Let Go,⚪ Let Go
14903.0,21,5,2795.33,4,4,5,445,0,At Risk,740.3911256704134,2011-11-18 16:07:00,0,0.086800516,nurture,🟢 Nurture,🟢 Nurture
14904.0,2,2,1025.44,5,3,4,534,0,At Risk,1635.4064077790758,2011-12-07 12:55:00,0,0.012957243,nurture,🟢 Nurture,🟢 Nurture
14905.0,158,2,616.15,2,3,3,233,1,Hibernating,174.76551920820634,2011-07-05 12:41:00,1,0.5809057,retain,🔴 Retain Immediately,🔴 Retain Immediately
14907.0,3,7,3501.1,5,5,5,555,0,At Risk,712.4835271052954,2011-12-06 14:14:00,0,0.059670918,nurture,🟢 Nurture,🟢 Nurture
14908.0,74,1,277.8,2,1,2,212,0,At Risk,0.0,2011-09-26 12:56:00,0,0.6907499,let_go,⚪ Let Go,⚪ Let Go
14910.0,3,4,434.35,5,4,2,542,0,At Risk,273.55637631883354,2011-12-07 10:06:00,0,0.09812632,nurture,🟢 Nurture,🟢 Nurture
14911.0,1,198,136161.83,5,5,5,555,2,Champions,29636.343327827904,2011-12-08 15:54:00,0,0.0119413175,nurture,🟢 Nurture,🟢 Nurture
14912.0,17,2,867.85,4,3,3,433,0,At Risk,208.0749878319673,2011-11-23 09:20:00,0,0.7445772,retain,🔴 Retain Immediately,🔴 Retain Immediately
14913.0,36,4,1227.43,3,4,4,344,0,At Risk,251.79504804007252,2011-11-04 08:29:00,0,0.16669402,nurture,🟢 Nurture,🟢 Nurture
14915.0,91,2,307.48,2,3,2,232,0,At Risk,81.3395236860147,2011-09-09 13:34:00,0,0.6086546,let_go,⚪ Let Go,⚪ Let Go
14916.0,71,4,1268.98,3,4,4,344,0,At Risk,290.585260298246,2011-09-30 09:20:00,0,0.21633376,nurture,🟢 Nurture,🟢 Nurture
14918.0,116,2,1610.15,2,3,4,234,0,At Risk,677.9606831380714,2011-08-16 11:50:00,1,0.6713332,retain,🔴 Retain Immediately,🔴 Retain Immediately
14920.0,213,2,977.77,1,3,4,134,1,Hibernating,0.0,2011-05-11 10:32:00,1,0.63040066,let_go,⚪ Let Go,⚪ Let Go
14921.0,30,2,1316.07,4,3,4,434,0,At Risk,266.02286175097964,2011-11-09 13:17:00,0,0.71613306,retain,🔴 Retain Immediately,🔴 Retain Immediately
14923.0,51,1,749.1,3,1,3,313,0,At Risk,0.0,2011-10-20 11:51:00,0,0.5714547,let_go,⚪ Let Go,⚪ Let Go
14924.0,246,1,310.05,1,1,2,112,1,Hibernating,0.0,2011-04-08 09:25:00,1,0.74204737,let_go,⚪ Let Go,⚪ Let Go
14929.0,32,1,223.88,4,1,1,411,0,At Risk,0.0,2011-11-07 17:21:00,0,0.7233779,let_go,⚪ Let Go,⚪ Let Go
14930.0,109,3,2362.96,2,3,5,235,0,At Risk,614.0815638745278,2011-08-23 10:31:00,1,0.58483183,retain,🔴 Retain Immediately,🔴 Retain Immediately
14931.0,5,4,864.6800000000001,5,4,3,543,0,At Risk,243.1467437744667,2011-12-05 10:19:00,0,0.16309308,nurture,🟢 Nurture,🟢 Nurture
14932.0,366,1,313.53,1,1,2,112,1,Hibernating,0.0,2010-12-09 11:48:00,1,0.74204737,let_go,⚪ Let Go,⚪ Let Go
14934.0,82,2,1890.94,2,3,4,234,0,At Risk,505.2113221980968,2011-09-19 10:10:00,0,0.44319776,nurture,🟢 Nurture,🟢 Nurture
14935.0,297,1,1784.71,1,1,4,114,1,Hibernating,0.0,2011-02-15 14:44:00,1,0.77879804,let_go,⚪ Let Go,⚪ Let Go
14936.0,34,8,8137.02,3,5,5,355,0,At Risk,2162.765842707273,2011-11-06 10:30:00,0,0.0747232,nurture,🟢 Nurture,🟢 Nurture
14937.0,57,3,1621.88,3,3,4,334,0,At Risk,794.1253264466341,2011-10-14 12:29:00,0,0.14969914,nurture,🟢 Nurture,🟢 Nurture
14944.0,30,12,5900.25,4,5,5,455,0,At Risk,1517.5816604385861,2011-11-10 09:10:00,0,0.076666296,nurture,🟢 Nurture,🟢 Nurture
14946.0,14,1,100.9,5,1,1,511,0,At Risk,0.0,2011-11-25 13:33:00,0,0.8111666,let_go,⚪ Let Go,⚪ Let Go
14947.0,72,2,290.82,3,3,2,332,0,At Risk,106.35826405583234,2011-09-28 15:48:00,0,0.29853272,monitor,🔵 Monitor,🔵 Monitor
14948.0,23,6,1101.97,4,5,4,454,0,At Risk,324.2511300408908,2011-11-16 17:16:00,0,0.13988347,nurture,🟢 Nurture,🟢 Nurture
14950.0,19,1,371.2,4,1,2,412,0,At Risk,0.0,2011-11-20 13:48:00,0,0.6658681,let_go,⚪ Let Go,⚪ Let Go
14951.0,79,1,311.69,2,1,2,212,0,At Risk,0.0,2011-09-21 15:15:00,0,0.74204737,let_go,⚪ Let Go,⚪ Let Go
14952.0,60,11,8099.49,3,5,5,355,0,At Risk,1787.4253167379625,2011-10-11 10:33:00,0,0.025274958,nurture,🟢 Nurture,🟢 Nurture
14953.0,25,1,285.67,4,1,2,412,0,At Risk,0.0,2011-11-14 14:59:00,0,0.6907499,let_go,⚪ Let Go,⚪ Let Go
14954.0,12,1,294.85,5,1,2,512,0,At Risk,0.0,2011-11-27 14:30:00,0,0.74204737,let_go,⚪ Let Go,⚪ Let Go
14957.0,253,1,58.49,1,1,1,111,1,Hibernating,0.0,2011-03-31 17:59:00,1,0.8278831,let_go,⚪ Let Go,⚪ Let Go
14958.0,147,3,483.72999999999996,2,3,3,233,1,Hibernating,122.03171622884024,2011-07-15 14:20:00,1,0.5657699,let_go,⚪ Let Go,⚪ Let Go
14959.0,64,4,695.42,3,4,3,343,0,At Risk,167.87256538453653,2011-10-06 18:23:00,0,0.15495104,nurture,🟢 Nurture,🟢 Nurture
14960.0,8,2,221.27,5,3,1,531,0,At Risk,100.07032004986618,2011-12-01 12:54:00,0,0.3124324,monitor,🔵 Monitor,🔵 Monitor
14961.0,11,9,7044.68,5,5,5,555,0,At Risk,1427.9646339664555,2011-11-29 09:42:00,0,0.41992053,nurture,🟢 Nurture,🟢 Nurture
14962.0,271,1,126.7,1,1,1,111,1,Hibernating,0.0,2011-03-14 09:42:00,1,0.7570939,let_go,⚪ Let Go,⚪ Let Go
14963.0,10,5,1472.34,5,4,4,544,0,At Risk,555.480585565707,2011-11-30 12:16:00,0,0.03562092,nurture,🟢 Nurture,🟢 Nurture
14964.0,247,1,206.21,1,1,1,111,1,Hibernating,0.0,2011-04-06 14:13:00,1,0.7252728,let_go,⚪ Let Go,⚪ Let Go
14965.0,96,2,596.09,2,3,3,233,0,At Risk,0.0,2011-09-04 13:20:00,1,0.69083667,let_go,⚪ Let Go,⚪ Let Go
14966.0,15,1,183.02,4,1,1,411,0,At Risk,0.0,2011-11-25 12:20:00,0,0.7252728,let_go,⚪ Let Go,⚪ Let Go
14967.0,50,1,463.8,3,1,2,312,0,At Risk,0.0,2011-10-21 11:06:00,0,0.6685883,let_go,⚪ Let Go,⚪ Let Go
14968.0,30,1,147.59,4,1,1,411,0,At Risk,0.0,2011-11-09 13:58:00,0,0.7604684,let_go,⚪ Let Go,⚪ Let Go
14970.0,68,4,1592.06,3,4,4,344,0,At Risk,382.58296103912323,2011-10-02 13:44:00,0,0.20002624,nurture,🟢 Nurture,🟢 Nurture
14971.0,35,3,1097.98,3,3,4,334,0,At Risk,975.9858990204767,2011-11-04 17:07:00,0,0.01632855,nurture,🟢 Nurture,🟢 Nurture
14972.0,128,1,114.77,2,1,1,211,0,At Risk,0.0,2011-08-03 14:54:00,1,0.7762069,let_go,⚪ Let Go,⚪ Let Go
14973.0,107,3,1314.45,2,3,4,234,0,At Risk,298.1106308266943,2011-08-24 15:51:00,1,0.40361694,nurture,🟢 Nurture,🟢 Nurture
14974.0,37,1,89.94,3,1,1,311,0,At Risk,0.0,2011-11-02 13:01:00,0,0.78954464,let_go,⚪ Let Go,⚪ Let Go
14975.0,57,1,279.94,3,1,2,312,0,At Risk,0.0,2011-10-13 14:08:00,0,0.6907499,let_go,⚪ Let Go,⚪ Let Go
14976.0,57,6,774.86,3,5,3,353,0,At Risk,175.95287693244111,2011-10-13 16:33:00,0,0.14111795,nurture,🟢 Nurture,🟢 Nurture
14978.0,72,5,1921.3700000000001,3,4,4,344,0,At Risk,453.55929252366866,2011-09-28 13:07:00,0,0.10775376,nurture,🟢 Nurture,🟢 Nurture
14981.0,246,1,102.12,1,1,1,111,1,Hibernating,0.0,2011-04-07 13:45:00,1,0.7762069,let_go,⚪ Let Go,⚪ Let Go
14984.0,19,2,202.37,4,3,1,431,0,At Risk,72.80784889175496,2011-11-20 14:28:00,0,0.7056427,let_go,⚪ Let Go,⚪ Let Go
14985.0,198,2,292.01,1,3,2,132,1,Hibernating,67.162235628787,2011-05-25 14:29:00,1,0.75303024,let_go,⚪ Let Go,⚪ Let Go
14987.0,16,2,326.4,4,3,2,432,0,At Risk,62.58910907529421,2011-11-24 09:59:00,0,0.7088968,let_go,⚪ Let Go,⚪ Let Go
14988.0,212,1,334.54,1,1,2,112,1,Hibernating,0.0,2011-05-12 12:05:00,1,0.70767343,let_go,⚪ Let Go,⚪ Let Go
14995.0,39,2,231.98000000000002,3,3,1,331,0,At Risk,55.49856771350097,2011-11-01 11:39:00,0,0.7408482,let_go,⚪ Let Go,⚪ Let Go
14997.0,46,3,546.1999999999999,3,3,3,333,0,At Risk,216.836730013642,2011-10-24 13:28:00,0,0.2670855,nurture,🟢 Nurture,🟢 Nurture
14998.0,170,2,414.87,2,3,2,232,1,Hibernating,128.03023460205017,2011-06-22 17:30:00,1,0.5949339,let_go,⚪ Let Go,⚪ Let Go
15000.0,48,1,490.52,3,1,3,313,0,At Risk,0.0,2011-10-23 11:42:00,0,0.6685883,let_go,⚪ Let Go,⚪ Let Go
15002.0,116,4,1641.76,2,4,4,244,0,At Risk,268.91763766252984,2011-08-16 10:44:00,1,0.7199652,retain,🔴 Retain Immediately,🔴 Retain Immediately
15004.0,147,1,1220.38,2,1,4,214,1,Hibernating,0.0,2011-07-15 14:05:00,1,0.7434049,let_go,⚪ Let Go,⚪ Let Go
15005.0,16,28,6293.67,4,5,5,455,3,Loyal Customers,1373.0057663195764,2011-11-24 12:25:00,0,0.022378448,nurture,🟢 Nurture,🟢 Nurture
15006.0,51,1,475.43,3,1,2,312,0,At Risk,0.0,2011-10-19 15:08:00,0,0.6685883,let_go,⚪ Let Go,⚪ Let Go
15007.0,159,1,156.91,2,1,1,211,1,Hibernating,0.0,2011-07-03 16:00:00,1,0.7986125,let_go,⚪ Let Go,⚪ Let Go
15009.0,12,3,1259.43,5,3,4,534,0,At Risk,1347.6312059744018,2011-11-27 13:35:00,0,0.015990477,nurture,🟢 Nurture,🟢 Nurture
15010.0,36,1,308.94,3,1,2,312,0,At Risk,0.0,2011-11-04 12:42:00,0,0.74204737,let_go,⚪ Let Go,⚪ Let Go
15012.0,54,2,405.04,3,3,2,332,0,At Risk,80.9456946884273,2011-10-17 12:22:00,0,0.67891705,let_go,⚪ Let Go,⚪ Let Go
15014.0,43,2,257.67,3,3,2,332,0,At Risk,102.65488153596351,2011-10-27 20:07:00,0,0.3124324,monitor,🔵 Monitor,🔵 Monitor
15016.0,173,1,170.04,2,1,1,211,1,Hibernating,0.0,2011-06-20 12:06:00,1,0.7252728,let_go,⚪ Let Go,⚪ Let Go
15017.0,34,1,125.58,3,1,1,311,0,At Risk,0.0,2011-11-06 10:33:00,0,0.7570939,let_go,⚪ Let Go,⚪ Let Go
15018.0,39,3,496.21000000000004,3,3,3,333,0,At Risk,112.56656291790438,2011-11-01 12:47:00,0,0.5657699,let_go,⚪ Let Go,⚪ Let Go
15019.0,267,1,252.81,1,1,2,112,1,Hibernating,0.0,2011-03-18 12:35:00,1,0.7233779,let_go,⚪ Let Go,⚪ Let Go
15021.0,9,9,1871.77,5,5,4,554,0,At Risk,402.19573597853946,2011-12-01 11:53:00,0,0.042658944,nurture,🟢 Nurture,🟢 Nurture
15022.0,12,4,852.39,5,4,3,543,0,At Risk,782.1240556918453,2011-11-28 12:35:00,0,0.00540599,nurture,🟢 Nurture,🟢 Nurture
15023.0,3,11,6701.51,5,5,5,555,0,At Risk,1458.456239849452,2011-12-06 17:23:00,0,0.19450228,nurture,🟢 Nurture,🟢 Nurture
15024.0,10,10,1636.43,5,5,4,554,0,At Risk,278.4218912158332,2011-11-30 12:06:00,0,0.34544024,nurture,🟢 Nurture,🟢 Nurture
15025.0,33,1,361.96,4,1,2,412,0,At Risk,0.0,2011-11-06 15:20:00,0,0.6658681,let_go,⚪ Let Go,⚪ Let Go
15026.0,80,3,464.2,2,3,2,232,0,At Risk,134.1655120738813,2011-09-20 13:52:00,0,0.5657699,let_go,⚪ Let Go,⚪ Let Go
15027.0,31,4,1066.1499999999999,4,4,4,444,0,At Risk,285.3154896949676,2011-11-09 10:16:00,0,0.21428902,nurture,🟢 Nurture,🟢 Nurture
15028.0,8,4,627.13,5,4,3,543,0,At Risk,128.52361866673635,2011-12-01 14:06:00,0,0.38523516,monitor,🔵 Monitor,🔵 Monitor
15030.0,72,2,518.28,3,3,3,333,0,At Risk,183.15538160656948,2011-09-29 10:50:00,0,0.49794096,nurture,🟢 Nurture,🟢 Nurture
15031.0,4,4,653.19,5,4,3,543,0,At Risk,170.49007171902784,2011-12-05 14:19:00,0,0.18428482,nurture,🟢 Nurture,🟢 Nurture
15032.0,256,3,4959.1,1,3,5,135,1,Hibernating,820.2058360659898,2011-03-28 15:03:00,1,0.17606016,nurture,🟢 Nurture,🟢 Nurture
15033.0,5,10,2553.88,5,5,5,555,0,At Risk,519.6582168274584,2011-12-05 12:40:00,0,0.10739283,nurture,🟢 Nurture,🟢 Nurture
15034.0,16,8,4274.16,4,5,5,455,0,At Risk,868.3011507895598,2011-11-24 12:11:00,0,0.05557958,nurture,🟢 Nurture,🟢 Nurture
15035.0,90,1,252.73000000000002,2,1,2,212,0,At Risk,0.0,2011-09-11 11:08:00,0,0.7233779,let_go,⚪ Let Go,⚪ Let Go
15036.0,72,3,429.56,3,3,2,332,0,At Risk,207.8761670036733,2011-09-28 15:42:00,0,0.11087714,nurture,🟢 Nurture,🟢 Nurture
15038.0,59,6,685.74,3,5,3,353,0,At Risk,140.11316239145128,2011-10-12 11:33:00,0,0.4679693,monitor,🔵 Monitor,🔵 Monitor
15039.0,10,47,19766.59,5,5,5,555,3,Loyal Customers,4283.6755751669325,2011-11-30 11:31:00,0,0.010384795,nurture,🟢 Nurture,🟢 Nurture
15041.0,170,1,179.93,2,1,1,211,1,Hibernating,0.0,2011-06-22 16:16:00,1,0.7252728,let_go,⚪ Let Go,⚪ Let Go
15042.0,199,1,135.93,1,1,1,111,1,Hibernating,0.0,2011-05-24 16:25:00,1,0.79418945,let_go,⚪ Let Go,⚪ Let Go
15043.0,31,1,537.0,4,1,3,413,0,At Risk,0.0,2011-11-08 14:26:00,0,0.6685883,let_go,⚪ Let Go,⚪ Let Go
15044.0,19,17,7634.7300000000005,4,5,5,455,3,Loyal Customers,1594.9370942625892,2011-11-20 13:20:00,0,0.033170946,nurture,🟢 Nurture,🟢 Nurture
15045.0,152,2,735.66,2,3,3,233,1,Hibernating,180.45043923545137,2011-07-11 11:33:00,1,0.539232,retain,🔴 Retain Immediately,🔴 Retain Immediately
15046.0,9,15,5071.47,5,5,5,555,3,Loyal Customers,1135.635330182027,2011-11-30 15:50:00,0,0.04113124,nurture,🟢 Nurture,🟢 Nurture
15047.0,270,1,343.62,1,1,2,112,1,Hibernating,0.0,2011-03-15 10:49:00,1,0.70767343,let_go,⚪ Let Go,⚪ Let Go
15048.0,65,4,381.0,3,4,2,342,0,At Risk,75.6662413462537,2011-10-05 14:55:00,0,0.34129387,monitor,🔵 Monitor,🔵 Monitor
15049.0,274,1,121.17000000000002,1,1,1,111,1,Hibernating,0.0,2011-03-11 12:13:00,1,0.7842942,let_go,⚪ Let Go,⚪ Let Go
15050.0,25,3,1737.69,4,3,4,434,0,At Risk,665.6361074839775,2011-11-14 16:17:00,0,0.2708712,nurture,🟢 Nurture,🟢 Nurture
15051.0,23,3,1383.3600000000001,4,3,4,434,0,At Risk,639.6586009889216,2011-11-16 15:38:00,0,0.049231652,nurture,🟢 Nurture,🟢 Nurture
15052.0,319,1,207.73000000000002,1,1,1,111,1,Hibernating,0.0,2011-01-24 15:52:00,1,0.7252728,let_go,⚪ Let Go,⚪ Let Go
15053.0,5,3,693.95,5,3,3,533,0,At Risk,175.29677195775807,2011-12-05 12:08:00,0,0.31598917,nurture,🟢 Nurture,🟢 Nurture
15054.0,12,2,302.1,5,3,2,532,0,At Risk,281.95909838656655,2011-11-27 15:02:00,0,0.08425366,nurture,🟢 Nurture,🟢 Nurture
15057.0,275,2,1489.5,1,3,4,134,1,Hibernating,155.3824551539912,2011-03-09 15:17:00,1,0.8757604,let_go,⚪ Let Go,⚪ Let Go
15058.0,25,11,2102.54,4,5,5,455,0,At Risk,503.2192108416393,2011-11-14 14:57:00,0,0.089294136,nurture,🟢 Nurture,🟢 Nurture
15059.0,41,9,1337.72,3,5,4,354,0,At Risk,306.0508954076389,2011-10-30 11:35:00,0,0.105287634,nurture,🟢 Nurture,🟢 Nurture
15060.0,8,4,293.0,5,4,2,542,0,At Risk,72.59065178844047,2011-12-01 13:47:00,0,0.46715838,monitor,🔵 Monitor,🔵 Monitor
15061.0,4,48,54534.14,5,5,5,555,3,Loyal Customers,10041.431977926593,2011-12-06 12:06:00,0,0.0119413175,nurture,🟢 Nurture,🟢 Nurture
15062.0,71,4,987.86,3,4,4,344,0,At Risk,211.79355757799374,2011-09-29 16:51:00,0,0.39512765,nurture,🟢 Nurture,🟢 Nurture
15063.0,213,1,370.79999999999995,1,1,2,112,1,Hibernating,0.0,2011-05-10 13:25:00,1,0.6658681,let_go,⚪ Let Go,⚪ Let Go
15065.0,38,4,3158.13,3,4,5,345,0,At Risk,782.2403948383621,2011-11-02 09:45:00,0,0.16802093,nurture,🟢 Nurture,🟢 Nurture
15066.0,53,1,893.59,3,1,3,313,0,At Risk,0.0,2011-10-17 13:25:00,0,0.6219095,let_go,⚪ Let Go,⚪ Let Go
15067.0,78,3,1744.76,2,3,4,234,0,At Risk,426.81024455218267,2011-09-22 13:20:00,0,0.44923508,nurture,🟢 Nurture,🟢 Nurture
15068.0,46,2,553.36,3,3,3,333,0,At Risk,163.83728381452923,2011-10-24 14:47:00,0,0.51217973,retain,🔴 Retain Immediately,🔴 Retain Immediately
15069.0,179,1,1109.53,2,1,4,214,1,Hibernating,0.0,2011-06-13 14:16:00,1,0.73978955,let_go,⚪ Let Go,⚪ Let Go
15070.0,373,1,106.2,1,1,1,111,1,Hibernating,0.0,2010-12-02 11:23:00,1,0.7762069,let_go,⚪ Let Go,⚪ Let Go
15071.0,94,2,982.07,2,3,4,234,0,At Risk,192.50496271481845,2011-09-07 11:43:00,1,0.77935445,retain,🔴 Retain Immediately,🔴 Retain Immediately
15073.0,10,3,1043.41,5,3,4,534,0,At Risk,326.1770833814495,2011-11-30 10:44:00,0,0.2818185,nurture,🟢 Nurture,🟢 Nurture
15074.0,105,1,735.67,2,1,3,213,0,At Risk,0.0,2011-08-26 14:45:00,1,0.6470802,let_go,⚪ Let Go,⚪ Let Go
15075.0,78,1,773.03,2,1,3,213,0,At Risk,0.0,2011-09-23 12:27:00,0,0.5714547,let_go,⚪ Let Go,⚪ Let Go
15076.0,173,1,880.85,2,1,3,213,1,Hibernating,0.0,2011-06-20 08:23:00,1,0.6219095,let_go,⚪ Let Go,⚪ Let Go
15078.0,7,32,9743.11,5,5,5,555,3,Loyal Customers,2103.4852676769865,2011-12-02 15:41:00,0,0.0051216776,nurture,🟢 Nurture,🟢 Nurture
15079.0,213,4,895.61,1,4,3,143,1,Hibernating,220.46584734306674,2011-05-11 12:45:00,1,0.19590773,nurture,🟢 Nurture,🟢 Nurture
15081.0,22,5,504.8,4,4,3,443,0,At Risk,100.76974404902548,2011-11-17 17:08:00,0,0.5251638,let_go,⚪ Let Go,⚪ Let Go
15083.0,257,1,88.2,1,1,1,111,1,Hibernating,0.0,2011-03-28 12:18:00,1,0.78954464,let_go,⚪ Let Go,⚪ Let Go
15087.0,282,1,306.94,1,1,2,112,1,Hibernating,0.0,2011-03-03 10:34:00,1,0.74204737,let_go,⚪ Let Go,⚪ Let Go
15088.0,21,2,1160.07,4,3,4,434,0,At Risk,448.3389869574048,2011-11-18 13:14:00,0,0.5237159,retain,🔴 Retain Immediately,🔴 Retain Immediately
15089.0,10,6,2420.84,5,5,5,555,0,At Risk,738.6015833254438,2011-11-29 16:31:00,0,0.061909042,nurture,🟢 Nurture,🟢 Nurture
15090.0,308,1,381.32,1,1,2,112,1,Hibernating,0.0,2011-02-04 14:03:00,1,0.6658681,let_go,⚪ Let Go,⚪ Let Go
15091.0,68,1,480.71,3,1,2,312,0,At Risk,0.0,2011-10-03 12:47:00,0,0.6685883,let_go,⚪ Let Go,⚪ Let Go
15092.0,215,2,457.81,1,3,2,132,1,Hibernating,65.35744389809543,2011-05-08 14:10:00,1,0.7720227,let_go,⚪ Let Go,⚪ Let Go
15093.0,18,6,4597.02,4,5,5,455,0,At Risk,969.4492100060211,2011-11-21 13:09:00,0,0.120934986,nurture,🟢 Nurture,🟢 Nurture
15095.0,104,4,1370.6,2,4,4,244,0,At Risk,296.5899258896024,2011-08-28 12:01:00,1,0.42203307,nurture,🟢 Nurture,🟢 Nurture
15096.0,43,1,219.39000000000001,3,1,1,311,0,At Risk,0.0,2011-10-28 10:27:00,0,0.7233779,let_go,⚪ Let Go,⚪ Let Go
15097.0,4,1,248.08,5,1,2,512,0,At Risk,0.0,2011-12-05 14:03:00,0,0.7233779,let_go,⚪ Let Go,⚪ Let Go
15098.0,182,3,39916.5,1,3,5,135,3,Loyal Customers,0.0,2011-06-10 15:33:00,1,0.5152076,let_go,⚪ Let Go,⚪ Let Go
15099.0,84,1,410.48,2,1,2,212,0,At Risk,0.0,2011-09-16 13:13:00,0,0.6658681,let_go,⚪ Let Go,⚪ Let Go
15100.0,334,3,876.0,1,3,3,133,1,Hibernating,151.03622077551358,2011-01-10 10:35:00,1,0.5225459,let_go,⚪ Let Go,⚪ Let Go
15101.0,9,2,317.53,5,3,2,532,0,At Risk,83.37072506584087,2011-12-01 10:18:00,0,0.6086546,let_go,⚪ Let Go,⚪ Let Go
15103.0,31,2,703.36,4,3,3,433,0,At Risk,522.1166771095268,2011-11-08 14:53:00,0,0.019435022,nurture,🟢 Nurture,🟢 Nurture
15104.0,197,2,993.54,1,3,4,134,1,Hibernating,295.1178596042499,2011-05-27 12:29:00,1,0.705411,retain,🔴 Retain Immediately,🔴 Retain Immediately
15105.0,18,7,2298.93,4,5,5,455,0,At Risk,1076.3250141658023,2011-11-21 16:54:00,0,0.022436498,nurture,🟢 Nurture,🟢 Nurture
15106.0,18,5,1422.52,4,4,4,444,0,At Risk,341.22854857189986,2011-11-22 09:16:00,0,0.11626357,nurture,🟢 Nurture,🟢 Nurture
15107.0,311,6,319.5,1,5,2,152,1,Hibernating,50.499269057991924,2011-02-01 14:46:00,1,0.83052105,let_go,⚪ Let Go,⚪ Let Go
15108.0,142,3,1159.25,2,3,4,234,0,At Risk,449.1803621784445,2011-07-21 10:24:00,1,0.29892364,nurture,🟢 Nurture,🟢 Nurture
15109.0,246,1,484.95,1,1,3,113,1,Hibernating,0.0,2011-04-08 09:58:00,1,0.6685883,let_go,⚪ Let Go,⚪ Let Go
15110.0,24,4,996.1,4,4,4,444,0,At Risk,250.96949012676106,2011-11-16 11:16:00,0,0.19604164,nurture,🟢 Nurture,🟢 Nurture
15111.0,29,3,1567.48,4,3,4,434,0,At Risk,366.93379007779276,2011-11-10 16:58:00,0,0.35699996,nurture,🟢 Nurture,🟢 Nurture
15113.0,10,3,3509.04,5,3,5,535,0,At Risk,1830.586037993508,2011-11-30 08:23:00,0,0.019201607,nurture,🟢 Nurture,🟢 Nurture
15114.0,30,10,2760.56,4,5,5,455,0,At Risk,705.191118194477,2011-11-09 15:05:00,0,0.020471098,nurture,🟢 Nurture,🟢 Nurture
15115.0,18,1,340.11,4,1,2,412,0,At Risk,0.0,2011-11-21 14:59:00,0,0.70767343,let_go,⚪ Let Go,⚪ Let Go
15116.0,18,4,1352.75,4,4,4,444,0,At Risk,392.76280340124583,2011-11-22 12:25:00,0,0.13992971,nurture,🟢 Nurture,🟢 Nurture
15117.0,15,5,1551.78,4,4,4,444,0,At Risk,508.7710301245823,2011-11-25 08:12:00,0,0.06380542,nurture,🟢 Nurture,🟢 Nurture
15118.0,134,1,244.8,2,1,1,211,0,At Risk,0.0,2011-07-28 14:54:00,1,0.7233779,let_go,⚪ Let Go,⚪ Let Go
15119.0,246,1,266.4,1,1,2,112,1,Hibernating,0.0,2011-04-08 09:08:00,1,0.7233779,let_go,⚪ Let Go,⚪ Let Go
15120.0,134,1,358.82,2,1,2,212,0,At Risk,0.0,2011-07-29 09:48:00,1,0.6658681,let_go,⚪ Let Go,⚪ Let Go
15121.0,50,2,457.72,3,3,2,332,0,At Risk,77.32579771326249,2011-10-20 14:51:00,0,0.7238189,let_go,⚪ Let Go,⚪ Let Go
15122.0,114,3,1633.78,2,3,4,234,0,At Risk,435.5820487344552,2011-08-17 16:48:00,1,0.48758283,nurture,🟢 Nurture,🟢 Nurture
15123.0,7,2,2199.31,5,3,5,535,0,At Risk,708.433788940693,2011-12-02 13:12:00,0,0.34633738,nurture,🟢 Nurture,🟢 Nurture
15124.0,23,2,184.19,4,3,1,431,0,At Risk,64.75863317074672,2011-11-17 10:09:00,0,0.72397006,let_go,⚪ Let Go,⚪ Let Go
15125.0,25,15,11528.48,4,5,5,455,3,Loyal Customers,2386.803516006004,2011-11-14 13:57:00,0,0.0050126836,nurture,🟢 Nurture,🟢 Nurture
15127.0,66,1,406.53,3,1,2,312,0,At Risk,0.0,2011-10-05 10:30:00,0,0.6658681,let_go,⚪ Let Go,⚪ Let Go
15128.0,60,4,1471.0,3,4,4,344,0,At Risk,417.4608350437284,2011-10-10 13:54:00,0,0.16342779,nurture,🟢 Nurture,🟢 Nurture
15129.0,50,11,3447.4,3,5,5,355,0,At Risk,898.3346186962337,2011-10-20 14:40:00,0,0.029890178,nurture,🟢 Nurture,🟢 Nurture
15130.0,170,1,330.11,2,1,2,212,1,Hibernating,0.0,2011-06-23 10:15:00,1,0.7176327,let_go,⚪ Let Go,⚪ Let Go
15132.0,18,5,977.9300000000001,4,4,4,444,0,At Risk,229.73681666673542,2011-11-21 17:10:00,0,0.22510147,nurture,🟢 Nurture,🟢 Nurture
15133.0,128,3,982.42,2,3,4,234,0,At Risk,226.51881679223771,2011-08-04 10:44:00,1,0.6049702,retain,🔴 Retain Immediately,🔴 Retain Immediately
15134.0,15,8,1387.99,4,5,4,454,0,At Risk,449.2994375373995,2011-11-25 08:55:00,0,0.034368176,nurture,🟢 Nurture,🟢 Nurture
15135.0,239,1,139.05,1,1,1,111,1,Hibernating,0.0,2011-04-14 19:16:00,1,0.8024771,let_go,⚪ Let Go,⚪ Let Go
15136.0,3,4,1286.7,5,4,4,544,0,At Risk,636.5665848339287,2011-12-07 12:26:00,0,0.022036107,nurture,🟢 Nurture,🟢 Nurture
15139.0,240,2,178.96,1,3,1,131,1,Hibernating,24.487338024640565,2011-04-14 11:39:00,1,0.720404,let_go,⚪ Let Go,⚪ Let Go
15140.0,52,7,2354.25,3,5,5,355,0,At Risk,635.6847956110266,2011-10-18 14:07:00,0,0.046360802,nurture,🟢 Nurture,🟢 Nurture
15142.0,46,1,498.74,3,1,3,313,0,At Risk,0.0,2011-10-24 12:51:00,0,0.6685883,let_go,⚪ Let Go,⚪ Let Go
15143.0,226,1,259.45,1,1,2,112,1,Hibernating,0.0,2011-04-28 12:03:00,1,0.7233779,let_go,⚪ Let Go,⚪ Let Go
15144.0,8,17,6580.44,5,5,5,555,3,Loyal Customers,1659.168565104107,2011-12-01 15:12:00,0,0.022378448,nurture,🟢 Nurture,🟢 Nurture
15145.0,4,4,1194.73,5,4,4,544,0,At Risk,293.18645027646835,2011-12-05 17:21:00,0,0.21633376,nurture,🟢 Nurture,🟢 Nurture
15146.0,165,2,1327.16,2,3,4,234,1,Hibernating,228.86199936475714,2011-06-28 12:09:00,1,0.8885941,retain,🔴 Retain Immediately,🔴 Retain Immediately
15147.0,240,1,623.5,1,1,3,113,1,Hibernating,0.0,2011-04-13 15:57:00,1,0.62328583,let_go,⚪ Let Go,⚪ Let Go
15148.0,11,1,301.29,5,1,2,512,0,At Risk,0.0,2011-11-29 08:21:00,0,0.74204737,let_go,⚪ Let Go,⚪ Let Go
15149.0,134,1,520.8000000000001,2,1,3,213,0,At Risk,0.0,2011-07-29 10:58:00,1,0.6685883,let_go,⚪ Let Go,⚪ Let Go
15150.0,17,10,5291.33,4,5,5,455,0,At Risk,1492.5574270528969,2011-11-22 12:52:00,0,0.06957717,nurture,🟢 Nurture,🟢 Nurture
15152.0,10,13,4745.69,5,5,5,555,0,At Risk,1681.2127990359666,2011-11-30 12:32:00,0,0.031839337,nurture,🟢 Nurture,🟢 Nurture
15153.0,31,1,329.25,4,1,2,412,0,At Risk,0.0,2011-11-08 17:09:00,0,0.7176327,let_go,⚪ Let Go,⚪ Let Go
15154.0,75,1,254.28,2,1,2,212,0,At Risk,0.0,2011-09-25 16:05:00,0,0.7233779,let_go,⚪ Let Go,⚪ Let Go
15156.0,1,3,961.49,5,3,4,534,0,At Risk,1141.4065257736045,2011-12-08 18:22:00,0,0.0051119295,nurture,🟢 Nurture,🟢 Nurture
15157.0,4,3,1936.07,5,3,4,534,0,At Risk,253.145361060149,2011-12-06 11:28:00,0,0.4420263,nurture,🟢 Nurture,🟢 Nurture
15158.0,45,1,401.40000000000003,3,1,2,312,0,At Risk,0.0,2011-10-25 13:53:00,0,0.6658681,let_go,⚪ Let Go,⚪ Let Go
15159.0,2,30,18641.010000000002,5,5,5,555,3,Loyal Customers,3881.86771949779,2011-12-08 12:05:00,0,0.010384795,nurture,🟢 Nurture,🟢 Nurture
15160.0,357,1,158.16,1,1,1,111,1,Hibernating,0.0,2010-12-17 14:15:00,1,0.7986125,let_go,⚪ Let Go,⚪ Let Go
15163.0,18,2,304.47,4,3,2,432,0,At Risk,101.67115112040103,2011-11-21 13:10:00,0,0.5049971,let_go,⚪ Let Go,⚪ Let Go
15164.0,69,3,824.58,3,3,3,333,0,At Risk,205.51373985484074,2011-10-02 12:05:00,0,0.45989498,nurture,🟢 Nurture,🟢 Nurture
15165.0,373,1,487.75,1,1,3,113,1,Hibernating,0.0,2010-12-01 14:03:00,1,0.6685883,let_go,⚪ Let Go,⚪ Let Go
15167.0,321,1,158.8,1,1,1,111,1,Hibernating,0.0,2011-01-23 12:41:00,1,0.7986125,let_go,⚪ Let Go,⚪ Let Go
15168.0,26,1,106.56,4,1,1,411,0,At Risk,0.0,2011-11-14 11:26:00,0,0.7762069,let_go,⚪ Let Go,⚪ Let Go
15171.0,331,1,1289.5,1,1,4,114,1,Hibernating,0.0,2011-01-12 15:36:00,1,0.7489092,let_go,⚪ Let Go,⚪ Let Go
15172.0,9,5,1624.05,5,4,4,544,0,At Risk,483.4411618181243,2011-12-01 11:51:00,0,0.06636266,nurture,🟢 Nurture,🟢 Nurture
15174.0,323,1,135.75,1,1,1,111,1,Hibernating,0.0,2011-01-21 09:06:00,1,0.79418945,let_go,⚪ Let Go,⚪ Let Go
15175.0,72,1,224.14,3,1,1,311,0,At Risk,0.0,2011-09-29 11:31:00,0,0.7233779,let_go,⚪ Let Go,⚪ Let Go
15178.0,260,1,40.5,1,1,1,111,1,Hibernating,0.0,2011-03-24 15:12:00,1,0.7398539,let_go,⚪ Let Go,⚪ Let Go
15179.0,18,5,2206.95,4,4,5,445,0,At Risk,266.6274299608291,2011-11-21 12:53:00,0,0.3362989,nurture,🟢 Nurture,🟢 Nurture
15180.0,367,1,87.5,1,1,1,111,1,Hibernating,0.0,2010-12-07 14:57:00,1,0.78954464,let_go,⚪ Let Go,⚪ Let Go
15181.0,66,3,689.4799999999999,3,3,3,333,0,At Risk,150.87115509568707,2011-10-04 13:58:00,0,0.41826686,monitor,🔵 Monitor,🔵 Monitor
15182.0,154,2,622.85,2,3,3,233,1,Hibernating,127.02040358340898,2011-07-08 13:37:00,1,0.68840057,let_go,⚪ Let Go,⚪ Let Go
15184.0,29,2,402.2,4,3,2,432,0,At Risk,114.30779925675007,2011-11-10 13:41:00,0,0.5949339,let_go,⚪ Let Go,⚪ Let Go
15185.0,70,1,310.62,3,1,2,312,0,At Risk,0.0,2011-09-30 14:06:00,0,0.74204737,let_go,⚪ Let Go,⚪ Let Go
15186.0,14,2,411.41,5,3,2,532,0,At Risk,138.12477830725135,2011-11-25 14:58:00,0,0.5949339,let_go,⚪ Let Go,⚪ Let Go
15187.0,2,15,4762.18,5,5,5,555,3,Loyal Customers,1638.310089851424,2011-12-08 11:56:00,0,0.12947854,nurture,🟢 Nurture,🟢 Nurture
15189.0,1,41,16225.39,5,5,5,555,3,Loyal Customers,3884.567605896581,2011-12-08 13:22:00,0,0.010384795,nurture,🟢 Nurture,🟢 Nurture
15192.0,120,3,1044.32,2,3,4,234,0,At Risk,213.3801721510148,2011-08-12 11:41:00,1,0.6190884,retain,🔴 Retain Immediately,🔴 Retain Immediately
15193.0,61,1,499.32,3,1,3,313,0,At Risk,0.0,2011-10-10 08:23:00,0,0.6685883,let_go,⚪ Let Go,⚪ Let Go
15194.0,3,15,7616.53,5,5,5,555,3,Loyal Customers,1654.0500529070864,2011-12-06 15:10:00,0,0.032484554,nurture,🟢 Nurture,🟢 Nurture
15195.0,3,1,3861.0,5,1,5,515,0,At Risk,0.0,2011-12-07 12:20:00,0,0.5944698,let_go,⚪ Let Go,⚪ Let Go
15197.0,11,3,1079.6100000000001,5,3,4,534,0,At Risk,156.09770899567573,2011-11-29 10:00:00,0,0.58128875,let_go,⚪ Let Go,⚪ Let Go
15198.0,92,2,193.64,2,3,1,231,0,At Risk,85.37139760801274,2011-09-08 14:42:00,1,0.534252,let_go,⚪ Let Go,⚪ Let Go
15199.0,59,4,1268.7,3,4,4,344,0,At Risk,286.0808635420433,2011-10-11 15:12:00,0,0.21633376,nurture,🟢 Nurture,🟢 Nurture
15201.0,87,5,1236.54,2,4,4,244,0,At Risk,355.8596087409275,2011-09-13 14:53:00,0,0.10270287,nurture,🟢 Nurture,🟢 Nurture
15203.0,26,6,1827.8,4,5,4,454,0,At Risk,464.86178564890844,2011-11-14 08:16:00,0,0.08087219,nurture,🟢 Nurture,🟢 Nurture
15204.0,357,1,316.58,1,1,2,112,1,Hibernating,0.0,2010-12-17 13:49:00,1,0.74204737,let_go,⚪ Let Go,⚪ Let Go
15205.0,85,2,653.24,2,3,3,233,0,At Risk,168.7282909841809,2011-09-15 19:36:00,0,0.5809057,retain,🔴 Retain Immediately,🔴 Retain Immediately
15206.0,10,4,420.29999999999995,5,4,2,542,0,At Risk,139.9930866726681,2011-11-29 13:41:00,0,0.3722687,monitor,🔵 Monitor,🔵 Monitor
15208.0,1,5,870.12,5,4,3,543,0,At Risk,212.4718091037064,2011-12-08 17:24:00,0,0.15435255,nurture,🟢 Nurture,🟢 Nurture
15210.0,225,1,331.18,1,1,2,112,1,Hibernating,0.0,2011-04-28 16:11:00,1,0.7176327,let_go,⚪ Let Go,⚪ Let Go
15211.0,60,2,894.4100000000001,3,3,3,333,0,At Risk,193.17458503979498,2011-10-10 13:31:00,0,0.73124474,retain,🔴 Retain Immediately,🔴 Retain Immediately
15212.0,241,1,101.8,1,1,1,111,1,Hibernating,0.0,2011-04-12 13:45:00,1,0.7762069,let_go,⚪ Let Go,⚪ Let Go
15213.0,319,2,328.35,1,3,2,132,1,Hibernating,7.7587401240070015,2011-01-25 12:21:00,1,0.7698501,let_go,⚪ Let Go,⚪ Let Go
15214.0,2,8,1661.44,5,5,4,554,0,At Risk,400.30258470337554,2011-12-08 12:07:00,0,0.054530106,nurture,🟢 Nurture,🟢 Nurture
15215.0,47,3,734.94,3,3,3,333,0,At Risk,508.45445553680923,2011-10-24 11:41:00,0,0.014589871,nurture,🟢 Nurture,🟢 Nurture
15216.0,88,1,96.6,2,1,1,211,0,At Risk,0.0,2011-09-13 11:41:00,0,0.7490496,let_go,⚪ Let Go,⚪ Let Go
15218.0,11,11,5756.89,5,5,5,555,0,At Risk,1397.8956382950378,2011-11-29 11:48:00,0,0.06290643,nurture,🟢 Nurture,🟢 Nurture
15219.0,176,1,305.75,2,1,2,212,1,Hibernating,0.0,2011-06-16 16:57:00,1,0.74204737,let_go,⚪ Let Go,⚪ Let Go
15220.0,52,6,1778.96,3,5,4,354,0,At Risk,462.6791384036392,2011-10-19 12:39:00,0,0.084384724,nurture,🟢 Nurture,🟢 Nurture
15221.0,366,1,403.25,1,1,2,112,1,Hibernating,0.0,2010-12-08 13:08:00,1,0.6658681,let_go,⚪ Let Go,⚪ Let Go
15222.0,319,1,585.0,1,1,3,113,1,Hibernating,0.0,2011-01-25 08:03:00,1,0.69083667,let_go,⚪ Let Go,⚪ Let Go
15223.0,226,2,755.75,1,3,3,133,1,Hibernating,242.8444398799138,2011-04-28 11:31:00,1,0.5046046,retain,🔴 Retain Immediately,🔴 Retain Immediately
15224.0,358,2,322.08,1,3,2,132,1,Hibernating,118.72877238518669,2010-12-16 15:02:00,1,0.49928102,monitor,🔵 Monitor,🔵 Monitor
15225.0,234,1,409.40000000000003,1,1,2,112,1,Hibernating,0.0,2011-04-19 14:51:00,1,0.6658681,let_go,⚪ Let Go,⚪ Let Go
15226.0,311,1,154.41,1,1,1,111,1,Hibernating,0.0,2011-02-02 11:41:00,1,0.7986125,let_go,⚪ Let Go,⚪ Let Go
15227.0,37,5,1219.4,3,4,4,344,0,At Risk,274.34211010100654,2011-11-03 11:59:00,0,0.19790444,nurture,🟢 Nurture,🟢 Nurture
15228.0,66,4,3386.71,3,4,5,345,0,At Risk,806.6637315951336,2011-10-04 13:56:00,0,0.12071579,nurture,🟢 Nurture,🟢 Nurture
15230.0,239,2,429.6,1,3,2,132,1,Hibernating,34.498696951089435,2011-04-14 14:39:00,1,0.7670543,let_go,⚪ Let Go,⚪ Let Go
15232.0,113,2,612.06,2,3,3,233,0,At Risk,263.8053199215191,2011-08-18 16:27:00,1,0.4879999,nurture,🟢 Nurture,🟢 Nurture
15234.0,277,1,197.0,1,1,1,111,1,Hibernating,0.0,2011-03-08 08:53:00,1,0.7252728,let_go,⚪ Let Go,⚪ Let Go
15235.0,218,12,2247.51,1,5,5,155,1,Hibernating,502.81046209939086,2011-05-06 09:44:00,1,0.124258235,nurture,🟢 Nurture,🟢 Nurture
15236.0,299,1,321.05,1,1,2,112,1,Hibernating,0.0,2011-02-14 10:52:00,1,0.74204737,let_go,⚪ Let Go,⚪ Let Go
15237.0,2,4,1412.32,5,4,4,544,0,At Risk,194.77916421632895,2011-12-08 09:46:00,0,0.4154865,nurture,🟢 Nurture,🟢 Nurture
15238.0,29,3,1071.99,4,3,4,434,0,At Risk,414.3688262827941,2011-11-10 14:28:00,0,0.23568727,nurture,🟢 Nurture,🟢 Nurture
15239.0,10,2,780.59,5,3,3,533,0,At Risk,434.66565421597073,2011-11-29 14:14:00,0,0.05322121,nurture,🟢 Nurture,🟢 Nurture
15240.0,45,5,1706.57,3,4,4,344,0,At Risk,412.1549916860673,2011-10-26 09:50:00,0,0.12661107,nurture,🟢 Nurture,🟢 Nurture
15241.0,67,8,1756.44,3,5,4,354,0,At Risk,413.295349538188,2011-10-04 09:05:00,0,0.050400663,nurture,🟢 Nurture,🟢 Nurture
15243.0,74,1,316.68,2,1,2,212,0,At Risk,0.0,2011-09-26 14:12:00,0,0.74204737,let_go,⚪ Let Go,⚪ Let Go
15244.0,65,2,631.57,3,3,3,333,0,At Risk,179.25896213463372,2011-10-05 13:19:00,0,0.5317348,retain,🔴 Retain Immediately,🔴 Retain Immediately
15245.0,134,3,2515.84,2,3,5,235,0,At Risk,499.8694364764388,2011-07-28 18:56:00,1,0.54312974,retain,🔴 Retain Immediately,🔴 Retain Immediately
15246.0,238,2,514.15,1,3,3,133,1,Hibernating,126.69115278373845,2011-04-15 14:45:00,1,0.6592904,let_go,⚪ Let Go,⚪ Let Go
15247.0,122,1,356.0,2,1,2,212,0,At Risk,0.0,2011-08-09 12:52:00,1,0.6658681,let_go,⚪ Let Go,⚪ Let Go
15249.0,32,13,6688.46,4,5,5,455,3,Loyal Customers,1830.7641863678668,2011-11-08 11:45:00,0,0.005754514,nurture,🟢 Nurture,🟢 Nurture
15251.0,9,11,10484.99,5,5,5,555,3,Loyal Customers,2623.049519759573,2011-11-30 15:02:00,0,0.025274958,nurture,🟢 Nurture,🟢 Nurture
15252.0,36,2,740.78,3,3,3,333,0,At Risk,307.01910481151526,2011-11-03 13:30:00,0,0.3890483,nurture,🟢 Nurture,🟢 Nurture
15253.0,16,5,918.1999999999999,4,4,3,443,0,At Risk,429.4047602969595,2011-11-23 16:22:00,0,0.032465726,nurture,🟢 Nurture,🟢 Nurture
15254.0,127,1,300.36,2,1,2,212,0,At Risk,0.0,2011-08-04 15:04:00,1,0.74204737,let_go,⚪ Let Go,⚪ Let Go
15255.0,67,1,890.85,3,1,3,313,0,At Risk,0.0,2011-10-04 12:43:00,0,0.6219095,let_go,⚪ Let Go,⚪ Let Go
15256.0,149,1,98.45,2,1,1,211,1,Hibernating,0.0,2011-07-14 11:47:00,1,0.7490496,let_go,⚪ Let Go,⚪ Let Go
15257.0,283,1,317.15,1,1,2,112,1,Hibernating,0.0,2011-03-01 12:58:00,1,0.74204737,let_go,⚪ Let Go,⚪ Let Go
15258.0,169,2,623.16,2,3,3,233,1,Hibernating,185.90622663887785,2011-06-24 12:30:00,1,0.5317348,retain,🔴 Retain Immediately,🔴 Retain Immediately
15260.0,100,7,1810.77,2,5,4,254,0,At Risk,339.79448747041965,2011-08-31 13:55:00,1,0.15039818,nurture,🟢 Nurture,🟢 Nurture
15261.0,135,1,254.82,2,1,2,212,0,At Risk,0.0,2011-07-27 15:20:00,1,0.7233779,let_go,⚪ Let Go,⚪ Let Go
15262.0,324,1,178.95000000000002,1,1,1,111,1,Hibernating,0.0,2011-01-20 12:16:00,1,0.7252728,let_go,⚪ Let Go,⚪ Let Go
15263.0,107,1,156.51,2,1,1,211,0,At Risk,0.0,2011-08-25 10:26:00,1,0.7986125,let_go,⚪ Let Go,⚪ Let Go
15264.0,64,1,393.74,3,1,2,312,0,At Risk,0.0,2011-10-06 13:49:00,0,0.6658681,let_go,⚪ Let Go,⚪ Let Go
15265.0,151,2,1506.1200000000001,2,3,4,234,1,Hibernating,444.4528768936325,2011-07-11 14:46:00,1,0.7127589,retain,🔴 Retain Immediately,🔴 Retain Immediately
15266.0,338,1,119.3,1,1,1,111,1,Hibernating,0.0,2011-01-05 13:40:00,1,0.7762069,let_go,⚪ Let Go,⚪ Let Go
15267.0,22,5,1717.36,4,4,4,444,0,At Risk,323.5931913955797,2011-11-17 15:59:00,0,0.43265855,nurture,🟢 Nurture,🟢 Nurture
15269.0,24,1,408.8,4,1,2,412,0,At Risk,0.0,2011-11-16 09:32:00,0,0.6658681,let_go,⚪ Let Go,⚪ Let Go
15270.0,16,7,2379.49,4,5,5,455,0,At Risk,503.02656680294007,2011-11-24 09:24:00,0,0.08843428,nurture,🟢 Nurture,🟢 Nurture
15271.0,7,15,2493.34,5,5,5,555,3,Loyal Customers,551.0220641484752,2011-12-02 14:11:00,0,0.04027263,nurture,🟢 Nurture,🟢 Nurture
15272.0,57,2,721.94,3,3,3,333,0,At Risk,536.3216362019364,2011-10-13 12:59:00,0,0.009929685,nurture,🟢 Nurture,🟢 Nurture
15274.0,4,2,716.57,5,3,3,533,0,At Risk,990.0972127464717,2011-12-05 16:57:00,0,0.0049824044,nurture,🟢 Nurture,🟢 Nurture
15275.0,38,1,615.14,3,1,3,313,0,At Risk,0.0,2011-11-02 11:20:00,0,0.62328583,let_go,⚪ Let Go,⚪ Let Go
15276.0,66,1,128.63,3,1,1,311,0,At Risk,0.0,2011-10-04 16:39:00,0,0.79418945,let_go,⚪ Let Go,⚪ Let Go
15277.0,47,1,255.89999999999998,3,1,2,312,0,At Risk,0.0,2011-10-24 10:08:00,0,0.7233779,let_go,⚪ Let Go,⚪ Let Go
15279.0,355,1,290.51,1,1,2,112,1,Hibernating,0.0,2010-12-20 10:48:00,1,0.74204737,let_go,⚪ Let Go,⚪ Let Go
15280.0,172,1,113.12,2,1,1,211,1,Hibernating,0.0,2011-06-20 17:14:00,1,0.7762069,let_go,⚪ Let Go,⚪ Let Go
15281.0,59,9,2332.15,3,5,5,355,0,At Risk,402.6116149194122,2011-10-12 09:10:00,0,0.053101,nurture,🟢 Nurture,🟢 Nurture
15286.0,50,1,240.55,3,1,1,311,0,At Risk,0.0,2011-10-21 11:08:00,0,0.7233779,let_go,⚪ Let Go,⚪ Let Go
15287.0,22,2,486.69,4,3,3,433,0,At Risk,217.03869116475818,2011-11-17 15:34:00,0,0.13657989,nurture,🟢 Nurture,🟢 Nurture
15288.0,43,5,2306.52,3,4,5,345,0,At Risk,546.6504124715177,2011-10-27 16:58:00,0,0.1313615,nurture,🟢 Nurture,🟢 Nurture
15289.0,29,3,939.78,4,3,4,434,0,At Risk,233.44899791390958,2011-11-10 13:49:00,0,0.40080094,nurture,🟢 Nurture,🟢 Nurture
15290.0,5,18,7943.22,5,5,5,555,3,Loyal Customers,1803.3819568329702,2011-12-05 11:39:00,0,0.0051216776,nurture,🟢 Nurture,🟢 Nurture
15291.0,26,14,4623.3,4,5,5,455,3,Loyal Customers,976.3477160114579,2011-11-14 11:02:00,0,0.026810165,nurture,🟢 Nurture,🟢 Nurture
15292.0,201,1,178.39,1,1,1,111,1,Hibernating,0.0,2011-05-22 15:00:00,1,0.7252728,let_go,⚪ Let Go,⚪ Let Go
15296.0,51,6,3672.86,3,5,5,355,0,At Risk,681.3063279238897,2011-10-20 11:47:00,0,0.14411455,nurture,🟢 Nurture,🟢 Nurture
15297.0,10,3,641.94,5,3,3,533,0,At Risk,502.40799727815096,2011-11-29 16:32:00,0,0.0108544985,nurture,🟢 Nurture,🟢 Nurture
15298.0,2,12,4799.9,5,5,5,555,0,At Risk,1031.6276172799294,2011-12-07 17:17:00,0,0.078672014,nurture,🟢 Nurture,🟢 Nurture
15299.0,67,6,3907.01,3,5,5,355,0,At Risk,593.7981853344382,2011-10-03 14:19:00,0,0.12417486,nurture,🟢 Nurture,🟢 Nurture
15300.0,64,1,496.44,3,1,3,313,0,At Risk,0.0,2011-10-06 17:08:00,0,0.6685883,let_go,⚪ Let Go,⚪ Let Go
15301.0,51,12,5049.95,3,5,5,355,0,At Risk,1026.8202665754382,2011-10-20 09:57:00,0,0.057654805,nurture,🟢 Nurture,🟢 Nurture
15303.0,290,1,574.02,1,1,3,113,1,Hibernating,0.0,2011-02-22 13:59:00,1,0.69083667,let_go,⚪ Let Go,⚪ Let Go
15304.0,61,8,694.4000000000001,3,5,3,353,0,At Risk,137.16519753482552,2011-10-10 10:23:00,0,0.2342886,monitor,🔵 Monitor,🔵 Monitor
15306.0,64,3,1174.35,3,3,4,334,0,At Risk,534.0312081021376,2011-10-06 12:56:00,0,0.04212627,nurture,🟢 Nurture,🟢 Nurture
15307.0,96,1,205.3,2,1,1,211,0,At Risk,0.0,2011-09-05 11:38:00,1,0.7252728,let_go,⚪ Let Go,⚪ Let Go
15308.0,274,1,310.47,1,1,2,112,1,Hibernating,0.0,2011-03-10 13:08:00,1,0.74204737,let_go,⚪ Let Go,⚪ Let Go
15311.0,1,91,60632.75,5,5,5,555,2,Champions,13174.395995188914,2011-12-09 12:00:00,0,0.0119413175,nurture,🟢 Nurture,🟢 Nurture
15312.0,75,4,924.85,2,4,4,244,0,At Risk,175.14047597496494,2011-09-25 13:10:00,0,0.22500286,nurture,🟢 Nurture,🟢 Nurture
15313.0,110,1,52.0,2,1,1,211,0,At Risk,0.0,2011-08-21 16:02:00,1,0.7398539,let_go,⚪ Let Go,⚪ Let Go
15314.0,199,1,327.97,1,1,2,112,1,Hibernating,0.0,2011-05-24 14:39:00,1,0.7176327,let_go,⚪ Let Go,⚪ Let Go
15315.0,64,2,570.5,3,3,3,333,0,At Risk,341.77548209112797,2011-10-06 12:51:00,0,0.052329615,nurture,🟢 Nurture,🟢 Nurture
15316.0,327,1,165.0,1,1,1,111,1,Hibernating,0.0,2011-01-17 11:34:00,1,0.7252728,let_go,⚪ Let Go,⚪ Let Go
15318.0,4,1,312.62,5,1,2,512,0,At Risk,0.0,2011-12-06 11:30:00,0,0.74204737,let_go,⚪ Let Go,⚪ Let Go
15319.0,284,1,204.5,1,1,1,111,1,Hibernating,0.0,2011-03-01 12:48:00,1,0.7252728,let_go,⚪ Let Go,⚪ Let Go
15320.0,44,1,267.13,3,1,2,312,0,At Risk,0.0,2011-10-26 13:27:00,0,0.7233779,let_go,⚪ Let Go,⚪ Let Go
15321.0,71,3,2748.31,3,3,5,335,0,At Risk,733.9139187730702,2011-09-30 09:40:00,0,0.32753184,nurture,🟢 Nurture,🟢 Nurture
15322.0,86,1,679.68,2,1,3,213,0,At Risk,0.0,2011-09-15 09:34:00,0,0.62328583,let_go,⚪ Let Go,⚪ Let Go
15325.0,104,1,161.74,2,1,1,211,0,At Risk,0.0,2011-08-28 11:55:00,1,0.77871877,let_go,⚪ Let Go,⚪ Let Go
15326.0,334,1,311.71,1,1,2,112,1,Hibernating,0.0,2011-01-10 11:38:00,1,0.74204737,let_go,⚪ Let Go,⚪ Let Go
15327.0,53,1,208.75,3,1,1,311,0,At Risk,0.0,2011-10-18 11:55:00,0,0.7252728,let_go,⚪ Let Go,⚪ Let Go
15329.0,39,3,1049.7,3,3,4,334,0,At Risk,423.05618774297295,2011-10-31 15:36:00,0,0.31148267,nurture,🟢 Nurture,🟢 Nurture
15330.0,32,2,714.96,4,3,3,433,0,At Risk,641.0682060485918,2011-11-07 17:50:00,0,0.009767799,nurture,🟢 Nurture,🟢 Nurture
15332.0,366,4,1661.06,1,4,4,144,1,Hibernating,24.755601192308227,2010-12-08 14:43:00,1,0.64488155,let_go,⚪ Let Go,⚪ Let Go
15333.0,208,1,1028.56,1,1,4,114,1,Hibernating,0.0,2011-05-15 13:27:00,1,0.61455697,let_go,⚪ Let Go,⚪ Let Go
15334.0,157,3,347.87,2,3,2,232,1,Hibernating,133.42437237671658,2011-07-06 11:22:00,1,0.5247326,let_go,⚪ Let Go,⚪ Let Go
15335.0,54,1,170.22,3,1,1,311,0,At Risk,0.0,2011-10-17 12:50:00,0,0.7252728,let_go,⚪ Let Go,⚪ Let Go
15339.0,66,2,574.07,3,3,3,333,0,At Risk,136.04716105329845,2011-10-04 12:51:00,0,0.6592904,let_go,⚪ Let Go,⚪ Let Go
15341.0,81,1,2020.52,2,1,4,214,0,At Risk,0.0,2011-09-20 09:40:00,0,0.77879804,let_go,⚪ Let Go,⚪ Let Go
15342.0,130,1,406.09,2,1,2,212,0,At Risk,0.0,2011-08-02 10:19:00,1,0.6658681,let_go,⚪ Let Go,⚪ Let Go
15343.0,87,1,364.5,2,1,2,212,0,At Risk,0.0,2011-09-13 13:55:00,0,0.6658681,let_go,⚪ Let Go,⚪ Let Go
15344.0,1,3,563.94,5,3,3,533,0,At Risk,281.02085983964867,2011-12-09 10:45:00,0,0.21649452,nurture,🟢 Nurture,🟢 Nurture
15345.0,46,1,393.54,3,1,2,312,0,At Risk,0.0,2011-10-25 11:28:00,0,0.6658681,let_go,⚪ Let Go,⚪ Let Go
15346.0,333,1,252.42000000000002,1,1,2,112,1,Hibernating,0.0,2011-01-11 11:18:00,1,0.7233779,let_go,⚪ Let Go,⚪ Let Go
15347.0,366,1,201.60000000000002,1,1,1,111,1,Hibernating,0.0,2010-12-08 15:25:00,1,0.7252728,let_go,⚪ Let Go,⚪ Let Go
15348.0,72,1,158.04,3,1,1,311,0,At Risk,0.0,2011-09-28 13:17:00,0,0.7986125,let_go,⚪ Let Go,⚪ Let Go
15349.0,158,2,463.90999999999997,2,3,2,232,1,Hibernating,75.62126824926743,2011-07-04 16:06:00,1,0.7238189,let_go,⚪ Let Go,⚪ Let Go
15350.0,373,1,115.65,1,1,1,111,1,Hibernating,0.0,2010-12-01 13:33:00,1,0.7762069,let_go,⚪ Let Go,⚪ Let Go
15351.0,12,7,1934.66,5,5,4,554,0,At Risk,401.1679935729488,2011-11-27 12:52:00,0,0.045506634,nurture,🟢 Nurture,🟢 Nurture
15353.0,255,2,770.12,1,3,3,133,1,Hibernating,172.47586150002758,2011-03-30 12:15:00,1,0.59027606,retain,🔴 Retain Immediately,🔴 Retain Immediately
15355.0,29,2,277.05,4,3,2,432,0,At Risk,268.9781872712075,2011-11-10 13:44:00,0,0.07837756,nurture,🟢 Nurture,🟢 Nurture
15356.0,31,10,2718.03,4,5,5,455,0,At Risk,604.4711796780996,2011-11-08 13:11:00,0,0.036068223,nurture,🟢 Nurture,🟢 Nurture
15358.0,5,22,8347.2,5,5,5,555,3,Loyal Customers,1784.8714557132826,2011-12-05 09:04:00,0,0.0051216776,nurture,🟢 Nurture,🟢 Nurture
15360.0,40,1,427.93,3,1,2,312,0,At Risk,0.0,2011-10-31 09:35:00,0,0.64429915,let_go,⚪ Let Go,⚪ Let Go
15361.0,362,1,418.92,1,1,2,112,1,Hibernating,0.0,2010-12-13 09:52:00,1,0.64429915,let_go,⚪ Let Go,⚪ Let Go
15363.0,373,1,326.0,1,1,2,112,1,Hibernating,0.0,2010-12-02 12:28:00,1,0.7176327,let_go,⚪ Let Go,⚪ Let Go
15364.0,96,2,913.19,2,3,3,233,0,At Risk,304.42652250042204,2011-09-05 09:46:00,1,0.6781481,retain,🔴 Retain Immediately,🔴 Retain Immediately
15365.0,26,7,2314.32,4,5,5,455,0,At Risk,643.2338998404175,2011-11-14 08:29:00,0,0.044059984,nurture,🟢 Nurture,🟢 Nurture
15366.0,75,2,602.51,2,3,3,233,0,At Risk,191.14931394181826,2011-09-25 15:01:00,0,0.5317348,retain,🔴 Retain Immediately,🔴 Retain Immediately
15367.0,57,4,1877.59,3,4,4,344,0,At Risk,420.17368048909157,2011-10-13 14:13:00,0,0.20922396,nurture,🟢 Nurture,🟢 Nurture
15368.0,21,1,446.94000000000005,4,1,2,412,0,At Risk,0.0,2011-11-18 14:42:00,0,0.64429915,let_go,⚪ Let Go,⚪ Let Go
15370.0,41,7,2386.05,3,5,5,355,0,At Risk,585.7930565217775,2011-10-30 10:58:00,0,0.06336413,nurture,🟢 Nurture,🟢 Nurture
15372.0,137,1,2007.3999999999999,2,1,4,214,0,At Risk,0.0,2011-07-25 16:39:00,1,0.77879804,let_go,⚪ Let Go,⚪ Let Go
15373.0,8,12,2415.91,5,5,5,555,0,At Risk,482.2051209930899,2011-12-01 15:05:00,0,0.0528753,nurture,🟢 Nurture,🟢 Nurture
15374.0,129,1,168.0,2,1,1,211,0,At Risk,0.0,2011-08-03 09:59:00,1,0.7252728,let_go,⚪ Let Go,⚪ Let Go
15376.0,40,3,1221.56,3,3,4,334,0,At Risk,264.955753401485,2011-10-30 15:04:00,0,0.30719963,nurture,🟢 Nurture,🟢 Nurture
15379.0,169,7,3703.29,2,5,5,255,1,Hibernating,549.27996659825,2011-06-23 13:13:00,1,0.19711953,nurture,🟢 Nurture,🟢 Nurture
15380.0,9,5,1690.2600000000002,5,4,4,544,0,At Risk,373.1345230465414,2011-12-01 12:13:00,0,0.11678793,nurture,🟢 Nurture,🟢 Nurture
15381.0,214,2,596.85,1,3,3,133,1,Hibernating,157.86859487014232,2011-05-10 11:55:00,1,0.62325984,retain,🔴 Retain Immediately,🔴 Retain Immediately
15382.0,15,6,5955.71,4,5,5,455,0,At Risk,1528.2328426201284,2011-11-25 10:58:00,0,0.03159435,nurture,🟢 Nurture,🟢 Nurture
15384.0,170,2,642.41,2,3,3,233,1,Hibernating,130.43886711710454,2011-06-23 10:57:00,1,0.68840057,let_go,⚪ Let Go,⚪ Let Go
15385.0,40,1,316.88,3,1,2,312,0,At Risk,0.0,2011-10-30 15:11:00,0,0.74204737,let_go,⚪ Let Go,⚪ Let Go
15386.0,186,1,394.14,1,1,2,112,1,Hibernating,0.0,2011-06-06 13:47:00,1,0.6658681,let_go,⚪ Let Go,⚪ Let Go
15388.0,270,1,140.54,1,1,1,111,1,Hibernating,0.0,2011-03-14 13:53:00,1,0.8024771,let_go,⚪ Let Go,⚪ Let Go
15389.0,172,1,500.0,2,1,3,213,1,Hibernating,0.0,2011-06-20 16:18:00,1,0.6685883,let_go,⚪ Let Go,⚪ Let Go
15392.0,5,4,1535.53,5,4,4,544,0,At Risk,324.0492874410613,2011-12-05 11:01:00,0,0.27435297,nurture,🟢 Nurture,🟢 Nurture
15393.0,16,2,231.86,4,3,1,431,0,At Risk,52.98668099388176,2011-11-23 16:48:00,0,0.7408482,let_go,⚪ Let Go,⚪ Let Go
15394.0,10,4,2183.54,5,4,5,545,0,At Risk,434.0767117990239,2011-11-30 11:49:00,0,0.3226423,nurture,🟢 Nurture,🟢 Nurture
15395.0,326,1,107.45,1,1,1,111,1,Hibernating,0.0,2011-01-18 12:40:00,1,0.7762069,let_go,⚪ Let Go,⚪ Let Go
15396.0,113,1,288.18,2,1,2,212,0,At Risk,0.0,2011-08-19 10:56:00,1,0.6907499,let_go,⚪ Let Go,⚪ Let Go
15397.0,290,1,94.0,1,1,1,111,1,Hibernating,0.0,2011-02-23 09:25:00,1,0.7490496,let_go,⚪ Let Go,⚪ Let Go
15398.0,16,2,1345.53,4,3,4,434,0,At Risk,962.9037124927195,2011-11-23 16:47:00,0,0.029432787,nurture,🟢 Nurture,🟢 Nurture
15399.0,1,3,815.77,5,3,3,533,0,At Risk,533.1798436546467,2011-12-08 13:04:00,0,0.008803903,nurture,🟢 Nurture,🟢 Nurture
15400.0,92,5,716.2,2,4,3,243,0,At Risk,121.95526559979336,2011-09-08 13:57:00,1,0.6154396,let_go,⚪ Let Go,⚪ Let Go
15402.0,149,2,626.35,2,3,3,233,1,Hibernating,123.30464704651709,2011-07-14 12:17:00,1,0.68840057,let_go,⚪ Let Go,⚪ Let Go
15405.0,189,1,349.1,1,1,2,112,1,Hibernating,0.0,2011-06-03 14:44:00,1,0.70767343,let_go,⚪ Let Go,⚪ Let Go
15406.0,31,2,510.71000000000004,4,3,3,433,0,At Risk,117.16211712355971,2011-11-08 13:22:00,0,0.6592904,let_go,⚪ Let Go,⚪ Let Go
15407.0,34,4,1046.74,3,4,4,344,0,At Risk,277.991543553008,2011-11-06 11:55:00,0,0.2611766,nurture,🟢 Nurture,🟢 Nurture
15408.0,264,1,267.18,1,1,2,112,1,Hibernating,0.0,2011-03-20 15:02:00,1,0.7233779,let_go,⚪ Let Go,⚪ Let Go
15410.0,84,8,3450.84,2,5,5,255,0,At Risk,999.9609203808419,2011-09-16 14:47:00,0,0.1278576,nurture,🟢 Nurture,🟢 Nurture
15411.0,26,4,1348.93,4,4,4,444,0,At Risk,590.777842022335,2011-11-13 15:19:00,0,0.027799502,nurture,🟢 Nurture,🟢 Nurture
15412.0,171,1,190.53,2,1,1,211,1,Hibernating,0.0,2011-06-21 15:24:00,1,0.7252728,let_go,⚪ Let Go,⚪ Let Go
15414.0,10,3,774.9000000000001,5,3,3,533,0,At Risk,312.89272206705647,2011-11-30 09:50:00,0,0.20629087,nurture,🟢 Nurture,🟢 Nurture
15415.0,313,1,559.61,1,1,3,113,1,Hibernating,0.0,2011-01-30 14:13:00,1,0.69083667,let_go,⚪ Let Go,⚪ Let Go
15416.0,65,4,3984.32,3,4,5,345,0,At Risk,880.2907168719307,2011-10-06 09:38:00,0,0.1340859,nurture,🟢 Nurture,🟢 Nurture
15417.0,85,1,508.8,2,1,3,213,0,At Risk,0.0,2011-09-15 15:26:00,0,0.6685883,let_go,⚪ Let Go,⚪ Let Go
15419.0,25,1,135.86,4,1,1,411,0,At Risk,0.0,2011-11-15 09:23:00,0,0.79418945,let_go,⚪ Let Go,⚪ Let Go
15421.0,59,4,950.36,3,4,4,344,0,At Risk,222.62325103446423,2011-10-12 09:20:00,0,0.35713875,nurture,🟢 Nurture,🟢 Nurture
15422.0,323,2,97.7,1,3,1,131,1,Hibernating,0.0,2011-01-20 16:17:00,1,0.7490496,let_go,⚪ Let Go,⚪ Let Go
15423.0,38,1,43.5,3,1,1,311,0,At Risk,0.0,2011-11-01 14:01:00,0,0.7398539,let_go,⚪ Let Go,⚪ Let Go
15424.0,254,2,383.34,1,3,2,132,1,Hibernating,0.0,2011-03-30 13:02:00,1,0.6658681,let_go,⚪ Let Go,⚪ Let Go
15426.0,19,5,1404.07,4,4,4,444,0,At Risk,270.58490622113663,2011-11-20 15:36:00,0,0.2614477,nurture,🟢 Nurture,🟢 Nurture
15427.0,33,3,1430.54,4,3,4,434,0,At Risk,2012.4582059945815,2011-11-06 14:29:00,0,0.0024859111,nurture,🟢 Nurture,🟢 Nurture
15428.0,15,1,93.78,4,1,1,411,0,At Risk,0.0,2011-11-24 16:54:00,0,0.7490496,let_go,⚪ Let Go,⚪ Let Go
15429.0,27,2,397.35,4,3,2,432,0,At Risk,218.84617398844694,2011-11-13 12:28:00,0,0.10079334,nurture,🟢 Nurture,🟢 Nurture
15432.0,23,1,171.19,4,1,1,411,0,At Risk,0.0,2011-11-16 16:30:00,0,0.7252728,let_go,⚪ Let Go,⚪ Let Go
15433.0,214,2,533.3,1,3,3,133,1,Hibernating,81.79410191121312,2011-05-10 10:45:00,1,0.7238189,let_go,⚪ Let Go,⚪ Let Go
15434.0,8,5,1041.48,5,4,4,544,0,At Risk,336.3685582203109,2011-12-01 13:33:00,0,0.12568042,nurture,🟢 Nurture,🟢 Nurture
15435.0,22,1,149.29,4,1,1,411,0,At Risk,0.0,2011-11-17 16:39:00,0,0.7604684,let_go,⚪ Let Go,⚪ Let Go
15436.0,12,3,1067.75,5,3,4,534,0,At Risk,254.96842840567723,2011-11-27 16:05:00,0,0.3046299,nurture,🟢 Nurture,🟢 Nurture
15437.0,262,1,200.16,1,1,1,111,1,Hibernating,0.0,2011-03-22 13:11:00,1,0.7252728,let_go,⚪ Let Go,⚪ Let Go
15438.0,131,1,156.57999999999998,2,1,1,211,0,At Risk,0.0,2011-07-31 14:19:00,1,0.7986125,let_go,⚪ Let Go,⚪ Let Go
15440.0,55,3,383.68,3,3,2,332,0,At Risk,125.8096522010533,2011-10-16 12:16:00,0,0.5247326,let_go,⚪ Let Go,⚪ Let Go
15442.0,249,1,594.0,1,1,3,113,1,Hibernating,0.0,2011-04-05 12:24:00,1,0.69083667,let_go,⚪ Let Go,⚪ Let Go
15443.0,2,7,3213.59,5,5,5,555,0,At Risk,763.3789143249203,2011-12-08 10:40:00,0,0.059670918,nurture,🟢 Nurture,🟢 Nurture
15444.0,9,2,1411.21,5,3,4,534,0,At Risk,2215.1985040641102,2011-11-30 17:37:00,0,0.003967588,nurture,🟢 Nurture,🟢 Nurture
15445.0,264,1,113.5,1,1,1,111,1,Hibernating,0.0,2011-03-20 15:06:00,1,0.7762069,let_go,⚪ Let Go,⚪ Let Go
15447.0,331,1,155.17,1,1,1,111,1,Hibernating,0.0,2011-01-13 11:26:00,1,0.7986125,let_go,⚪ Let Go,⚪ Let Go
15448.0,313,1,494.64,1,1,3,113,1,Hibernating,0.0,2011-01-31 10:42:00,1,0.6685883,let_go,⚪ Let Go,⚪ Let Go
15449.0,26,3,974.52,4,3,4,434,0,At Risk,249.24526987768255,2011-11-13 15:02:00,0,0.31940025,nurture,🟢 Nurture,🟢 Nurture
15450.0,30,1,429.84,4,1,2,412,0,At Risk,0.0,2011-11-09 17:11:00,0,0.64429915,let_go,⚪ Let Go,⚪ Let Go
15452.0,30,3,528.48,4,3,3,433,0,At Risk,115.17194438809713,2011-11-10 12:13:00,0,0.5657699,let_go,⚪ Let Go,⚪ Let Go
15453.0,2,7,1371.77,5,5,4,554,0,At Risk,520.786467421128,2011-12-08 10:59:00,0,0.040565748,nurture,🟢 Nurture,🟢 Nurture
15454.0,362,1,179.1,1,1,1,111,1,Hibernating,0.0,2010-12-12 14:21:00,1,0.7252728,let_go,⚪ Let Go,⚪ Let Go
15456.0,283,3,434.59000000000003,1,3,2,132,1,Hibernating,78.84633315777725,2011-03-01 13:51:00,1,0.6037875,let_go,⚪ Let Go,⚪ Let Go
15457.0,262,1,237.07,1,1,1,111,1,Hibernating,0.0,2011-03-22 15:31:00,1,0.7233779,let_go,⚪ Let Go,⚪ Let Go
15458.0,25,1,161.64,4,1,1,411,0,At Risk,0.0,2011-11-14 13:08:00,0,0.77871877,let_go,⚪ Let Go,⚪ Let Go
15460.0,354,1,214.26,1,1,1,111,1,Hibernating,0.0,2010-12-20 16:08:00,1,0.7233779,let_go,⚪ Let Go,⚪ Let Go
15462.0,94,3,234.6,2,3,1,231,0,At Risk,70.23165253452446,2011-09-06 13:11:00,1,0.60710263,let_go,⚪ Let Go,⚪ Let Go
15463.0,29,1,126.14,4,1,1,411,0,At Risk,0.0,2011-11-10 12:57:00,0,0.7570939,let_go,⚪ Let Go,⚪ Let Go
15464.0,338,1,1044.65,1,1,4,114,1,Hibernating,0.0,2011-01-05 15:56:00,1,0.5980806,let_go,⚪ Let Go,⚪ Let Go
15465.0,20,18,7354.62,4,5,5,455,3,Loyal Customers,1549.3861023766158,2011-11-20 10:11:00,0,0.033170946,nurture,🟢 Nurture,🟢 Nurture
15466.0,85,1,334.53,2,1,2,212,0,At Risk,0.0,2011-09-15 14:08:00,0,0.70767343,let_go,⚪ Let Go,⚪ Let Go
15467.0,9,3,524.88,5,3,3,533,0,At Risk,150.53530155960647,2011-11-30 14:17:00,0,0.3667169,monitor,🔵 Monitor,🔵 Monitor
15468.0,51,2,467.51,3,3,2,332,0,At Risk,0.0,2011-10-19 13:49:00,0,0.6685883,let_go,⚪ Let Go,⚪ Let Go
15469.0,50,2,538.55,3,3,3,333,0,At Risk,232.46261475767363,2011-10-20 16:21:00,0,0.42938158,nurture,🟢 Nurture,🟢 Nurture
15471.0,2,1,454.48,5,1,2,512,0,At Risk,0.0,2011-12-07 14:12:00,0,0.64429915,let_go,⚪ Let Go,⚪ Let Go
15472.0,113,1,371.56,2,1,2,212,0,At Risk,0.0,2011-08-18 15:17:00,1,0.6658681,let_go,⚪ Let Go,⚪ Let Go
15473.0,14,7,1771.2,5,5,4,554,0,At Risk,1287.9638695566275,2011-11-25 15:15:00,0,0.02826291,nurture,🟢 Nurture,🟢 Nurture
15475.0,77,1,454.10999999999996,2,1,2,212,0,At Risk,0.0,2011-09-23 15:20:00,0,0.64429915,let_go,⚪ Let Go,⚪ Let Go
15478.0,40,2,1399.92,3,3,4,334,0,At Risk,970.3618042177693,2011-10-30 14:19:00,0,0.02878139,nurture,🟢 Nurture,🟢 Nurture
15480.0,116,1,905.5,2,1,3,213,0,At Risk,0.0,2011-08-15 14:32:00,1,0.6219095,let_go,⚪ Let Go,⚪ Let Go
15482.0,16,11,10839.76,4,5,5,455,3,Loyal Customers,2519.0989731196364,2011-11-24 10:46:00,0,0.018415898,nurture,🟢 Nurture,🟢 Nurture
15483.0,161,4,225.26,2,4,1,241,1,Hibernating,58.919236154525606,2011-07-01 13:07:00,1,0.4964819,monitor,🔵 Monitor,🔵 Monitor
15484.0,1,4,3590.41,5,4,5,545,0,At Risk,1879.1917244771375,2011-12-08 15:03:00,0,0.01114311,nurture,🟢 Nurture,🟢 Nurture
15485.0,30,3,2564.5,4,3,5,435,0,At Risk,464.7477338912387,2011-11-09 14:31:00,0,0.5592303,retain,🔴 Retain Immediately,🔴 Retain Immediately
15488.0,93,1,91.32000000000001,2,1,1,211,0,At Risk,0.0,2011-09-08 10:11:00,1,0.7490496,let_go,⚪ Let Go,⚪ Let Go
15489.0,23,3,1134.28,4,3,4,434,0,At Risk,375.183871358761,2011-11-17 08:53:00,0,0.2246936,nurture,🟢 Nurture,🟢 Nurture
15491.0,95,6,3100.09,2,5,5,255,0,At Risk,788.2126159241992,2011-09-05 15:56:00,1,0.46891606,nurture,🟢 Nurture,🟢 Nurture
15492.0,28,2,659.4599999999999,4,3,3,433,0,At Risk,245.27415968354214,2011-11-11 14:53:00,0,0.47755006,nurture,🟢 Nurture,🟢 Nurture
15493.0,33,5,1953.41,4,4,4,444,0,At Risk,505.1617411063976,2011-11-07 12:04:00,0,0.07393758,nurture,🟢 Nurture,🟢 Nurture
15494.0,21,2,1280.58,4,3,4,434,0,At Risk,159.5521425165134,2011-11-18 14:51:00,0,0.8515772,retain,🔴 Retain Immediately,🔴 Retain Immediately
15497.0,18,2,1262.2,4,3,4,434,0,At Risk,125.23865133039268,2011-11-22 11:51:00,0,0.8640196,let_go,⚪ Let Go,⚪ Let Go
15498.0,3,27,13316.4,5,5,5,555,3,Loyal Customers,2830.0895381163873,2011-12-07 12:48:00,0,0.0051216776,nurture,🟢 Nurture,🟢 Nurture
15500.0,8,4,1131.56,5,4,4,544,0,At Risk,680.1799080517367,2011-12-01 13:47:00,0,0.02156069,nurture,🟢 Nurture,🟢 Nurture
15502.0,16,10,6923.98,4,5,5,455,0,At Risk,1492.8648682825828,2011-11-24 12:48:00,0,0.21197116,nurture,🟢 Nurture,🟢 Nurture
15503.0,363,1,141.04,1,1,1,111,1,Hibernating,0.0,2010-12-12 10:57:00,1,0.8024771,let_go,⚪ Let Go,⚪ Let Go
15504.0,81,1,52.83,2,1,1,211,0,At Risk,0.0,2011-09-19 13:45:00,0,0.7398539,let_go,⚪ Let Go,⚪ Let Go
15505.0,53,5,3610.96,3,4,5,345,0,At Risk,1442.480506896934,2011-10-18 07:56:00,0,0.04195459,nurture,🟢 Nurture,🟢 Nurture
15506.0,23,3,972.08,4,3,4,434,0,At Risk,520.268828765762,2011-11-17 12:11:00,0,0.020744102,nurture,🟢 Nurture,🟢 Nurture
15507.0,172,1,475.86,2,1,2,212,1,Hibernating,0.0,2011-06-21 11:19:00,1,0.6685883,let_go,⚪ Let Go,⚪ Let Go
15508.0,189,6,1000.27,1,5,4,154,1,Hibernating,274.29397058179956,2011-06-03 15:43:00,1,0.19790444,nurture,🟢 Nurture,🟢 Nurture
15510.0,331,1,250.0,1,1,2,112,1,Hibernating,0.0,2011-01-13 12:10:00,1,0.7233779,let_go,⚪ Let Go,⚪ Let Go
15511.0,12,5,900.53,5,4,3,543,0,At Risk,604.1883764555403,2011-11-28 09:43:00,0,0.007808896,nurture,🟢 Nurture,🟢 Nurture
15512.0,156,2,121.0,2,3,1,231,1,Hibernating,8.935346749355062,2011-07-07 10:20:00,1,0.79559803,let_go,⚪ Let Go,⚪ Let Go
15513.0,33,19,14758.220000000001,4,5,5,455,3,Loyal Customers,3262.0755587337035,2011-11-06 14:36:00,0,0.010384795,nurture,🟢 Nurture,🟢 Nurture
15514.0,12,11,4023.7200000000003,5,5,5,555,0,At Risk,604.6916964498869,2011-11-27 14:40:00,0,0.036462534,nurture,🟢 Nurture,🟢 Nurture
15516.0,45,3,62.43,3,3,1,331,0,At Risk,23.38621799991858,2011-10-26 10:51:00,0,0.6145495,let_go,⚪ Let Go,⚪ Let Go
15517.0,233,1,267.03,1,1,2,112,1,Hibernating,0.0,2011-04-20 14:02:00,1,0.7233779,let_go,⚪ Let Go,⚪ Let Go
15518.0,64,8,1921.55,3,5,4,354,0,At Risk,411.195548738179,2011-10-06 13:05:00,0,0.042658944,nurture,🟢 Nurture,🟢 Nurture
15520.0,2,1,343.5,5,1,2,512,0,At Risk,0.0,2011-12-08 10:58:00,0,0.70767343,let_go,⚪ Let Go,⚪ Let Go
15521.0,40,8,3000.2,3,5,5,355,0,At Risk,869.9749819523629,2011-10-30 13:42:00,0,0.19961537,nurture,🟢 Nurture,🟢 Nurture
15522.0,33,2,397.99,4,3,2,432,0,At Risk,177.7635886229974,2011-11-07 11:26:00,0,0.10552482,nurture,🟢 Nurture,🟢 Nurture
15523.0,84,1,412.01000000000005,2,1,2,212,0,At Risk,0.0,2011-09-16 16:29:00,0,0.6658681,let_go,⚪ Let Go,⚪ Let Go
15524.0,25,1,440.0,4,1,2,412,0,At Risk,0.0,2011-11-15 12:09:00,0,0.64429915,let_go,⚪ Let Go,⚪ Let Go
15525.0,2,3,731.87,5,3,3,533,0,At Risk,131.4426279850231,2011-12-07 14:43:00,0,0.6052222,let_go,⚪ Let Go,⚪ Let Go
15526.0,33,2,148.44,4,3,1,431,0,At Risk,0.0,2011-11-06 15:04:00,0,0.7604684,let_go,⚪ Let Go,⚪ Let Go
15527.0,19,8,2428.53,4,5,5,455,0,At Risk,546.5593187020189,2011-11-21 12:17:00,0,0.064998254,nurture,🟢 Nurture,🟢 Nurture
15528.0,254,1,229.33,1,1,1,111,1,Hibernating,0.0,2011-03-30 16:14:00,1,0.7233779,let_go,⚪ Let Go,⚪ Let Go
15529.0,23,11,3960.05,4,5,5,455,0,At Risk,858.8507503255861,2011-11-17 11:29:00,0,0.02659502,nurture,🟢 Nurture,🟢 Nurture
15530.0,22,4,1497.31,4,4,4,444,0,At Risk,362.52384020209024,2011-11-18 12:25:00,0,0.15124285,nurture,🟢 Nurture,🟢 Nurture
15531.0,8,2,1972.39,5,3,4,534,0,At Risk,1145.0649619094852,2011-12-01 18:43:00,0,0.100004174,nurture,🟢 Nurture,🟢 Nurture
15532.0,25,4,1554.83,4,4,4,444,0,At Risk,326.9240554252805,2011-11-14 14:51:00,0,0.38128576,nurture,🟢 Nurture,🟢 Nurture
15533.0,19,3,807.57,4,3,3,433,0,At Risk,344.0585207379142,2011-11-20 15:35:00,0,0.055502288,nurture,🟢 Nurture,🟢 Nurture
15535.0,173,4,502.9,2,4,3,243,1,Hibernating,79.67004790958183,2011-06-19 16:02:00,1,0.5590096,let_go,⚪ Let Go,⚪ Let Go
15537.0,163,1,110.92,2,1,1,211,1,Hibernating,0.0,2011-06-29 13:10:00,1,0.7762069,let_go,⚪ Let Go,⚪ Let Go
15539.0,7,1,538.46,5,1,3,513,0,At Risk,0.0,2011-12-02 13:36:00,0,0.6685883,let_go,⚪ Let Go,⚪ Let Go
15540.0,11,1,213.3,5,1,1,511,0,At Risk,0.0,2011-11-28 13:51:00,0,0.7233779,let_go,⚪ Let Go,⚪ Let Go
15541.0,114,1,85.13000000000001,2,1,1,211,0,At Risk,0.0,2011-08-17 14:58:00,1,0.78954464,let_go,⚪ Let Go,⚪ Let Go
15543.0,288,1,127.86,1,1,1,111,1,Hibernating,0.0,2011-02-24 15:26:00,1,0.79418945,let_go,⚪ Let Go,⚪ Let Go
15544.0,9,9,3546.71,5,5,5,555,0,At Risk,747.5099111352577,2011-11-30 16:43:00,0,0.07723974,nurture,🟢 Nurture,🟢 Nurture
15545.0,54,2,288.96999999999997,3,3,2,332,0,At Risk,58.12616920178175,2011-10-16 13:24:00,0,0.6509849,let_go,⚪ Let Go,⚪ Let Go
15547.0,7,14,4910.6,5,5,5,555,3,Loyal Customers,975.8459477447861,2011-12-02 12:52:00,0,0.028148592,nurture,🟢 Nurture,🟢 Nurture
15549.0,77,3,1677.71,2,3,4,234,0,At Risk,249.3749830724268,2011-09-23 16:22:00,0,0.4420263,nurture,🟢 Nurture,🟢 Nurture
15550.0,4,4,575.63,5,4,3,543,0,At Risk,140.24621966038677,2011-12-05 15:38:00,0,0.39842835,monitor,🔵 Monitor,🔵 Monitor
15551.0,37,1,436.06,3,1,2,312,0,At Risk,0.0,2011-11-03 12:37:00,0,0.64429915,let_go,⚪ Let Go,⚪ Let Go
15552.0,217,1,90.12,1,1,1,111,1,Hibernating,0.0,2011-05-06 14:47:00,1,0.7490496,let_go,⚪ Let Go,⚪ Let Go
15553.0,60,1,428.93,3,1,2,312,0,At Risk,0.0,2011-10-10 14:02:00,0,0.64429915,let_go,⚪ Let Go,⚪ Let Go
15554.0,278,1,217.2,1,1,1,111,1,Hibernating,0.0,2011-03-07 09:00:00,1,0.7233779,let_go,⚪ Let Go,⚪ Let Go
15555.0,12,16,4791.87,5,5,5,555,3,Loyal Customers,1048.6047139377213,2011-11-27 16:19:00,0,0.030325579,nurture,🟢 Nurture,🟢 Nurture
15556.0,24,1,279.77,4,1,2,412,0,At Risk,0.0,2011-11-15 16:08:00,0,0.6907499,let_go,⚪ Let Go,⚪ Let Go
15557.0,29,1,468.91,4,1,2,412,0,At Risk,0.0,2011-11-11 12:46:00,0,0.6685883,let_go,⚪ Let Go,⚪ Let Go
15561.0,12,4,800.59,5,4,3,543,0,At Risk,251.71407699974017,2011-11-28 11:07:00,0,0.11438206,nurture,🟢 Nurture,🟢 Nurture
15562.0,352,1,134.55,1,1,1,111,1,Hibernating,0.0,2010-12-23 09:55:00,1,0.79418945,let_go,⚪ Let Go,⚪ Let Go
15563.0,22,3,1361.44,4,3,4,434,0,At Risk,324.4539014961638,2011-11-17 12:59:00,0,0.25807834,nurture,🟢 Nurture,🟢 Nurture
15565.0,50,2,173.16,3,3,1,331,0,At Risk,127.89674391865344,2011-10-20 14:33:00,0,0.24498959,monitor,🔵 Monitor,🔵 Monitor
15567.0,19,1,186.01,4,1,1,411,0,At Risk,0.0,2011-11-21 10:48:00,0,0.7252728,let_go,⚪ Let Go,⚪ Let Go
15568.0,3,3,758.29,5,3,3,533,0,At Risk,584.6923705095933,2011-12-07 11:27:00,0,0.00790449,nurture,🟢 Nurture,🟢 Nurture
15569.0,104,5,1375.71,2,4,4,244,0,At Risk,317.14354195530416,2011-08-28 10:15:00,1,0.33855963,nurture,🟢 Nurture,🟢 Nurture
15570.0,7,12,4148.82,5,5,5,555,0,At Risk,840.4411593739071,2011-12-02 14:47:00,0,0.02659502,nurture,🟢 Nurture,🟢 Nurture
15571.0,12,4,650.4300000000001,5,4,3,543,0,At Risk,432.7967421600723,2011-11-28 10:02:00,0,0.03655037,nurture,🟢 Nurture,🟢 Nurture
15572.0,5,7,2533.42,5,5,5,555,0,At Risk,682.3308851127506,2011-12-05 10:09:00,0,0.03051903,nurture,🟢 Nurture,🟢 Nurture
15573.0,32,2,583.24,4,3,3,433,0,At Risk,231.7620183375254,2011-11-08 11:38:00,0,0.42938158,nurture,🟢 Nurture,🟢 Nurture
15574.0,178,4,675.64,2,4,3,243,1,Hibernating,94.48024192702144,2011-06-15 12:01:00,1,0.5933471,let_go,⚪ Let Go,⚪ Let Go
15576.0,38,1,921.37,3,1,3,313,0,At Risk,0.0,2011-11-02 12:03:00,0,0.6219095,let_go,⚪ Let Go,⚪ Let Go
15577.0,151,3,258.88,2,3,2,232,1,Hibernating,102.87955263426525,2011-07-11 17:03:00,1,0.40048704,monitor,🔵 Monitor,🔵 Monitor
15578.0,162,1,127.1,2,1,1,211,1,Hibernating,0.0,2011-06-30 13:03:00,1,0.79418945,let_go,⚪ Let Go,⚪ Let Go
15579.0,69,2,327.6,3,3,2,332,0,At Risk,58.64929967654119,2011-10-02 12:45:00,0,0.6717927,let_go,⚪ Let Go,⚪ Let Go
15581.0,156,10,717.4300000000001,2,5,3,253,0,At Risk,106.5435657856804,2011-07-06 14:04:00,1,0.4943451,monitor,🔵 Monitor,🔵 Monitor
15582.0,25,3,682.9100000000001,4,3,3,433,0,At Risk,175.46686360474092,2011-11-15 09:55:00,0,0.2745521,nurture,🟢 Nurture,🟢 Nurture
15584.0,24,4,720.86,4,4,3,443,0,At Risk,312.68209451193434,2011-11-16 10:55:00,0,0.10645832,nurture,🟢 Nurture,🟢 Nurture
15585.0,177,1,455.3,2,1,2,212,1,Hibernating,0.0,2011-06-16 08:38:00,1,0.64429915,let_go,⚪ Let Go,⚪ Let Go
15587.0,50,4,913.6800000000001,3,4,3,343,0,At Risk,158.1867481267083,2011-10-20 13:37:00,0,0.2500098,nurture,🟢 Nurture,🟢 Nurture
15589.0,256,3,478.53000000000003,1,3,2,132,1,Hibernating,129.39000244798262,2011-03-29 09:54:00,1,0.5657699,let_go,⚪ Let Go,⚪ Let Go
15592.0,47,1,388.58,3,1,2,312,0,At Risk,0.0,2011-10-24 08:59:00,0,0.6658681,let_go,⚪ Let Go,⚪ Let Go
15593.0,71,1,199.8,3,1,1,311,0,At Risk,0.0,2011-09-30 11:46:00,0,0.7252728,let_go,⚪ Let Go,⚪ Let Go
15594.0,16,5,1771.78,4,4,4,444,0,At Risk,573.0604823115625,2011-11-24 08:53:00,0,0.07651923,nurture,🟢 Nurture,🟢 Nurture
15596.0,101,5,1406.59,2,4,4,244,0,At Risk,256.92621285578065,2011-08-31 10:55:00,1,0.2614477,nurture,🟢 Nurture,🟢 Nurture
15597.0,35,1,324.57,3,1,2,312,0,At Risk,0.0,2011-11-04 13:26:00,0,0.67603123,let_go,⚪ Let Go,⚪ Let Go
15598.0,53,1,240.68,3,1,1,311,0,At Risk,0.0,2011-10-17 16:04:00,0,0.7233779,let_go,⚪ Let Go,⚪ Let Go
15599.0,27,2,761.74,4,3,3,433,0,At Risk,199.528286082966,2011-11-13 11:44:00,0,0.6237314,retain,🔴 Retain Immediately,🔴 Retain Immediately
15601.0,11,14,6776.56,5,5,5,555,3,Loyal Customers,1368.9929480524895,2011-11-28 15:15:00,0,0.027098516,nurture,🟢 Nurture,🟢 Nurture
15602.0,8,9,1297.8700000000001,5,5,4,554,0,At Risk,285.605933766078,2011-12-01 14:14:00,0,0.05945604,nurture,🟢 Nurture,🟢 Nurture
15603.0,79,1,48.480000000000004,2,1,1,211,0,At Risk,0.0,2011-09-22 10:04:00,0,0.7398539,let_go,⚪ Let Go,⚪ Let Go
15604.0,52,1,216.39,3,1,1,311,0,At Risk,0.0,2011-10-18 14:47:00,0,0.7233779,let_go,⚪ Let Go,⚪ Let Go
15605.0,36,5,1198.23,3,4,4,344,0,At Risk,251.6369299877598,2011-11-03 14:17:00,0,0.14544265,nurture,🟢 Nurture,🟢 Nurture
15606.0,61,9,2920.16,3,5,5,355,0,At Risk,694.8260498566633,2011-10-09 15:47:00,0,0.073160134,nurture,🟢 Nurture,🟢 Nurture
15607.0,337,1,104.76,1,1,1,111,1,Hibernating,0.0,2011-01-07 12:44:00,1,0.7762069,let_go,⚪ Let Go,⚪ Let Go
15608.0,28,4,1093.68,4,4,4,444,0,At Risk,615.5048999779119,2011-11-11 13:20:00,0,0.025293672,nurture,🟢 Nurture,🟢 Nurture
15609.0,184,1,298.48,1,1,2,112,1,Hibernating,0.0,2011-06-08 13:00:00,1,0.74204737,let_go,⚪ Let Go,⚪ Let Go
15610.0,52,1,112.46000000000001,3,1,1,311,0,At Risk,0.0,2011-10-19 10:36:00,0,0.7762069,let_go,⚪ Let Go,⚪ Let Go
15611.0,10,11,1570.45,5,5,4,554,0,At Risk,374.19537452749387,2011-11-30 12:36:00,0,0.028400768,nurture,🟢 Nurture,🟢 Nurture
15612.0,36,2,195.15,3,3,1,331,0,At Risk,205.7083706953798,2011-11-03 14:52:00,0,0.07829067,nurture,🟢 Nurture,🟢 Nurture
15615.0,10,23,10399.74,5,5,5,555,3,Loyal Customers,2175.6044188851306,2011-11-29 14:42:00,0,0.0051216776,nurture,🟢 Nurture,🟢 Nurture
15618.0,33,4,776.85,4,4,3,443,0,At Risk,382.78486121556716,2011-11-07 08:34:00,0,0.02610574,nurture,🟢 Nurture,🟢 Nurture
15619.0,11,1,336.40000000000003,5,1,2,512,0,At Risk,0.0,2011-11-29 08:14:00,0,0.70767343,let_go,⚪ Let Go,⚪ Let Go
15620.0,57,3,1553.18,3,3,4,334,0,At Risk,335.54844834591603,2011-10-14 12:41:00,0,0.47202483,nurture,🟢 Nurture,🟢 Nurture
15621.0,4,4,1293.03,5,4,4,544,0,At Risk,1582.3610532893786,2011-12-05 14:01:00,0,0.0043828483,nurture,🟢 Nurture,🟢 Nurture
15622.0,43,9,3709.56,3,5,5,355,0,At Risk,1010.634746673988,2011-10-27 16:44:00,0,0.21764995,nurture,🟢 Nurture,🟢 Nurture
15623.0,141,1,301.03,2,1,2,212,0,At Risk,0.0,2011-07-21 17:26:00,1,0.74204737,let_go,⚪ Let Go,⚪ Let Go
15624.0,117,4,588.13,2,4,3,243,0,At Risk,149.8064369313784,2011-08-15 11:38:00,1,0.26251248,monitor,🔵 Monitor,🔵 Monitor
15625.0,104,4,1534.26,2,4,4,244,0,At Risk,333.73847201544845,2011-08-28 10:21:00,1,0.2252377,nurture,🟢 Nurture,🟢 Nurture
15626.0,75,2,675.8,2,3,3,233,0,At Risk,163.97581751631105,2011-09-26 10:03:00,0,0.5809057,retain,🔴 Retain Immediately,🔴 Retain Immediately
15628.0,5,9,2870.2400000000002,5,5,5,555,0,At Risk,606.5468671760809,2011-12-05 10:24:00,0,0.040783722,nurture,🟢 Nurture,🟢 Nurture
15630.0,45,2,1186.35,3,3,4,334,0,At Risk,499.9059172455652,2011-10-25 15:36:00,0,0.1396519,nurture,🟢 Nurture,🟢 Nurture
15632.0,16,8,3285.31,4,5,5,455,0,At Risk,902.220858574148,2011-11-24 09:51:00,0,0.103109814,nurture,🟢 Nurture,🟢 Nurture
15634.0,17,1,243.55,4,1,1,411,0,At Risk,0.0,2011-11-22 16:28:00,0,0.7233779,let_go,⚪ Let Go,⚪ Let Go
15636.0,90,2,724.76,2,3,3,233,0,At Risk,199.91215017734106,2011-09-11 11:17:00,0,0.60522366,retain,🔴 Retain Immediately,🔴 Retain Immediately
15637.0,53,1,223.36,3,1,1,311,0,At Risk,0.0,2011-10-18 08:28:00,0,0.7233779,let_go,⚪ Let Go,⚪ Let Go
15639.0,134,1,425.32,2,1,2,212,0,At Risk,0.0,2011-07-28 14:30:00,1,0.64429915,let_go,⚪ Let Go,⚪ Let Go
15640.0,4,15,12416.11,5,5,5,555,3,Loyal Customers,2743.72571182738,2011-12-05 14:35:00,0,0.0050126836,nurture,🟢 Nurture,🟢 Nurture
15641.0,105,4,1887.2,2,4,4,244,0,At Risk,428.3532574303829,2011-08-26 14:04:00,1,0.2225863,nurture,🟢 Nurture,🟢 Nurture
15643.0,192,3,664.0,1,3,3,133,1,Hibernating,156.698882671258,2011-06-01 07:38:00,1,0.41826686,nurture,🟢 Nurture,🟢 Nurture
15644.0,166,4,803.54,2,4,3,243,1,Hibernating,224.14185517872414,2011-06-26 14:54:00,1,0.18525453,nurture,🟢 Nurture,🟢 Nurture
15645.0,19,1,611.59,4,1,3,413,0,At Risk,0.0,2011-11-21 11:55:00,0,0.69083667,let_go,⚪ Let Go,⚪ Let Go
15646.0,158,3,447.64000000000004,2,3,2,232,1,Hibernating,74.80962098701124,2011-07-05 09:53:00,1,0.6037875,let_go,⚪ Let Go,⚪ Let Go
15648.0,204,2,639.5,1,3,3,133,1,Hibernating,171.3124772537048,2011-05-19 15:53:00,1,0.5809057,retain,🔴 Retain Immediately,🔴 Retain Immediately
15649.0,336,2,816.0,1,3,3,133,1,Hibernating,115.57136865742129,2011-01-07 13:34:00,1,0.80390376,let_go,⚪ Let Go,⚪ Let Go
15651.0,37,3,646.3,3,3,3,333,0,At Risk,215.40921739565349,2011-11-03 08:41:00,0,0.32482255,nurture,🟢 Nurture,🟢 Nurture
15652.0,91,1,337.74,2,1,2,212,0,At Risk,0.0,2011-09-09 14:22:00,0,0.70767343,let_go,⚪ Let Go,⚪ Let Go
15653.0,93,2,877.4399999999999,2,3,3,233,0,At Risk,841.584334497853,2011-09-08 10:49:00,1,0.014633653,nurture,🟢 Nurture,🟢 Nurture
15654.0,9,2,922.53,5,3,4,534,0,At Risk,842.1640064731588,2011-11-30 13:08:00,0,0.014633653,nurture,🟢 Nurture,🟢 Nurture
15655.0,243,1,560.67,1,1,3,113,1,Hibernating,0.0,2011-04-10 15:25:00,1,0.69083667,let_go,⚪ Let Go,⚪ Let Go
15656.0,45,4,748.5,3,4,3,343,0,At Risk,170.48124569972944,2011-10-25 14:56:00,0,0.16747199,nurture,🟢 Nurture,🟢 Nurture
15657.0,23,1,30.0,4,1,1,411,0,At Risk,0.0,2011-11-17 12:19:00,0,0.78097343,let_go,⚪ Let Go,⚪ Let Go
15658.0,190,5,1024.1000000000001,1,4,4,144,1,Hibernating,180.74753993487124,2011-06-02 15:22:00,1,0.32222903,nurture,🟢 Nurture,🟢 Nurture
15659.0,44,1,306.45,3,1,2,312,0,At Risk,0.0,2011-10-27 09:23:00,0,0.74204737,let_go,⚪ Let Go,⚪ Let Go
15660.0,25,9,1600.86,4,5,4,454,0,At Risk,346.09595336456084,2011-11-14 16:58:00,0,0.062192086,nurture,🟢 Nurture,🟢 Nurture
15661.0,317,2,309.8,1,3,2,132,1,Hibernating,79.4623457560271,2011-01-26 13:56:00,1,0.6522705,let_go,⚪ Let Go,⚪ Let Go
15663.0,106,1,138.14,2,1,1,211,0,At Risk,0.0,2011-08-25 15:50:00,1,0.7907084,let_go,⚪ Let Go,⚪ Let Go
15664.0,51,1,386.43,3,1,2,312,0,At Risk,0.0,2011-10-20 10:57:00,0,0.6658681,let_go,⚪ Let Go,⚪ Let Go
15665.0,168,2,2222.21,2,3,5,235,1,Hibernating,416.3544171456745,2011-06-24 14:57:00,1,0.7757537,retain,🔴 Retain Immediately,🔴 Retain Immediately
15667.0,40,1,301.32,3,1,2,312,0,At Risk,0.0,2011-10-31 10:56:00,0,0.74204737,let_go,⚪ Let Go,⚪ Let Go
15668.0,218,1,76.32000000000001,1,1,1,111,1,Hibernating,0.0,2011-05-06 10:39:00,1,0.76284915,let_go,⚪ Let Go,⚪ Let Go
15669.0,40,4,684.34,3,4,3,343,0,At Risk,175.41524699232122,2011-10-30 16:03:00,0,0.16883752,nurture,🟢 Nurture,🟢 Nurture
15670.0,297,1,173.05,1,1,1,111,1,Hibernating,0.0,2011-02-16 10:50:00,1,0.7252728,let_go,⚪ Let Go,⚪ Let Go
15671.0,19,7,2657.13,4,5,5,455,0,At Risk,737.505167296461,2011-11-21 12:43:00,0,0.02999381,nurture,🟢 Nurture,🟢 Nurture
15673.0,88,4,2726.23,2,4,5,245,0,At Risk,545.2095525029779,2011-09-12 16:12:00,0,0.2293673,nurture,🟢 Nurture,🟢 Nurture
15674.0,73,4,2111.89,2,4,5,245,0,At Risk,651.0644587985454,2011-09-27 15:17:00,0,0.17657226,nurture,🟢 Nurture,🟢 Nurture
15675.0,81,3,323.69,2,3,2,232,0,At Risk,104.5424921773582,2011-09-19 13:48:00,0,0.49975276,monitor,🔵 Monitor,🔵 Monitor
15676.0,19,3,3435.76,4,4,5,445,0,At Risk,932.1063139013339,2011-11-21 12:40:00,0,0.26774076,nurture,🟢 Nurture,🟢 Nurture
15677.0,49,1,657.23,3,1,3,313,0,At Risk,0.0,2011-10-21 15:36:00,0,0.62328583,let_go,⚪ Let Go,⚪ Let Go
15678.0,53,1,352.7,3,1,2,312,0,At Risk,0.0,2011-10-18 09:25:00,0,0.6658681,let_go,⚪ Let Go,⚪ Let Go
15679.0,24,4,781.28,4,4,3,443,0,At Risk,299.649183102508,2011-11-15 16:19:00,0,0.13814944,nurture,🟢 Nurture,🟢 Nurture
15680.0,9,3,1333.68,5,4,4,544,0,At Risk,249.27916866902817,2011-11-30 13:46:00,0,0.41558298,nurture,🟢 Nurture,🟢 Nurture
15681.0,25,5,1426.16,4,4,4,444,0,At Risk,367.60808805335046,2011-11-14 16:30:00,0,0.09429009,nurture,🟢 Nurture,🟢 Nurture
15683.0,117,1,193.75,2,1,1,211,0,At Risk,0.0,2011-08-14 12:56:00,1,0.7252728,let_go,⚪ Let Go,⚪ Let Go
15687.0,9,9,2993.1,5,5,5,555,0,At Risk,696.7221119210736,2011-12-01 08:33:00,0,0.17138866,nurture,🟢 Nurture,🟢 Nurture
15689.0,120,2,254.1,2,3,2,232,0,At Risk,58.45087127257702,2011-08-12 09:37:00,1,0.68590057,let_go,⚪ Let Go,⚪ Let Go
15690.0,4,2,239.76,5,3,1,531,0,At Risk,148.89652674300154,2011-12-05 15:59:00,0,0.14109792,monitor,🔵 Monitor,🔵 Monitor
15691.0,252,1,136.8,1,1,1,111,1,Hibernating,0.0,2011-04-01 15:13:00,1,0.7907084,let_go,⚪ Let Go,⚪ Let Go
15692.0,28,1,191.04,4,1,1,411,0,At Risk,0.0,2011-11-11 14:12:00,0,0.7252728,let_go,⚪ Let Go,⚪ Let Go
15694.0,1,13,6464.4,5,5,5,555,3,Loyal Customers,1408.153321893394,2011-12-09 09:44:00,0,0.021910321,nurture,🟢 Nurture,🟢 Nurture
15695.0,267,2,409.98,1,3,2,132,1,Hibernating,0.0,2011-03-18 08:32:00,1,0.6658681,let_go,⚪ Let Go,⚪ Let Go
15696.0,33,8,2711.11,4,5,5,455,0,At Risk,592.0354125366405,2011-11-06 14:02:00,0,0.055861417,nurture,🟢 Nurture,🟢 Nurture
15699.0,18,1,309.65,4,1,2,412,0,At Risk,0.0,2011-11-22 08:26:00,0,0.74204737,let_go,⚪ Let Go,⚪ Let Go
15700.0,172,2,696.68,2,3,3,233,1,Hibernating,5.484703000161101,2011-06-20 16:53:00,1,0.64486927,let_go,⚪ Let Go,⚪ Let Go
15701.0,2,4,1529.0,5,4,4,544,0,At Risk,504.4230915061597,2011-12-07 14:39:00,0,0.04363077,nurture,🟢 Nurture,🟢 Nurture
15703.0,265,1,211.5,1,1,1,111,1,Hibernating,0.0,2011-03-20 10:51:00,1,0.7252728,let_go,⚪ Let Go,⚪ Let Go
15704.0,140,4,2293.62,2,4,5,245,0,At Risk,634.9770326994843,2011-07-22 13:35:00,1,0.29089963,nurture,🟢 Nurture,🟢 Nurture
15705.0,201,1,143.1,1,1,1,111,1,Hibernating,0.0,2011-05-22 15:37:00,1,0.79090285,let_go,⚪ Let Go,⚪ Let Go
15706.0,64,4,1060.56,3,4,4,344,0,At Risk,438.00082490806545,2011-10-07 10:09:00,0,0.17501885,nurture,🟢 Nurture,🟢 Nurture
15707.0,35,4,916.98,3,4,3,343,0,At Risk,680.6090790602427,2011-11-04 14:35:00,0,0.005581632,nurture,🟢 Nurture,🟢 Nurture
15708.0,41,7,3235.25,3,5,5,355,0,At Risk,704.5110348798846,2011-10-30 10:54:00,0,0.059670918,nurture,🟢 Nurture,🟢 Nurture
15709.0,284,1,133.25,1,1,1,111,1,Hibernating,0.0,2011-03-01 10:38:00,1,0.79418945,let_go,⚪ Let Go,⚪ Let Go
15712.0,9,5,1072.3600000000001,5,4,4,544,0,At Risk,246.14335463818367,2011-11-30 14:09:00,0,0.18754783,nurture,🟢 Nurture,🟢 Nurture
15713.0,143,2,356.7,2,3,2,232,0,At Risk,70.79444615019072,2011-07-19 13:34:00,1,0.739772,let_go,⚪ Let Go,⚪ Let Go
15714.0,12,2,330.03000000000003,5,3,2,532,0,At Risk,273.6991081882143,2011-11-28 11:26:00,0,0.11902863,nurture,🟢 Nurture,🟢 Nurture
15716.0,146,4,1101.1100000000001,2,4,4,244,0,At Risk,151.86574970015508,2011-07-17 11:59:00,1,0.39391932,monitor,🔵 Monitor,🔵 Monitor
15717.0,234,1,150.3,1,1,1,111,1,Hibernating,0.0,2011-04-19 13:21:00,1,0.7604684,let_go,⚪ Let Go,⚪ Let Go
15719.0,33,13,5028.42,4,5,5,455,0,At Risk,1150.9688510791134,2011-11-07 12:29:00,0,0.047946434,nurture,🟢 Nurture,🟢 Nurture
15720.0,24,1,598.73,4,1,3,413,0,At Risk,0.0,2011-11-15 14:48:00,0,0.69083667,let_go,⚪ Let Go,⚪ Let Go
15721.0,12,1,471.40000000000003,5,2,2,522,0,At Risk,0.0,2011-11-28 12:14:00,0,0.6685883,let_go,⚪ Let Go,⚪ Let Go
15722.0,36,5,2211.21,3,4,5,345,0,At Risk,621.2644257530261,2011-11-04 11:43:00,0,0.14327608,nurture,🟢 Nurture,🟢 Nurture
15723.0,365,1,190.7,1,2,1,121,1,Hibernating,0.0,2010-12-10 11:12:00,1,0.7252728,let_go,⚪ Let Go,⚪ Let Go
15724.0,201,2,218.25,1,3,1,131,1,Hibernating,55.70662101866963,2011-05-22 14:40:00,1,0.7408482,let_go,⚪ Let Go,⚪ Let Go
15725.0,15,1,415.25,4,2,2,422,0,At Risk,0.0,2011-11-24 14:51:00,0,0.6658681,let_go,⚪ Let Go,⚪ Let Go
15727.0,17,7,5159.06,4,5,5,455,0,At Risk,901.5769074639534,2011-11-23 12:36:00,0,0.03047225,nurture,🟢 Nurture,🟢 Nurture
15729.0,213,1,85.0,1,2,1,121,1,Hibernating,0.0,2011-05-11 12:36:00,1,0.78954464,let_go,⚪ Let Go,⚪ Let Go
15730.0,66,3,1120.88,3,4,4,344,0,At Risk,318.73967763061785,2011-10-05 12:31:00,0,0.37712416,nurture,🟢 Nurture,🟢 Nurture
15732.0,212,2,294.12,1,3,2,132,1,Hibernating,58.85980773007377,2011-05-11 14:24:00,1,0.719324,let_go,⚪ Let Go,⚪ Let Go
15733.0,283,1,162.3,1,2,1,121,1,Hibernating,0.0,2011-03-02 09:05:00,1,0.77871877,let_go,⚪ Let Go,⚪ Let Go
15734.0,115,2,1339.45,2,3,4,234,0,At Risk,490.1071688341279,2011-08-17 10:50:00,1,0.30088198,nurture,🟢 Nurture,🟢 Nurture
15737.0,15,8,1188.1200000000001,4,5,4,454,0,At Risk,252.45450453943232,2011-11-25 11:21:00,0,0.046932586,nurture,🟢 Nurture,🟢 Nurture
15738.0,19,16,4812.42,4,5,5,455,3,Loyal Customers,1018.4913220854062,2011-11-21 08:26:00,0,0.030325579,nurture,🟢 Nurture,🟢 Nurture
15739.0,66,1,449.12,3,2,2,322,0,At Risk,0.0,2011-10-04 13:42:00,0,0.64429915,let_go,⚪ Let Go,⚪ Let Go
15740.0,49,1,154.88,3,2,1,321,0,At Risk,0.0,2011-10-21 14:29:00,0,0.7986125,let_go,⚪ Let Go,⚪ Let Go
15743.0,16,4,775.96,4,4,3,443,0,At Risk,223.65586819292,2011-11-23 17:19:00,0,0.17762849,nurture,🟢 Nurture,🟢 Nurture
15744.0,78,1,34.8,2,2,1,221,0,At Risk,0.0,2011-09-23 09:52:00,0,0.78097343,let_go,⚪ Let Go,⚪ Let Go
15745.0,19,4,1094.59,4,4,4,444,0,At Risk,313.8745170017982,2011-11-20 13:45:00,0,0.22589687,nurture,🟢 Nurture,🟢 Nurture
15746.0,134,1,196.88,2,2,1,221,0,At Risk,0.0,2011-07-28 15:21:00,1,0.7252728,let_go,⚪ Let Go,⚪ Let Go
15747.0,13,3,946.64,5,4,4,544,0,At Risk,400.28071359076955,2011-11-27 12:26:00,0,0.062030002,nurture,🟢 Nurture,🟢 Nurture
15748.0,40,1,144.36,3,2,1,321,0,At Risk,0.0,2011-10-30 12:51:00,0,0.79090285,let_go,⚪ Let Go,⚪ Let Go
15749.0,235,3,44534.3,1,4,5,145,3,Loyal Customers,8810.53139674844,2011-04-18 13:20:00,1,0.2264561,nurture,🟢 Nurture,🟢 Nurture
15750.0,3,8,2463.05,5,5,5,555,0,At Risk,516.5617258242279,2011-12-07 12:34:00,0,0.09489245,nurture,🟢 Nurture,🟢 Nurture
15752.0,40,7,2626.6,3,5,5,355,0,At Risk,567.4041699975019,2011-10-31 11:37:00,0,0.08302322,nurture,🟢 Nurture,🟢 Nurture
15753.0,305,1,79.2,1,2,1,121,1,Hibernating,0.0,2011-02-08 12:41:00,1,0.7589021,let_go,⚪ Let Go,⚪ Let Go
15754.0,51,3,458.57,3,4,2,342,0,At Risk,153.88949577683996,2011-10-19 14:40:00,0,0.27995673,monitor,🔵 Monitor,🔵 Monitor
15755.0,10,6,2364.25,5,5,5,555,0,At Risk,620.0238171430084,2011-11-29 14:57:00,0,0.13705257,nurture,🟢 Nurture,🟢 Nurture
15756.0,61,4,528.01,3,4,3,343,0,At Risk,153.60110796523304,2011-10-09 13:30:00,0,0.26251248,monitor,🔵 Monitor,🔵 Monitor
15757.0,66,2,714.42,3,3,3,333,0,At Risk,272.87217443339404,2011-10-05 12:14:00,0,0.5060457,retain,🔴 Retain Immediately,🔴 Retain Immediately
15758.0,25,1,205.25,4,2,1,421,0,At Risk,0.0,2011-11-15 10:48:00,0,0.7252728,let_go,⚪ Let Go,⚪ Let Go
15759.0,218,3,253.04,1,4,2,142,1,Hibernating,47.253211042082526,2011-05-05 15:13:00,1,0.809081,let_go,⚪ Let Go,⚪ Let Go
15762.0,65,2,583.75,3,3,3,333,0,At Risk,370.1273316903721,2011-10-05 16:15:00,0,0.04502887,nurture,🟢 Nurture,🟢 Nurture
15763.0,32,2,1086.92,4,3,4,434,0,At Risk,772.7481565818129,2011-11-08 09:44:00,0,0.06745912,nurture,🟢 Nurture,🟢 Nurture
15764.0,88,6,3279.97,2,5,5,255,0,At Risk,742.8268701802274,2011-09-12 17:58:00,0,0.13222985,nurture,🟢 Nurture,🟢 Nurture
15766.0,64,1,315.06,3,2,2,322,0,At Risk,0.0,2011-10-06 17:03:00,0,0.74204737,let_go,⚪ Let Go,⚪ Let Go
15768.0,116,3,621.8299999999999,2,4,3,243,0,At Risk,121.82196848672817,2011-08-16 10:48:00,1,0.5979983,let_go,⚪ Let Go,⚪ Let Go
15769.0,7,26,56252.72,5,5,5,555,3,Loyal Customers,12611.894574269343,2011-12-02 13:52:00,0,0.0119413175,nurture,🟢 Nurture,🟢 Nurture
15773.0,6,1,635.6800000000001,5,2,3,523,0,At Risk,0.0,2011-12-04 12:48:00,0,0.62328583,let_go,⚪ Let Go,⚪ Let Go
15774.0,69,1,270.8,3,2,2,322,0,At Risk,0.0,2011-10-02 12:04:00,0,0.6907499,let_go,⚪ Let Go,⚪ Let Go
15775.0,245,1,104.9,1,2,1,121,1,Hibernating,0.0,2011-04-08 12:56:00,1,0.7762069,let_go,⚪ Let Go,⚪ Let Go
15776.0,133,1,241.62,2,2,1,221,0,At Risk,0.0,2011-07-29 13:46:00,1,0.7233779,let_go,⚪ Let Go,⚪ Let Go
15777.0,241,4,1047.11,1,4,4,144,1,Hibernating,201.50356401861387,2011-04-12 16:43:00,1,0.39512765,nurture,🟢 Nurture,🟢 Nurture
15780.0,184,3,475.28000000000003,1,4,2,142,1,Hibernating,89.65918607437385,2011-06-09 12:01:00,1,0.63690305,let_go,⚪ Let Go,⚪ Let Go
15781.0,25,3,345.46,4,4,2,442,0,At Risk,91.11783743339939,2011-11-14 14:57:00,0,0.5978094,let_go,⚪ Let Go,⚪ Let Go
15782.0,10,3,2614.7400000000002,5,4,5,545,0,At Risk,932.5904592133895,2011-11-30 10:49:00,0,0.18423077,nurture,🟢 Nurture,🟢 Nurture
15783.0,11,1,246.3,5,2,1,521,0,At Risk,0.0,2011-11-29 09:50:00,0,0.7233779,let_go,⚪ Let Go,⚪ Let Go
15785.0,33,5,2328.9700000000003,4,4,5,445,0,At Risk,454.28734769696837,2011-11-07 11:33:00,0,0.17976673,nurture,🟢 Nurture,🟢 Nurture
15786.0,46,3,4919.0,3,4,5,345,0,At Risk,1805.3210783422596,2011-10-24 14:13:00,0,0.032268662,nurture,🟢 Nurture,🟢 Nurture
15787.0,26,3,933.26,4,4,4,444,0,At Risk,729.1443508559183,2011-11-13 14:55:00,0,0.007883059,nurture,🟢 Nurture,🟢 Nurture
15789.0,358,1,351.3,1,2,2,122,1,Hibernating,0.0,2010-12-16 14:35:00,1,0.6658681,let_go,⚪ Let Go,⚪ Let Go
15790.0,10,1,218.75,5,2,1,521,0,At Risk,0.0,2011-11-29 14:53:00,0,0.7233779,let_go,⚪ Let Go,⚪ Let Go
15791.0,44,2,1612.69,3,3,4,334,0,At Risk,247.76972272365322,2011-10-27 10:14:00,0,0.82165813,retain,🔴 Retain Immediately,🔴 Retain Immediately
15793.0,15,3,965.61,4,4,4,444,0,At Risk,255.13568797704266,2011-11-25 09:31:00,0,0.31940025,nurture,🟢 Nurture,🟢 Nurture
15795.0,150,1,610.01,2,2,3,223,1,Hibernating,0.0,2011-07-13 10:43:00,1,0.69083667,let_go,⚪ Let Go,⚪ Let Go
15796.0,1,8,2707.61,5,5,5,555,0,At Risk,676.2053174577521,2011-12-08 19:55:00,0,0.032218438,nurture,🟢 Nurture,🟢 Nurture
15797.0,113,3,2192.4,2,4,5,245,0,At Risk,240.99867993027325,2011-08-18 17:04:00,1,0.47029212,nurture,🟢 Nurture,🟢 Nurture
15799.0,76,3,884.14,2,4,3,243,0,At Risk,179.2000941820966,2011-09-25 12:46:00,0,0.45992616,nurture,🟢 Nurture,🟢 Nurture
15800.0,107,2,696.89,2,3,3,233,0,At Risk,244.11535510273654,2011-08-24 14:23:00,1,0.48266035,nurture,🟢 Nurture,🟢 Nurture
15801.0,46,3,1063.95,3,4,4,344,0,At Risk,760.3287309239647,2011-10-24 13:52:00,0,0.02422574,nurture,🟢 Nurture,🟢 Nurture
15803.0,51,1,415.82000000000005,3,2,2,322,0,At Risk,0.0,2011-10-19 14:56:00,0,0.6658681,let_go,⚪ Let Go,⚪ Let Go
15804.0,1,13,4206.39,5,5,5,555,0,At Risk,1477.3227130225132,2011-12-09 12:31:00,0,0.12393645,nurture,🟢 Nurture,🟢 Nurture
15805.0,23,17,5488.18,4,5,5,455,3,Loyal Customers,1193.9396969359634,2011-11-16 16:32:00,0,0.14074016,nurture,🟢 Nurture,🟢 Nurture
15806.0,46,3,784.58,3,4,3,343,0,At Risk,182.98215850270861,2011-10-24 14:35:00,0,0.3335068,nurture,🟢 Nurture,🟢 Nurture
15807.0,50,3,903.9,3,4,3,343,0,At Risk,369.9368970769107,2011-10-20 14:10:00,0,0.054123286,nurture,🟢 Nurture,🟢 Nurture
15808.0,306,4,3651.27,1,4,5,145,1,Hibernating,713.1442875365004,2011-02-06 14:33:00,1,0.12457375,nurture,🟢 Nurture,🟢 Nurture
15809.0,36,5,515.77,3,4,3,343,0,At Risk,97.11656760025099,2011-11-03 16:40:00,0,0.5251638,let_go,⚪ Let Go,⚪ Let Go
15810.0,79,4,1391.98,2,4,4,244,0,At Risk,328.4801631872113,2011-09-22 09:38:00,0,0.17305356,nurture,🟢 Nurture,🟢 Nurture
15811.0,22,6,2218.62,4,5,5,455,0,At Risk,479.35516801941014,2011-11-17 15:31:00,0,0.17036834,nurture,🟢 Nurture,🟢 Nurture
15812.0,107,5,1801.14,2,4,4,244,0,At Risk,452.2400620029061,2011-08-24 14:19:00,1,0.084384724,nurture,🟢 Nurture,🟢 Nurture
15813.0,208,2,1303.9099999999999,1,3,4,134,1,Hibernating,294.8092114506824,2011-05-16 08:13:00,1,0.7768565,retain,🔴 Retain Immediately,🔴 Retain Immediately
15814.0,17,4,1945.33,4,4,4,444,0,At Risk,1159.713641539461,2011-11-23 08:17:00,0,0.043151636,nurture,🟢 Nurture,🟢 Nurture
15815.0,64,5,2100.6,3,4,5,345,0,At Risk,582.9282716030369,2011-10-07 12:42:00,0,0.1887875,nurture,🟢 Nurture,🟢 Nurture
15819.0,49,4,1905.45,3,4,4,344,0,At Risk,436.0276896936608,2011-10-21 14:50:00,0,0.2225863,nurture,🟢 Nurture,🟢 Nurture
15820.0,320,1,206.98,1,2,1,121,1,Hibernating,0.0,2011-01-24 12:00:00,1,0.7252728,let_go,⚪ Let Go,⚪ Let Go
15821.0,44,2,570.96,3,3,3,333,0,At Risk,510.3479194867091,2011-10-26 15:48:00,0,0.023554442,nurture,🟢 Nurture,🟢 Nurture
15822.0,3,2,885.47,5,3,3,533,0,At Risk,170.9717776031629,2011-12-06 14:50:00,0,0.7248539,retain,🔴 Retain Immediately,🔴 Retain Immediately
15825.0,172,1,532.94,2,2,3,223,1,Hibernating,0.0,2011-06-20 13:27:00,1,0.6685883,let_go,⚪ Let Go,⚪ Let Go
15826.0,56,3,1654.31,3,4,4,344,0,At Risk,576.564836359028,2011-10-14 16:05:00,0,0.32109168,nurture,🟢 Nurture,🟢 Nurture
15827.0,73,14,1836.0900000000001,2,5,4,254,0,At Risk,380.3367692580719,2011-09-27 15:35:00,0,0.021053335,nurture,🟢 Nurture,🟢 Nurture
15829.0,99,2,636.14,2,3,3,233,0,At Risk,271.5805077013898,2011-09-01 16:45:00,1,0.5060457,retain,🔴 Retain Immediately,🔴 Retain Immediately
15830.0,38,1,576.0,3,2,3,323,0,At Risk,0.0,2011-11-02 10:40:00,0,0.69083667,let_go,⚪ Let Go,⚪ Let Go
15831.0,58,3,794.64,3,4,3,343,0,At Risk,158.51150836444072,2011-10-12 13:14:00,0,0.37925616,nurture,🟢 Nurture,🟢 Nurture
15832.0,254,1,836.79,1,2,3,123,1,Hibernating,0.0,2011-03-30 15:29:00,1,0.6023235,let_go,⚪ Let Go,⚪ Let Go
15834.0,70,4,2222.65,3,4,5,345,0,At Risk,357.4094896562613,2011-09-30 14:41:00,0,0.28813368,nurture,🟢 Nurture,🟢 Nurture
15835.0,44,4,954.09,3,4,4,344,0,At Risk,191.95493267974553,2011-10-26 15:47:00,0,0.32186678,nurture,🟢 Nurture,🟢 Nurture
15836.0,50,1,137.37,3,2,1,321,0,At Risk,0.0,2011-10-20 17:13:00,0,0.7907084,let_go,⚪ Let Go,⚪ Let Go
15837.0,65,1,391.98,3,2,2,322,0,At Risk,0.0,2011-10-06 09:01:00,0,0.6658681,let_go,⚪ Let Go,⚪ Let Go
15838.0,11,19,33643.08,5,5,5,555,3,Loyal Customers,7513.819240297723,2011-11-28 14:00:00,0,0.010384795,nurture,🟢 Nurture,🟢 Nurture
15839.0,33,3,1048.49,4,4,4,444,0,At Risk,482.4986971558494,2011-11-06 13:54:00,0,0.10664463,nurture,🟢 Nurture,🟢 Nurture
15840.0,59,2,355.56,3,3,2,332,0,At Risk,85.62429037705151,2011-10-12 09:08:00,0,0.66440064,let_go,⚪ Let Go,⚪ Let Go
15841.0,73,4,1224.06,2,4,4,244,0,At Risk,256.3076317061695,2011-09-28 12:15:00,0,0.16669402,nurture,🟢 Nurture,🟢 Nurture
15843.0,304,1,118.95000000000002,1,2,1,121,1,Hibernating,0.0,2011-02-09 10:19:00,1,0.7762069,let_go,⚪ Let Go,⚪ Let Go
15844.0,46,1,130.73999999999998,3,2,1,321,0,At Risk,0.0,2011-10-24 15:19:00,0,0.79418945,let_go,⚪ Let Go,⚪ Let Go
15845.0,18,8,3711.77,4,5,5,455,0,At Risk,882.3373138590239,2011-11-22 09:42:00,0,0.14743274,nurture,🟢 Nurture,🟢 Nurture
15847.0,38,2,389.27,3,3,2,332,0,At Risk,98.73280804407628,2011-11-01 14:41:00,0,0.6366114,let_go,⚪ Let Go,⚪ Let Go
15850.0,19,2,234.88,4,3,1,431,0,At Risk,90.97363669876268,2011-11-20 14:14:00,0,0.3124324,monitor,🔵 Monitor,🔵 Monitor
15852.0,187,2,160.71,1,3,1,131,1,Hibernating,39.72411687799225,2011-06-06 11:22:00,1,0.72703785,let_go,⚪ Let Go,⚪ Let Go
15853.0,52,1,110.8,3,2,1,321,0,At Risk,0.0,2011-10-19 10:38:00,0,0.7762069,let_go,⚪ Let Go,⚪ Let Go
15854.0,4,12,2969.12,5,5,5,555,0,At Risk,654.3748327580895,2011-12-05 13:39:00,0,0.033667326,nurture,🟢 Nurture,🟢 Nurture
15855.0,137,5,712.24,2,4,3,243,0,At Risk,212.59918875159505,2011-07-26 10:20:00,1,0.2223969,nurture,🟢 Nurture,🟢 Nurture
15856.0,4,27,16142.380000000001,5,5,5,555,3,Loyal Customers,3326.630537476397,2011-12-05 17:09:00,0,0.010384795,nurture,🟢 Nurture,🟢 Nurture
15857.0,19,1,297.0,4,2,2,422,0,At Risk,0.0,2011-11-21 12:18:00,0,0.74204737,let_go,⚪ Let Go,⚪ Let Go
15858.0,16,5,1427.57,4,4,4,444,0,At Risk,265.6258326736491,2011-11-24 12:48:00,0,0.2614477,nurture,🟢 Nurture,🟢 Nurture
15860.0,41,8,965.16,3,5,4,354,0,At Risk,206.65296925131858,2011-10-30 11:25:00,0,0.14011993,nurture,🟢 Nurture,🟢 Nurture
15861.0,12,8,3146.92,5,5,5,555,0,At Risk,801.3453606631144,2011-11-27 15:59:00,0,0.10936818,nurture,🟢 Nurture,🟢 Nurture
15862.0,8,4,832.88,5,4,3,543,0,At Risk,126.04788027544603,2011-12-01 13:28:00,0,0.32986444,monitor,🔵 Monitor,🔵 Monitor
15863.0,26,2,68.84,4,3,1,431,0,At Risk,42.029071416732485,2011-11-14 12:49:00,0,0.77046585,let_go,⚪ Let Go,⚪ Let Go
15864.0,22,6,1936.3200000000002,4,5,4,454,0,At Risk,480.27436358644,2011-11-17 13:32:00,0,0.07393758,nurture,🟢 Nurture,🟢 Nurture
15865.0,41,3,895.13,3,4,3,343,0,At Risk,275.61006457410963,2011-10-30 12:43:00,0,0.37729743,nurture,🟢 Nurture,🟢 Nurture
15866.0,101,1,211.89,2,2,1,221,0,At Risk,0.0,2011-08-30 14:09:00,1,0.7252728,let_go,⚪ Let Go,⚪ Let Go
15867.0,5,15,3803.6,5,5,5,555,3,Loyal Customers,845.2289214126556,2011-12-04 13:32:00,0,0.009922908,nurture,🟢 Nurture,🟢 Nurture
15869.0,277,2,149.64,1,3,1,131,1,Hibernating,0.0,2011-03-07 17:23:00,1,0.7604684,let_go,⚪ Let Go,⚪ Let Go
15870.0,33,1,351.44,4,2,2,422,0,At Risk,0.0,2011-11-07 10:58:00,0,0.6658681,let_go,⚪ Let Go,⚪ Let Go
15872.0,15,2,316.25,4,3,2,432,0,At Risk,0.0,2011-11-25 11:55:00,0,0.74204737,let_go,⚪ Let Go,⚪ Let Go
15874.0,64,7,4405.88,3,5,5,355,0,At Risk,1191.589140738526,2011-10-07 12:31:00,0,0.13197488,nurture,🟢 Nurture,🟢 Nurture
15877.0,2,2,490.33,5,3,3,533,0,At Risk,765.0389318150367,2011-12-08 11:53:00,0,0.009995694,nurture,🟢 Nurture,🟢 Nurture
15880.0,369,1,329.03000000000003,1,2,2,122,1,Hibernating,0.0,2010-12-05 13:00:00,1,0.7176327,let_go,⚪ Let Go,⚪ Let Go
15881.0,312,5,501.39000000000004,1,4,3,143,1,Hibernating,113.99578754703836,2011-01-31 16:59:00,1,0.513817,let_go,⚪ Let Go,⚪ Let Go
15882.0,199,4,514.08,1,4,3,143,1,Hibernating,55.35974222757656,2011-05-25 11:35:00,1,0.8848115,let_go,⚪ Let Go,⚪ Let Go
15883.0,2,2,396.48,5,3,2,532,0,At Risk,582.4622989822558,2011-12-07 17:05:00,0,0.008178444,nurture,🟢 Nurture,🟢 Nurture
15885.0,93,1,349.35,2,2,2,222,0,At Risk,0.0,2011-09-07 14:56:00,1,0.70767343,let_go,⚪ Let Go,⚪ Let Go
15886.0,60,1,181.09,3,2,1,321,0,At Risk,0.0,2011-10-10 14:25:00,0,0.7252728,let_go,⚪ Let Go,⚪ Let Go
15888.0,81,1,162.64,2,2,1,221,0,At Risk,0.0,2011-09-20 12:30:00,0,0.77871877,let_go,⚪ Let Go,⚪ Let Go
15889.0,157,2,400.77,2,3,2,232,1,Hibernating,50.416524750431186,2011-07-06 11:10:00,1,0.8408827,let_go,⚪ Let Go,⚪ Let Go
15891.0,227,1,509.13,1,2,3,123,1,Hibernating,0.0,2011-04-27 12:35:00,1,0.6685883,let_go,⚪ Let Go,⚪ Let Go
15894.0,253,2,257.6,1,3,2,132,1,Hibernating,41.0248497684562,2011-03-31 13:50:00,1,0.7097158,let_go,⚪ Let Go,⚪ Let Go
15895.0,150,1,179.17,2,2,1,221,1,Hibernating,0.0,2011-07-13 10:27:00,1,0.7252728,let_go,⚪ Let Go,⚪ Let Go
15897.0,194,2,208.59,1,3,1,131,1,Hibernating,0.0,2011-05-29 13:50:00,1,0.7252728,let_go,⚪ Let Go,⚪ Let Go
15898.0,1,5,1383.83,5,4,4,544,0,At Risk,255.4881676700572,2011-12-08 15:23:00,0,0.2614477,nurture,🟢 Nurture,🟢 Nurture
15899.0,369,1,56.25,1,2,1,121,1,Hibernating,0.0,2010-12-06 10:36:00,1,0.8278831,let_go,⚪ Let Go,⚪ Let Go
15900.0,24,1,337.28,4,2,2,422,0,At Risk,0.0,2011-11-16 12:19:00,0,0.70767343,let_go,⚪ Let Go,⚪ Let Go
15901.0,17,3,349.75,4,4,2,442,0,At Risk,150.65886511616839,2011-11-23 12:43:00,0,0.22129644,monitor,🔵 Monitor,🔵 Monitor
15903.0,10,7,5126.76,5,5,5,555,0,At Risk,1468.8639443236632,2011-11-30 08:08:00,0,0.030034631,nurture,🟢 Nurture,🟢 Nurture
15904.0,8,1,164.68,5,2,1,521,0,At Risk,0.0,2011-12-01 14:50:00,0,0.7252728,let_go,⚪ Let Go,⚪ Let Go
15906.0,20,7,1567.69,4,5,4,454,0,At Risk,408.76900130490384,2011-11-20 12:24:00,0,0.03826091,nurture,🟢 Nurture,🟢 Nurture
15907.0,4,3,881.87,5,4,3,543,0,At Risk,316.0377724504708,2011-12-06 12:21:00,0,0.28578776,nurture,🟢 Nurture,🟢 Nurture
15909.0,174,1,191.94,2,2,1,221,1,Hibernating,0.0,2011-06-19 10:38:00,1,0.7252728,let_go,⚪ Let Go,⚪ Let Go
15910.0,1,8,1228.88,5,5,4,554,0,At Risk,296.9384928417437,2011-12-09 10:51:00,0,0.07034273,nurture,🟢 Nurture,🟢 Nurture
15912.0,178,2,264.62,2,3,2,232,1,Hibernating,71.19045862939012,2011-06-14 14:29:00,1,0.7220697,let_go,⚪ Let Go,⚪ Let Go
15916.0,16,8,1502.8600000000001,4,5,4,454,0,At Risk,309.53783141158385,2011-11-23 13:46:00,0,0.1391954,nurture,🟢 Nurture,🟢 Nurture
15917.0,248,1,123.1,1,2,1,121,1,Hibernating,0.0,2011-04-06 10:40:00,1,0.7842942,let_go,⚪ Let Go,⚪ Let Go
15918.0,191,2,334.23,1,3,2,132,1,Hibernating,96.22413300967307,2011-06-02 11:42:00,1,0.6212493,let_go,⚪ Let Go,⚪ Let Go
15919.0,20,2,525.69,4,3,3,433,0,At Risk,117.37143946514833,2011-11-20 11:28:00,0,0.6592904,let_go,⚪ Let Go,⚪ Let Go
15920.0,154,3,163.55,2,4,1,241,1,Hibernating,0.0,2011-07-08 15:25:00,1,0.46767145,monitor,🔵 Monitor,🔵 Monitor
15921.0,173,1,323.03000000000003,2,2,2,222,1,Hibernating,0.0,2011-06-20 11:03:00,1,0.67603123,let_go,⚪ Let Go,⚪ Let Go
15922.0,373,1,369.5,1,2,2,122,1,Hibernating,0.0,2010-12-01 13:51:00,1,0.6658681,let_go,⚪ Let Go,⚪ Let Go
15923.0,373,1,127.08,1,2,1,121,1,Hibernating,0.0,2010-12-02 12:16:00,1,0.79418945,let_go,⚪ Let Go,⚪ Let Go
15925.0,194,1,207.15,1,2,1,121,1,Hibernating,0.0,2011-05-29 15:35:00,1,0.7252728,let_go,⚪ Let Go,⚪ Let Go
15930.0,67,1,426.63,3,2,2,322,0,At Risk,0.0,2011-10-03 14:52:00,0,0.64429915,let_go,⚪ Let Go,⚪ Let Go
15932.0,4,8,2495.87,5,5,5,555,0,At Risk,648.3926711326855,2011-12-05 17:13:00,0,0.02883041,nurture,🟢 Nurture,🟢 Nurture
15933.0,21,3,1107.46,4,4,4,444,0,At Risk,682.2638341193341,2011-11-18 13:14:00,0,0.04028006,nurture,🟢 Nurture,🟢 Nurture
15935.0,239,1,108.03999999999999,1,2,1,121,1,Hibernating,0.0,2011-04-14 13:27:00,1,0.7762069,let_go,⚪ Let Go,⚪ Let Go
15937.0,64,1,145.35,3,2,1,321,0,At Risk,0.0,2011-10-06 15:48:00,0,0.7604684,let_go,⚪ Let Go,⚪ Let Go
15938.0,112,5,404.58,2,4,2,242,0,At Risk,95.00465456560448,2011-08-19 12:56:00,1,0.32684106,monitor,🔵 Monitor,🔵 Monitor
15939.0,90,14,6100.01,2,5,5,255,3,Loyal Customers,1362.1897934332694,2011-09-11 11:30:00,0,0.021910321,nurture,🟢 Nurture,🟢 Nurture
15940.0,311,1,35.8,1,2,1,121,1,Hibernating,0.0,2011-02-01 16:18:00,1,0.78097343,let_go,⚪ Let Go,⚪ Let Go
15942.0,134,1,337.44,2,2,2,222,0,At Risk,0.0,2011-07-29 09:01:00,1,0.70767343,let_go,⚪ Let Go,⚪ Let Go
15944.0,277,1,325.1,1,2,2,122,1,Hibernating,0.0,2011-03-08 10:33:00,1,0.7176327,let_go,⚪ Let Go,⚪ Let Go
15945.0,365,1,181.0,1,2,1,121,1,Hibernating,0.0,2010-12-09 13:14:00,1,0.7252728,let_go,⚪ Let Go,⚪ Let Go
15947.0,83,1,1708.24,2,2,4,224,0,At Risk,0.0,2011-09-18 10:46:00,0,0.7568346,let_go,⚪ Let Go,⚪ Let Go
15948.0,8,2,955.24,5,3,4,534,0,At Risk,620.3755039713656,2011-12-01 15:32:00,0,0.01419274,nurture,🟢 Nurture,🟢 Nurture
15949.0,17,2,364.72,4,3,2,432,0,At Risk,188.99986603942838,2011-11-23 09:09:00,0,0.10552482,nurture,🟢 Nurture,🟢 Nurture
15950.0,32,4,1744.71,4,4,4,444,0,At Risk,357.17994641333775,2011-11-08 11:09:00,0,0.16353498,nurture,🟢 Nurture,🟢 Nurture
15951.0,9,2,708.22,5,3,3,533,0,At Risk,158.10678415758701,2011-12-01 08:34:00,0,0.67917514,retain,🔴 Retain Immediately,🔴 Retain Immediately
15952.0,34,4,781.91,3,4,3,343,0,At Risk,227.50431701824493,2011-11-06 11:18:00,0,0.16910823,nurture,🟢 Nurture,🟢 Nurture
15953.0,15,8,1657.28,4,5,4,454,0,At Risk,345.84847900543446,2011-11-24 15:32:00,0,0.09619336,nurture,🟢 Nurture,🟢 Nurture
15955.0,24,14,4416.26,4,5,5,455,3,Loyal Customers,893.0285697926331,2011-11-15 14:15:00,0,0.009922908,nurture,🟢 Nurture,🟢 Nurture
15957.0,32,1,428.89,4,2,2,422,0,At Risk,0.0,2011-11-08 12:14:00,0,0.64429915,let_go,⚪ Let Go,⚪ Let Go
15958.0,74,1,104.35,2,2,1,221,0,At Risk,0.0,2011-09-26 13:41:00,0,0.7762069,let_go,⚪ Let Go,⚪ Let Go
15963.0,20,2,470.76,4,3,2,432,0,At Risk,373.3659512565009,2011-11-20 11:33:00,0,0.03980028,nurture,🟢 Nurture,🟢 Nurture
15965.0,17,4,808.87,4,4,3,443,0,At Risk,190.11314828695654,2011-11-22 16:44:00,0,0.17507266,nurture,🟢 Nurture,🟢 Nurture
15967.0,23,2,397.68,4,3,2,432,0,At Risk,101.85162602033658,2011-11-16 15:41:00,0,0.6366114,let_go,⚪ Let Go,⚪ Let Go
15969.0,3,3,666.1,5,4,3,543,0,At Risk,192.03504686907945,2011-12-07 11:06:00,0,0.2745521,nurture,🟢 Nurture,🟢 Nurture
15970.0,304,1,314.1,1,2,2,122,1,Hibernating,0.0,2011-02-09 12:08:00,1,0.74204737,let_go,⚪ Let Go,⚪ Let Go
15971.0,18,12,4194.9,4,5,5,455,0,At Risk,933.42829818876,2011-11-22 12:50:00,0,0.036167394,nurture,🟢 Nurture,🟢 Nurture
15973.0,367,1,307.82000000000005,1,2,2,122,1,Hibernating,0.0,2010-12-08 11:42:00,1,0.74204737,let_go,⚪ Let Go,⚪ Let Go
15974.0,39,7,3442.15,3,5,5,355,0,At Risk,808.4587948991782,2011-10-31 13:13:00,0,0.059670918,nurture,🟢 Nurture,🟢 Nurture
15975.0,84,1,371.01,2,2,2,222,0,At Risk,0.0,2011-09-16 13:33:00,0,0.6658681,let_go,⚪ Let Go,⚪ Let Go
15976.0,165,2,427.64,2,3,2,232,1,Hibernating,130.65462735479525,2011-06-27 13:00:00,1,0.64831334,let_go,⚪ Let Go,⚪ Let Go
15977.0,17,2,1054.73,4,3,4,434,0,At Risk,1462.8832404119407,2011-11-22 13:29:00,0,0.011549343,nurture,🟢 Nurture,🟢 Nurture
15978.0,77,1,1098.78,2,2,4,224,0,At Risk,0.0,2011-09-23 15:21:00,0,0.58950293,let_go,⚪ Let Go,⚪ Let Go
15980.0,89,3,2398.86,2,4,5,245,0,At Risk,854.5776870232506,2011-09-12 09:41:00,0,0.26546696,nurture,🟢 Nurture,🟢 Nurture
15981.0,25,8,3408.48,4,5,5,455,0,At Risk,874.009581074342,2011-11-15 08:00:00,0,0.07723974,nurture,🟢 Nurture,🟢 Nurture
15983.0,22,4,1465.12,4,4,4,444,0,At Risk,271.2175126065705,2011-11-17 17:34:00,0,0.3894579,nurture,🟢 Nurture,🟢 Nurture
15984.0,3,10,2780.63,5,5,5,555,0,At Risk,623.9328020585671,2011-12-07 12:16:00,0,0.02618479,nurture,🟢 Nurture,🟢 Nurture
15985.0,123,2,1142.42,2,3,4,234,0,At Risk,136.85895310436888,2011-08-08 16:31:00,1,0.84808713,let_go,⚪ Let Go,⚪ Let Go
15986.0,30,1,168.12,4,2,1,421,0,At Risk,0.0,2011-11-09 15:17:00,0,0.7252728,let_go,⚪ Let Go,⚪ Let Go
15987.0,12,7,1432.77,5,5,4,554,0,At Risk,325.7115620645298,2011-11-27 15:38:00,0,0.037683662,nurture,🟢 Nurture,🟢 Nurture
15988.0,19,1,156.78,4,2,1,421,0,At Risk,0.0,2011-11-20 13:23:00,0,0.7986125,let_go,⚪ Let Go,⚪ Let Go
15990.0,44,2,792.11,3,3,3,333,0,At Risk,184.03701700842186,2011-10-26 15:58:00,0,0.60022235,retain,🔴 Retain Immediately,🔴 Retain Immediately
15992.0,4,1,41.989999999999995,5,2,1,521,0,At Risk,0.0,2011-12-06 11:00:00,0,0.7398539,let_go,⚪ Let Go,⚪ Let Go
15993.0,9,7,2768.97,5,5,5,555,0,At Risk,1976.6381186786098,2011-12-01 10:45:00,0,0.0060703484,nurture,🟢 Nurture,🟢 Nurture
15994.0,55,1,414.27,3,2,2,322,0,At Risk,0.0,2011-10-16 12:28:00,0,0.6658681,let_go,⚪ Let Go,⚪ Let Go
15996.0,88,6,1032.58,2,5,4,254,0,At Risk,191.26586673562522,2011-09-12 15:14:00,0,0.32222903,nurture,🟢 Nurture,🟢 Nurture
15998.0,37,5,3080.22,3,4,5,345,0,At Risk,570.3155325612634,2011-11-03 12:45:00,0,0.30859196,nurture,🟢 Nurture,🟢 Nurture
16000.0,3,3,12393.7,5,4,5,545,0,At Risk,0.0,2011-12-07 12:17:00,0,0.5152076,let_go,⚪ Let Go,⚪ Let Go
16003.0,30,5,2735.37,4,4,5,445,0,At Risk,421.73235841358496,2011-11-10 09:57:00,0,0.18516289,nurture,🟢 Nurture,🟢 Nurture
16005.0,12,4,578.71,5,4,3,543,0,At Risk,163.49587060677698,2011-11-27 13:47:00,0,0.17115548,nurture,🟢 Nurture,🟢 Nurture
16006.0,211,1,101.4,1,2,1,121,1,Hibernating,0.0,2011-05-12 13:12:00,1,0.8111666,let_go,⚪ Let Go,⚪ Let Go
16007.0,48,4,1693.81,3,4,4,344,0,At Risk,570.8353463441445,2011-10-23 11:05:00,0,0.09774138,nurture,🟢 Nurture,🟢 Nurture
16008.0,24,3,478.78,4,4,2,442,0,At Risk,167.9249990887695,2011-11-16 10:32:00,0,0.13781673,nurture,🟢 Nurture,🟢 Nurture
16009.0,22,4,972.11,4,4,4,444,0,At Risk,295.48367645637893,2011-11-17 16:51:00,0,0.22250359,nurture,🟢 Nurture,🟢 Nurture
16010.0,246,3,392.4,1,4,2,142,1,Hibernating,83.8799279971418,2011-04-08 10:14:00,1,0.5796903,let_go,⚪ Let Go,⚪ Let Go
16011.0,8,16,3352.96,5,5,5,555,3,Loyal Customers,716.7262919988959,2011-12-01 16:31:00,0,0.01168081,nurture,🟢 Nurture,🟢 Nurture
16012.0,35,3,1415.29,3,4,4,344,0,At Risk,650.140710307591,2011-11-04 13:25:00,0,0.048163816,nurture,🟢 Nurture,🟢 Nurture
16013.0,4,47,37130.6,5,5,5,555,3,Loyal Customers,8051.89930954503,2011-12-06 10:36:00,0,0.010384795,nurture,🟢 Nurture,🟢 Nurture
16014.0,38,3,646.83,3,4,3,343,0,At Risk,141.9464343009395,2011-11-02 12:04:00,0,0.5979983,let_go,⚪ Let Go,⚪ Let Go
16015.0,4,3,704.26,5,4,3,543,0,At Risk,577.2200427883656,2011-12-06 10:58:00,0,0.007436245,nurture,🟢 Nurture,🟢 Nurture
16016.0,3,8,1465.51,5,5,4,554,0,At Risk,268.741403267929,2011-12-06 14:35:00,0,0.072852686,nurture,🟢 Nurture,🟢 Nurture
16017.0,47,1,211.88,3,2,1,321,0,At Risk,0.0,2011-10-23 12:56:00,0,0.7252728,let_go,⚪ Let Go,⚪ Let Go
16018.0,39,2,408.90000000000003,3,3,2,332,0,At Risk,175.81690368412433,2011-10-31 14:13:00,0,0.10552482,nurture,🟢 Nurture,🟢 Nurture
16019.0,47,9,3786.2400000000002,3,5,5,355,0,At Risk,852.0611445685759,2011-10-24 11:51:00,0,0.14743274,nurture,🟢 Nurture,🟢 Nurture
16020.0,17,3,851.01,4,4,3,443,0,At Risk,513.011588233887,2011-11-23 11:18:00,0,0.018461242,nurture,🟢 Nurture,🟢 Nurture
16022.0,260,1,602.63,1,2,3,123,1,Hibernating,0.0,2011-03-24 13:16:00,1,0.69083667,let_go,⚪ Let Go,⚪ Let Go
16023.0,46,3,719.81,3,4,3,343,0,At Risk,211.49363449408986,2011-10-24 16:34:00,0,0.33146745,nurture,🟢 Nurture,🟢 Nurture
16024.0,12,1,245.75,5,2,1,521,0,At Risk,0.0,2011-11-27 13:26:00,0,0.7233779,let_go,⚪ Let Go,⚪ Let Go
16025.0,30,1,439.65999999999997,4,2,2,422,0,At Risk,0.0,2011-11-10 11:45:00,0,0.64429915,let_go,⚪ Let Go,⚪ Let Go
16026.0,43,1,236.09,3,2,1,321,0,At Risk,0.0,2011-10-27 13:53:00,0,0.7233779,let_go,⚪ Let Go,⚪ Let Go
16027.0,92,6,934.62,2,5,4,254,0,At Risk,182.0889529386395,2011-09-09 10:47:00,1,0.32008165,nurture,🟢 Nurture,🟢 Nurture
16029.0,39,62,72708.09,3,5,5,355,2,Champions,15241.585265193782,2011-11-01 10:27:00,0,0.0119413175,nurture,🟢 Nurture,🟢 Nurture
16030.0,310,1,331.24,1,2,2,122,1,Hibernating,0.0,2011-02-03 11:28:00,1,0.7176327,let_go,⚪ Let Go,⚪ Let Go
16031.0,92,2,547.9,2,3,3,233,0,At Risk,131.17169870813075,2011-09-08 13:07:00,1,0.6592904,let_go,⚪ Let Go,⚪ Let Go
16033.0,6,20,8778.82,5,5,5,555,3,Loyal Customers,1959.142008189035,2011-12-04 12:44:00,0,0.0051216776,nurture,🟢 Nurture,🟢 Nurture
16034.0,196,3,437.7,1,4,2,142,1,Hibernating,91.3521154990313,2011-05-27 16:17:00,1,0.63690305,let_go,⚪ Let Go,⚪ Let Go
16036.0,87,2,758.92,2,3,3,233,0,At Risk,289.50909365743894,2011-09-13 14:53:00,0,0.4903341,nurture,🟢 Nurture,🟢 Nurture
16037.0,270,3,855.02,1,4,3,143,1,Hibernating,165.41724688094837,2011-03-15 09:13:00,1,0.4593789,nurture,🟢 Nurture,🟢 Nurture
16038.0,8,3,471.78000000000003,5,4,2,542,0,At Risk,78.52353394009273,2011-12-02 12:40:00,0,0.6037875,let_go,⚪ Let Go,⚪ Let Go
16040.0,65,3,1313.55,3,4,4,344,0,At Risk,344.5212551399946,2011-10-05 13:47:00,0,0.23259646,nurture,🟢 Nurture,🟢 Nurture
16041.0,31,3,3166.4,4,4,5,445,0,At Risk,369.56714799115923,2011-11-09 12:25:00,0,0.45930135,nurture,🟢 Nurture,🟢 Nurture
16042.0,22,5,1177.47,4,4,4,444,0,At Risk,336.1307760222984,2011-11-17 17:50:00,0,0.12568042,nurture,🟢 Nurture,🟢 Nurture
16043.0,38,4,773.99,3,4,3,343,0,At Risk,142.44245443622003,2011-11-02 12:50:00,0,0.31616923,monitor,🔵 Monitor,🔵 Monitor
16045.0,120,4,1340.7,2,4,4,244,0,At Risk,223.3976520909286,2011-08-12 12:41:00,1,0.46452022,nurture,🟢 Nurture,🟢 Nurture
16048.0,373,2,256.44,1,3,2,132,1,Hibernating,0.0,2010-12-01 15:28:00,1,0.7233779,let_go,⚪ Let Go,⚪ Let Go
16049.0,40,3,1074.81,3,4,4,344,0,At Risk,639.1227694154462,2011-10-30 13:19:00,0,0.04028006,nurture,🟢 Nurture,🟢 Nurture
16050.0,174,1,137.9,2,2,1,221,1,Hibernating,0.0,2011-06-19 11:44:00,1,0.7907084,let_go,⚪ Let Go,⚪ Let Go
16052.0,54,1,362.06,3,2,2,322,0,At Risk,0.0,2011-10-16 15:13:00,0,0.6658681,let_go,⚪ Let Go,⚪ Let Go
16053.0,33,2,1511.95,4,3,4,434,0,At Risk,377.5104387072185,2011-11-07 11:21:00,0,0.66165745,retain,🔴 Retain Immediately,🔴 Retain Immediately
16054.0,145,1,783.9,2,2,3,223,1,Hibernating,0.0,2011-07-17 13:08:00,1,0.5714547,let_go,⚪ Let Go,⚪ Let Go
16055.0,221,1,134.8,1,2,1,121,1,Hibernating,0.0,2011-05-03 09:26:00,1,0.79418945,let_go,⚪ Let Go,⚪ Let Go
16056.0,45,1,650.75,3,2,3,323,0,At Risk,0.0,2011-10-25 15:19:00,0,0.62328583,let_go,⚪ Let Go,⚪ Let Go
16057.0,16,7,2263.12,4,5,5,455,0,At Risk,529.9128950039869,2011-11-23 15:23:00,0,0.07288062,nurture,🟢 Nurture,🟢 Nurture
16059.0,66,6,1453.16,3,5,4,354,0,At Risk,330.38181928032634,2011-10-05 09:56:00,0,0.13642561,nurture,🟢 Nurture,🟢 Nurture
16062.0,10,4,1153.62,5,4,4,544,0,At Risk,243.1420187684261,2011-11-30 12:15:00,0,0.23855253,nurture,🟢 Nurture,🟢 Nurture
16063.0,260,1,335.32,1,2,2,122,1,Hibernating,0.0,2011-03-24 14:56:00,1,0.70767343,let_go,⚪ Let Go,⚪ Let Go
16065.0,365,1,367.14,1,2,2,122,1,Hibernating,0.0,2010-12-09 13:03:00,1,0.6658681,let_go,⚪ Let Go,⚪ Let Go
16066.0,17,5,1521.04,4,4,4,444,0,At Risk,781.8477283675652,2011-11-23 11:54:00,0,0.019803237,nurture,🟢 Nurture,🟢 Nurture
16070.0,22,2,852.15,4,3,3,433,0,At Risk,389.7940036204358,2011-11-17 15:50:00,0,0.07287632,nurture,🟢 Nurture,🟢 Nurture
16071.0,45,1,326.24,3,2,2,322,0,At Risk,0.0,2011-10-26 11:14:00,0,0.7176327,let_go,⚪ Let Go,⚪ Let Go
16072.0,288,1,584.3199999999999,1,2,3,123,1,Hibernating,0.0,2011-02-24 14:32:00,1,0.69083667,let_go,⚪ Let Go,⚪ Let Go
16073.0,297,1,122.39999999999999,1,2,1,121,1,Hibernating,0.0,2011-02-15 15:41:00,1,0.7842942,let_go,⚪ Let Go,⚪ Let Go
16076.0,3,10,2234.73,5,5,5,555,0,At Risk,760.2246220710224,2011-12-06 14:59:00,0,0.016337194,nurture,🟢 Nurture,🟢 Nurture
16078.0,284,1,79.2,1,2,1,121,1,Hibernating,0.0,2011-03-01 09:47:00,1,0.7589021,let_go,⚪ Let Go,⚪ Let Go
16079.0,17,3,1352.0,4,4,4,444,0,At Risk,1350.2434057068995,2011-11-23 12:48:00,0,0.01857718,nurture,🟢 Nurture,🟢 Nurture
16080.0,82,2,217.16,2,3,1,231,0,At Risk,44.04981290092415,2011-09-19 10:42:00,0,0.65371233,let_go,⚪ Let Go,⚪ Let Go
16081.0,56,5,2799.42,3,4,5,345,0,At Risk,672.6531593630054,2011-10-14 13:06:00,0,0.11644254,nurture,🟢 Nurture,🟢 Nurture
16083.0,101,2,1317.62,2,3,4,234,0,At Risk,373.5280784775114,2011-08-31 10:47:00,1,0.51954854,retain,🔴 Retain Immediately,🔴 Retain Immediately
16084.0,299,1,436.18,1,2,2,122,1,Hibernating,0.0,2011-02-13 16:05:00,1,0.64429915,let_go,⚪ Let Go,⚪ Let Go
16085.0,23,5,981.51,4,4,4,444,0,At Risk,231.043363913064,2011-11-16 13:24:00,0,0.22682421,nurture,🟢 Nurture,🟢 Nurture
16086.0,59,5,1121.39,3,4,4,344,0,At Risk,240.38724534301883,2011-10-11 13:09:00,0,0.18754783,nurture,🟢 Nurture,🟢 Nurture
16091.0,155,2,315.06,2,3,2,232,1,Hibernating,104.41964169693814,2011-07-08 08:45:00,1,0.57276535,let_go,⚪ Let Go,⚪ Let Go
16092.0,115,3,817.86,2,4,3,243,0,At Risk,206.2209515447418,2011-08-17 10:46:00,1,0.45989498,nurture,🟢 Nurture,🟢 Nurture
16093.0,107,1,17.0,2,2,1,221,0,At Risk,0.0,2011-08-25 11:09:00,1,0.7589238,let_go,⚪ Let Go,⚪ Let Go
16094.0,12,4,1078.23,5,4,4,544,0,At Risk,381.70770004506943,2011-11-28 12:45:00,0,0.13451672,nurture,🟢 Nurture,🟢 Nurture
16096.0,264,1,320.62,1,2,2,122,1,Hibernating,0.0,2011-03-20 13:38:00,1,0.74204737,let_go,⚪ Let Go,⚪ Let Go
16097.0,240,1,185.04999999999998,1,2,1,121,1,Hibernating,0.0,2011-04-13 13:47:00,1,0.7252728,let_go,⚪ Let Go,⚪ Let Go
16098.0,88,7,2005.63,2,5,4,254,0,At Risk,376.9272565934591,2011-09-13 09:59:00,0,0.04288619,nurture,🟢 Nurture,🟢 Nurture
16099.0,50,3,731.9,3,4,3,343,0,At Risk,187.47250074229316,2011-10-20 13:13:00,0,0.28059602,nurture,🟢 Nurture,🟢 Nurture
16101.0,71,1,1290.7,3,2,4,324,0,At Risk,0.0,2011-09-30 10:18:00,0,0.7489092,let_go,⚪ Let Go,⚪ Let Go
16102.0,42,3,1842.14,3,4,4,344,0,At Risk,724.9184837325531,2011-10-28 13:19:00,0,0.109167874,nurture,🟢 Nurture,🟢 Nurture
16103.0,7,6,1429.64,5,5,4,554,0,At Risk,456.28664324180545,2011-12-02 14:16:00,0,0.07802323,nurture,🟢 Nurture,🟢 Nurture
16104.0,62,1,298.21,3,2,2,322,0,At Risk,0.0,2011-10-09 10:23:00,0,0.74204737,let_go,⚪ Let Go,⚪ Let Go
16105.0,249,1,336.96,1,2,2,122,1,Hibernating,0.0,2011-04-05 10:13:00,1,0.70767343,let_go,⚪ Let Go,⚪ Let Go
16106.0,66,1,108.38,3,2,1,321,0,At Risk,0.0,2011-10-05 10:37:00,0,0.7762069,let_go,⚪ Let Go,⚪ Let Go
16107.0,18,7,3204.1600000000003,4,5,5,455,0,At Risk,1201.3474217569187,2011-11-22 09:40:00,0,0.15169628,nurture,🟢 Nurture,🟢 Nurture
16108.0,85,1,842.5,2,2,3,223,0,At Risk,0.0,2011-09-16 11:48:00,0,0.6023235,let_go,⚪ Let Go,⚪ Let Go
16109.0,219,2,611.88,1,3,3,133,1,Hibernating,131.59458654729508,2011-05-05 09:17:00,1,0.68840057,let_go,⚪ Let Go,⚪ Let Go
16110.0,45,3,1320.95,3,4,4,344,0,At Risk,310.1138482222073,2011-10-25 14:35:00,0,0.5476344,retain,🔴 Retain Immediately,🔴 Retain Immediately
16112.0,143,4,195.73999999999998,2,4,1,241,0,At Risk,36.43938708976545,2011-07-19 14:28:00,1,0.3557255,monitor,🔵 Monitor,🔵 Monitor
16113.0,183,1,161.38,1,2,1,121,1,Hibernating,0.0,2011-06-09 16:16:00,1,0.7986125,let_go,⚪ Let Go,⚪ Let Go
16114.0,171,1,135.75000000000003,2,2,1,221,1,Hibernating,0.0,2011-06-22 10:13:00,1,0.79418945,let_go,⚪ Let Go,⚪ Let Go
16115.0,10,8,1660.8799999999999,5,5,4,554,0,At Risk,449.22461588688657,2011-11-30 11:32:00,0,0.058746703,nurture,🟢 Nurture,🟢 Nurture
16116.0,212,1,612.78,1,2,3,123,1,Hibernating,0.0,2011-05-12 12:01:00,1,0.62328583,let_go,⚪ Let Go,⚪ Let Go
16117.0,190,1,232.21,1,2,1,121,1,Hibernating,0.0,2011-06-03 11:42:00,1,0.7233779,let_go,⚪ Let Go,⚪ Let Go
16119.0,8,2,423.36,5,3,2,532,0,At Risk,167.52563533119292,2011-12-01 15:11:00,0,0.14058433,nurture,🟢 Nurture,🟢 Nurture
16120.0,59,4,1309.14,3,4,4,344,0,At Risk,0.0,2011-10-11 14:22:00,0,0.45755398,monitor,🔵 Monitor,🔵 Monitor
16121.0,57,2,854.66,3,3,3,333,0,At Risk,344.7358340836631,2011-10-13 12:59:00,0,0.087921835,nurture,🟢 Nurture,🟢 Nurture
16122.0,73,4,684.4200000000001,2,4,3,243,0,At Risk,154.86743498528546,2011-09-27 15:34:00,0,0.2680767,monitor,🔵 Monitor,🔵 Monitor
16123.0,52,1,307.78,3,2,2,322,0,At Risk,0.0,2011-10-19 09:18:00,0,0.74204737,let_go,⚪ Let Go,⚪ Let Go
16124.0,317,1,249.0,1,2,2,122,1,Hibernating,0.0,2011-01-26 14:45:00,1,0.7233779,let_go,⚪ Let Go,⚪ Let Go
16125.0,367,1,289.35,1,2,2,122,1,Hibernating,0.0,2010-12-07 15:48:00,1,0.6907499,let_go,⚪ Let Go,⚪ Let Go
16126.0,29,4,6287.77,4,4,5,445,0,At Risk,1741.9044406482458,2011-11-10 16:03:00,0,0.01641855,nurture,🟢 Nurture,🟢 Nurture
16127.0,39,1,656.25,3,2,3,323,0,At Risk,0.0,2011-10-31 13:58:00,0,0.62328583,let_go,⚪ Let Go,⚪ Let Go
16128.0,18,5,1880.22,4,4,4,444,0,At Risk,481.79160147728237,2011-11-22 11:14:00,0,0.06995162,nurture,🟢 Nurture,🟢 Nurture
16131.0,52,6,3506.54,3,5,5,355,0,At Risk,957.6198609678765,2011-10-19 11:53:00,0,0.13222294,nurture,🟢 Nurture,🟢 Nurture
16133.0,4,33,14589.04,5,5,5,555,3,Loyal Customers,3663.7350333060053,2011-12-06 11:24:00,0,0.010384795,nurture,🟢 Nurture,🟢 Nurture
16134.0,22,2,618.09,4,3,3,433,0,At Risk,128.80886773022567,2011-11-18 10:05:00,0,0.68840057,let_go,⚪ Let Go,⚪ Let Go
16135.0,263,1,517.55,1,2,3,123,1,Hibernating,0.0,2011-03-22 12:30:00,1,0.6685883,let_go,⚪ Let Go,⚪ Let Go
16136.0,60,3,709.38,3,4,3,343,0,At Risk,207.01252371515437,2011-10-11 09:10:00,0,0.33146745,nurture,🟢 Nurture,🟢 Nurture
16139.0,19,3,635.41,4,4,3,443,0,At Risk,242.17760033882004,2011-11-21 08:37:00,0,0.25640243,nurture,🟢 Nurture,🟢 Nurture
16140.0,66,2,725.18,3,3,3,333,0,At Risk,223.44907914844757,2011-10-05 12:15:00,0,0.6188164,retain,🔴 Retain Immediately,🔴 Retain Immediately
16141.0,88,1,620.4,2,2,3,223,0,At Risk,0.0,2011-09-12 13:11:00,0,0.62328583,let_go,⚪ Let Go,⚪ Let Go
16142.0,250,1,535.34,1,2,3,123,1,Hibernating,0.0,2011-04-04 10:16:00,1,0.6685883,let_go,⚪ Let Go,⚪ Let Go
16143.0,3,6,2424.94,5,5,5,555,0,At Risk,509.0667773690394,2011-12-06 14:13:00,0,0.19298346,nurture,🟢 Nurture,🟢 Nurture
16144.0,247,1,175.2,1,2,1,121,1,Hibernating,0.0,2011-04-07 10:09:00,1,0.7252728,let_go,⚪ Let Go,⚪ Let Go
16145.0,9,11,3799.4900000000002,5,5,5,555,0,At Risk,834.2379828915041,2011-12-01 10:33:00,0,0.02659502,nurture,🟢 Nurture,🟢 Nurture
16146.0,157,3,734.13,2,4,3,243,1,Hibernating,154.0124127442335,2011-07-05 14:20:00,1,0.4256183,monitor,🔵 Monitor,🔵 Monitor
16147.0,134,1,375.0,2,2,2,222,0,At Risk,0.0,2011-07-29 09:57:00,1,0.6658681,let_go,⚪ Let Go,⚪ Let Go
16148.0,296,1,76.32000000000001,1,2,1,121,1,Hibernating,0.0,2011-02-16 14:01:00,1,0.76284915,let_go,⚪ Let Go,⚪ Let Go
16149.0,5,2,280.52,5,3,2,532,0,At Risk,102.9108729975722,2011-12-05 11:29:00,0,0.3124324,monitor,🔵 Monitor,🔵 Monitor
16150.0,43,5,2053.02,3,4,5,345,0,At Risk,416.638460624955,2011-10-28 12:39:00,0,0.15178652,nurture,🟢 Nurture,🟢 Nurture
16152.0,269,1,1829.04,1,2,4,124,1,Hibernating,0.0,2011-03-16 09:47:00,1,0.77879804,let_go,⚪ Let Go,⚪ Let Go
16153.0,50,5,1824.23,3,4,4,344,0,At Risk,422.82686517395814,2011-10-21 10:50:00,0,0.12661107,nurture,🟢 Nurture,🟢 Nurture
16156.0,9,9,3092.04,5,5,5,555,0,At Risk,771.1783312339711,2011-12-01 12:42:00,0,0.21381532,nurture,🟢 Nurture,🟢 Nurture
16157.0,16,3,656.69,4,4,3,443,0,At Risk,544.2530327931518,2011-11-24 11:41:00,0,0.007436245,nurture,🟢 Nurture,🟢 Nurture
16159.0,282,1,348.2,1,2,2,122,1,Hibernating,0.0,2011-03-03 12:27:00,1,0.70767343,let_go,⚪ Let Go,⚪ Let Go
16160.0,65,2,1025.44,3,3,4,334,0,At Risk,287.9871968623806,2011-10-05 14:19:00,0,0.705411,retain,🔴 Retain Immediately,🔴 Retain Immediately
16161.0,2,19,5533.67,5,5,5,555,3,Loyal Customers,1221.0289253159751,2011-12-08 12:10:00,0,0.14074016,nurture,🟢 Nurture,🟢 Nurture
16162.0,252,1,37.4,1,2,1,121,1,Hibernating,0.0,2011-04-01 15:03:00,1,0.78097343,let_go,⚪ Let Go,⚪ Let Go
16163.0,232,2,856.6,1,3,3,133,1,Hibernating,157.03795921240865,2011-04-21 15:15:00,1,0.7636388,retain,🔴 Retain Immediately,🔴 Retain Immediately
16164.0,17,3,822.48,4,4,3,443,0,At Risk,900.5790848008467,2011-11-22 15:04:00,0,0.0040973346,nurture,🟢 Nurture,🟢 Nurture
16168.0,11,27,3787.6,5,5,5,555,3,Loyal Customers,790.6779377848095,2011-11-29 12:45:00,0,0.029778678,nurture,🟢 Nurture,🟢 Nurture
16169.0,8,4,1822.97,5,4,4,544,0,At Risk,1220.2866579414438,2011-12-01 15:28:00,0,0.033270735,nurture,🟢 Nurture,🟢 Nurture
16170.0,51,6,1885.05,3,5,4,354,0,At Risk,552.7523268248444,2011-10-20 08:21:00,0,0.08031243,nurture,🟢 Nurture,🟢 Nurture
16171.0,59,1,73.2,3,2,1,321,0,At Risk,0.0,2011-10-11 14:51:00,0,0.76284915,let_go,⚪ Let Go,⚪ Let Go
16172.0,95,5,1140.21,2,4,4,244,0,At Risk,365.89728569478433,2011-09-05 13:22:00,1,0.10270287,nurture,🟢 Nurture,🟢 Nurture
16173.0,16,6,1418.32,4,5,4,454,0,At Risk,749.3918506188024,2011-11-24 10:53:00,0,0.01630114,nurture,🟢 Nurture,🟢 Nurture
16174.0,126,3,1009.5500000000001,2,4,4,244,0,At Risk,435.59367465062707,2011-08-05 13:26:00,1,0.34962916,nurture,🟢 Nurture,🟢 Nurture
16175.0,94,4,1037.59,2,4,4,244,0,At Risk,298.7677219230121,2011-09-06 14:32:00,1,0.2517802,nurture,🟢 Nurture,🟢 Nurture
16177.0,50,1,331.95,3,2,2,322,0,At Risk,0.0,2011-10-20 12:57:00,0,0.70767343,let_go,⚪ Let Go,⚪ Let Go
16178.0,138,1,197.9,2,2,1,221,0,At Risk,0.0,2011-07-24 16:05:00,1,0.7252728,let_go,⚪ Let Go,⚪ Let Go
16179.0,61,1,215.83,3,2,1,321,0,At Risk,0.0,2011-10-10 09:41:00,0,0.7233779,let_go,⚪ Let Go,⚪ Let Go
16180.0,100,8,10254.18,2,5,5,255,0,At Risk,3349.4082427915423,2011-08-31 16:28:00,1,0.16699947,nurture,🟢 Nurture,🟢 Nurture
16181.0,73,1,305.54,2,2,2,222,0,At Risk,0.0,2011-09-27 13:38:00,0,0.74204737,let_go,⚪ Let Go,⚪ Let Go
16182.0,72,4,6617.65,3,4,5,345,0,At Risk,1881.1640022732809,2011-09-28 13:23:00,0,0.01641855,nurture,🟢 Nurture,🟢 Nurture
16183.0,67,1,338.71000000000004,3,2,2,322,0,At Risk,0.0,2011-10-03 14:59:00,0,0.70767343,let_go,⚪ Let Go,⚪ Let Go
16184.0,64,6,1158.79,3,5,4,354,0,At Risk,410.60261186975345,2011-10-06 17:43:00,0,0.09564115,nurture,🟢 Nurture,🟢 Nurture
16185.0,17,2,529.41,4,3,3,433,0,At Risk,111.63252344719481,2011-11-23 09:41:00,0,0.68146867,let_go,⚪ Let Go,⚪ Let Go
16186.0,23,12,4006.94,4,5,5,455,0,At Risk,859.4617401263677,2011-11-17 12:43:00,0,0.02659502,nurture,🟢 Nurture,🟢 Nurture
16187.0,32,15,6911.4400000000005,4,5,5,455,3,Loyal Customers,1839.1711414771312,2011-11-08 09:50:00,0,0.005754514,nurture,🟢 Nurture,🟢 Nurture
16188.0,45,4,981.86,3,4,4,344,0,At Risk,321.8667994861208,2011-10-26 12:19:00,0,0.16145903,nurture,🟢 Nurture,🟢 Nurture
16189.0,16,2,215.48,4,3,1,431,0,At Risk,94.65371797666467,2011-11-24 11:47:00,0,0.3124324,monitor,🔵 Monitor,🔵 Monitor
16190.0,40,1,215.08,3,2,1,321,0,At Risk,0.0,2011-10-30 15:59:00,0,0.7233779,let_go,⚪ Let Go,⚪ Let Go
16191.0,3,13,5180.52,5,5,5,555,0,At Risk,1089.9208310343392,2011-12-07 11:26:00,0,0.030138949,nurture,🟢 Nurture,🟢 Nurture
16193.0,237,1,314.45,1,2,2,122,1,Hibernating,0.0,2011-04-17 11:45:00,1,0.74204737,let_go,⚪ Let Go,⚪ Let Go
16198.0,75,1,400.68,2,2,2,222,0,At Risk,0.0,2011-09-25 14:58:00,0,0.6658681,let_go,⚪ Let Go,⚪ Let Go
16200.0,4,2,1068.8700000000001,5,3,4,534,0,At Risk,395.8963552530887,2011-12-05 14:40:00,0,0.40000123,nurture,🟢 Nurture,🟢 Nurture
16201.0,3,4,1863.47,5,4,4,544,0,At Risk,1169.9941652821253,2011-12-06 16:02:00,0,0.03561544,nurture,🟢 Nurture,🟢 Nurture
16202.0,361,1,365.27,1,2,2,122,1,Hibernating,0.0,2010-12-14 10:43:00,1,0.6658681,let_go,⚪ Let Go,⚪ Let Go
16203.0,59,4,592.9,3,4,3,343,0,At Risk,111.57022484700434,2011-10-12 12:31:00,0,0.5933471,let_go,⚪ Let Go,⚪ Let Go
16204.0,23,1,384.18,4,2,2,422,0,At Risk,0.0,2011-11-16 13:40:00,0,0.6658681,let_go,⚪ Let Go,⚪ Let Go
16205.0,31,4,751.03,4,4,3,443,0,At Risk,325.04366810718125,2011-11-09 09:32:00,0,0.04834278,nurture,🟢 Nurture,🟢 Nurture
16206.0,55,4,537.0600000000001,3,4,3,343,0,At Risk,111.84092889952204,2011-10-16 10:41:00,0,0.53901434,let_go,⚪ Let Go,⚪ Let Go
16207.0,25,1,394.38,4,2,2,422,0,At Risk,0.0,2011-11-14 13:51:00,0,0.6658681,let_go,⚪ Let Go,⚪ Let Go
16208.0,45,2,664.26,3,3,3,333,0,At Risk,78.98665548658107,2011-10-26 11:36:00,0,0.7128509,let_go,⚪ Let Go,⚪ Let Go
16209.0,89,5,2262.62,2,4,5,245,0,At Risk,713.0934161636906,2011-09-12 11:58:00,0,0.05200151,nurture,🟢 Nurture,🟢 Nurture
16210.0,2,17,21076.3,5,5,5,555,3,Loyal Customers,4202.027162847262,2011-12-08 12:36:00,0,0.010384795,nurture,🟢 Nurture,🟢 Nurture
16211.0,89,1,547.02,2,2,3,223,0,At Risk,0.0,2011-09-12 12:11:00,0,0.6685883,let_go,⚪ Let Go,⚪ Let Go
16212.0,19,2,690.34,4,3,3,433,0,At Risk,92.54715620206059,2011-11-20 13:00:00,0,0.6925687,let_go,⚪ Let Go,⚪ Let Go
16213.0,79,1,159.0,2,2,1,221,0,At Risk,0.0,2011-09-22 10:03:00,0,0.7986125,let_go,⚪ Let Go,⚪ Let Go
16214.0,171,3,1062.75,2,4,4,244,1,Hibernating,200.87472717724984,2011-06-22 11:30:00,1,0.56845677,retain,🔴 Retain Immediately,🔴 Retain Immediately
16215.0,81,1,242.35,2,2,1,221,0,At Risk,0.0,2011-09-20 10:18:00,0,0.7233779,let_go,⚪ Let Go,⚪ Let Go
16216.0,267,1,914.9300000000001,1,2,3,123,1,Hibernating,0.0,2011-03-17 15:34:00,1,0.6219095,let_go,⚪ Let Go,⚪ Let Go
16217.0,235,2,304.25,1,3,2,132,1,Hibernating,59.21305151420539,2011-04-18 13:31:00,1,0.75303024,let_go,⚪ Let Go,⚪ Let Go
16218.0,30,7,3084.68,4,5,5,455,0,At Risk,636.3755566048408,2011-11-10 09:59:00,0,0.16404577,nurture,🟢 Nurture,🟢 Nurture
16221.0,37,3,860.86,3,4,3,343,0,At Risk,202.11647451470756,2011-11-03 11:43:00,0,0.4770934,nurture,🟢 Nurture,🟢 Nurture
16222.0,318,1,773.5500000000001,1,2,3,123,1,Hibernating,0.0,2011-01-25 13:38:00,1,0.5714547,let_go,⚪ Let Go,⚪ Let Go
16224.0,57,4,1295.3,3,4,4,344,0,At Risk,425.8908400522741,2011-10-13 17:51:00,0,0.13794294,nurture,🟢 Nurture,🟢 Nurture
16225.0,45,5,1096.32,3,4,4,344,0,At Risk,233.96095486809864,2011-10-26 08:30:00,0,0.18754783,nurture,🟢 Nurture,🟢 Nurture
16226.0,203,3,255.12,1,4,2,142,1,Hibernating,55.35300161213478,2011-05-20 14:41:00,1,0.809081,let_go,⚪ Let Go,⚪ Let Go
16227.0,225,1,314.22,1,2,2,122,1,Hibernating,0.0,2011-04-28 13:33:00,1,0.74204737,let_go,⚪ Let Go,⚪ Let Go
16229.0,87,2,1010.6,2,3,4,234,0,At Risk,399.9800563402196,2011-09-13 17:16:00,0,0.50529873,retain,🔴 Retain Immediately,🔴 Retain Immediately
16230.0,190,2,542.03,1,3,3,133,1,Hibernating,159.25774184201686,2011-06-03 10:06:00,1,0.62325984,retain,🔴 Retain Immediately,🔴 Retain Immediately
16232.0,44,4,990.88,3,4,4,344,0,At Risk,293.5821181032811,2011-10-27 12:16:00,0,0.2517802,nurture,🟢 Nurture,🟢 Nurture
16233.0,71,3,536.6800000000001,3,4,3,343,0,At Risk,114.10337967400727,2011-09-29 17:27:00,0,0.5657699,let_go,⚪ Let Go,⚪ Let Go
16235.0,41,4,857.31,3,4,3,343,0,At Risk,218.71286000672,2011-10-30 10:56:00,0,0.19590773,nurture,🟢 Nurture,🟢 Nurture
16236.0,78,1,432.2,2,2,2,222,0,At Risk,0.0,2011-09-22 14:10:00,0,0.64429915,let_go,⚪ Let Go,⚪ Let Go
16239.0,57,2,414.2,3,3,2,332,0,At Risk,47.07963033675634,2011-10-14 08:29:00,0,0.7836788,let_go,⚪ Let Go,⚪ Let Go
16240.0,24,2,3718.8,4,3,5,435,0,At Risk,2581.3112677022714,2011-11-15 14:30:00,0,0.017662805,nurture,🟢 Nurture,🟢 Nurture
16241.0,10,13,2590.31,5,5,5,555,0,At Risk,535.5769925267821,2011-11-30 11:08:00,0,0.03495008,nurture,🟢 Nurture,🟢 Nurture
16242.0,8,7,3579.86,5,5,5,555,0,At Risk,1054.744593936888,2011-12-01 15:12:00,0,0.10002332,nurture,🟢 Nurture,🟢 Nurture
16243.0,34,2,409.1,3,3,2,332,0,At Risk,340.49210160597863,2011-11-06 12:32:00,0,0.030706525,nurture,🟢 Nurture,🟢 Nurture
16244.0,212,2,1522.75,1,3,4,134,1,Hibernating,173.16455077765812,2011-05-12 10:18:00,1,0.8945035,retain,🔴 Retain Immediately,🔴 Retain Immediately
16245.0,24,3,1413.66,4,4,4,444,0,At Risk,386.3390637335049,2011-11-16 10:14:00,0,0.2715405,nurture,🟢 Nurture,🟢 Nurture
16247.0,170,1,114.56,2,2,1,221,1,Hibernating,0.0,2011-06-22 14:23:00,1,0.7762069,let_go,⚪ Let Go,⚪ Let Go
16248.0,62,1,152.94,3,2,1,321,0,At Risk,0.0,2011-10-09 11:32:00,0,0.7986125,let_go,⚪ Let Go,⚪ Let Go
16249.0,53,5,1800.07,3,4,4,344,0,At Risk,368.99393201315195,2011-10-18 10:07:00,0,0.11678793,nurture,🟢 Nurture,🟢 Nurture
16250.0,261,2,389.44,1,3,2,132,1,Hibernating,61.39154648611094,2011-03-23 15:07:00,1,0.739772,let_go,⚪ Let Go,⚪ Let Go
16253.0,67,2,3683.86,3,3,5,335,0,At Risk,1030.3862833612056,2011-10-04 09:09:00,0,0.15839896,nurture,🟢 Nurture,🟢 Nurture
16255.0,17,8,2619.91,4,5,5,455,0,At Risk,540.7023162270182,2011-11-23 12:40:00,0,0.062034503,nurture,🟢 Nurture,🟢 Nurture
16256.0,267,1,752.4300000000001,1,2,3,123,1,Hibernating,0.0,2011-03-18 12:18:00,1,0.5714547,let_go,⚪ Let Go,⚪ Let Go
16257.0,177,1,21.95,2,2,1,221,1,Hibernating,0.0,2011-06-16 10:11:00,1,0.7589238,let_go,⚪ Let Go,⚪ Let Go
16258.0,45,5,5203.51,3,4,5,345,0,At Risk,1681.5298884284134,2011-10-25 13:30:00,0,0.013842497,nurture,🟢 Nurture,🟢 Nurture
16260.0,51,1,1035.45,3,2,4,324,0,At Risk,0.0,2011-10-20 09:40:00,0,0.5980806,let_go,⚪ Let Go,⚪ Let Go
16261.0,17,4,728.54,4,4,3,443,0,At Risk,182.49498525877692,2011-11-22 17:23:00,0,0.14523792,nurture,🟢 Nurture,🟢 Nurture
16265.0,9,9,5347.0,5,5,5,555,0,At Risk,1086.8319313342633,2011-11-30 16:41:00,0,0.08103665,nurture,🟢 Nurture,🟢 Nurture
16266.0,74,7,861.89,2,5,3,253,0,At Risk,250.9951553357711,2011-09-27 12:08:00,0,0.03645035,nurture,🟢 Nurture,🟢 Nurture
16268.0,71,2,617.65,3,3,3,333,0,At Risk,0.0,2011-09-29 18:30:00,0,0.62328583,let_go,⚪ Let Go,⚪ Let Go
16270.0,353,1,1141.24,1,2,4,124,1,Hibernating,0.0,2010-12-21 14:26:00,1,0.75642365,let_go,⚪ Let Go,⚪ Let Go
16271.0,16,4,1389.64,4,4,4,444,0,At Risk,341.9555500094052,2011-11-24 12:12:00,0,0.15134558,nurture,🟢 Nurture,🟢 Nurture
16272.0,117,1,411.7,2,2,2,222,0,At Risk,0.0,2011-08-15 10:54:00,1,0.6658681,let_go,⚪ Let Go,⚪ Let Go
16274.0,373,1,331.55,1,2,2,122,1,Hibernating,0.0,2010-12-01 15:35:00,1,0.7176327,let_go,⚪ Let Go,⚪ Let Go
16275.0,197,1,559.87,1,2,3,123,1,Hibernating,0.0,2011-05-27 12:41:00,1,0.69083667,let_go,⚪ Let Go,⚪ Let Go
16276.0,177,1,810.6000000000001,2,2,3,223,1,Hibernating,0.0,2011-06-16 09:34:00,1,0.64717555,let_go,⚪ Let Go,⚪ Let Go
16278.0,100,1,566.38,2,2,3,223,0,At Risk,0.0,2011-08-31 17:12:00,1,0.69083667,let_go,⚪ Let Go,⚪ Let Go
16279.0,21,3,1502.78,4,4,4,444,0,At Risk,636.5593701971743,2011-11-18 15:00:00,0,0.08633764,nurture,🟢 Nurture,🟢 Nurture
16281.0,72,1,2062.06,3,2,5,325,0,At Risk,0.0,2011-09-28 14:57:00,0,0.65210885,let_go,⚪ Let Go,⚪ Let Go
16282.0,340,1,168.3,1,2,1,121,1,Hibernating,0.0,2011-01-04 11:42:00,1,0.7252728,let_go,⚪ Let Go,⚪ Let Go
16283.0,6,5,1569.11,5,4,4,544,0,At Risk,545.4385247491344,2011-12-04 12:08:00,0,0.060094215,nurture,🟢 Nurture,🟢 Nurture
16284.0,31,2,812.68,4,3,3,433,0,At Risk,768.9217326266611,2011-11-08 16:12:00,0,0.01113615,nurture,🟢 Nurture,🟢 Nurture
16287.0,170,1,142.5,2,2,1,221,1,Hibernating,0.0,2011-06-23 09:08:00,1,0.8024771,let_go,⚪ Let Go,⚪ Let Go
16292.0,122,1,302.25,2,2,2,222,0,At Risk,0.0,2011-08-10 12:24:00,1,0.74204737,let_go,⚪ Let Go,⚪ Let Go
16293.0,22,10,2248.9900000000002,4,5,5,455,0,At Risk,462.5101473491717,2011-11-18 09:58:00,0,0.051189583,nurture,🟢 Nurture,🟢 Nurture
16295.0,10,4,1328.55,5,4,4,544,0,At Risk,1070.8504656567293,2011-11-30 08:17:00,0,0.01335298,nurture,🟢 Nurture,🟢 Nurture
16297.0,269,1,301.9,1,2,2,122,1,Hibernating,0.0,2011-03-16 08:29:00,1,0.74204737,let_go,⚪ Let Go,⚪ Let Go
16298.0,23,3,598.2,4,4,3,443,0,At Risk,258.12956650946296,2011-11-17 11:59:00,0,0.23937905,nurture,🟢 Nurture,🟢 Nurture
16302.0,127,1,233.22,2,2,1,221,0,At Risk,0.0,2011-08-05 09:44:00,1,0.7233779,let_go,⚪ Let Go,⚪ Let Go
16303.0,26,3,5360.63,4,4,5,445,0,At Risk,1436.3990831766878,2011-11-14 10:49:00,0,0.0740883,nurture,🟢 Nurture,🟢 Nurture
16305.0,139,1,361.21999999999997,2,2,2,222,0,At Risk,0.0,2011-07-24 12:18:00,1,0.6658681,let_go,⚪ Let Go,⚪ Let Go
16306.0,214,6,632.27,1,5,3,153,1,Hibernating,140.15039646489862,2011-05-10 12:12:00,1,0.4679693,monitor,🔵 Monitor,🔵 Monitor
16308.0,38,4,2560.0,3,4,5,345,0,At Risk,809.9986168931702,2011-11-02 11:24:00,0,0.11525118,nurture,🟢 Nurture,🟢 Nurture
16309.0,106,2,706.57,2,3,3,233,0,At Risk,205.7116764688252,2011-08-25 15:35:00,1,0.60291153,retain,🔴 Retain Immediately,🔴 Retain Immediately
16311.0,18,2,616.26,4,3,3,433,0,At Risk,398.8983124789217,2011-11-22 08:54:00,0,0.054244958,nurture,🟢 Nurture,🟢 Nurture
16313.0,3,2,274.15000000000003,5,3,2,532,0,At Risk,201.28693797077784,2011-12-06 13:02:00,0,0.07760863,nurture,🟢 Nurture,🟢 Nurture
16315.0,331,1,226.37,1,2,1,121,1,Hibernating,0.0,2011-01-13 11:57:00,1,0.7233779,let_go,⚪ Let Go,⚪ Let Go
16316.0,64,8,2938.91,3,5,5,355,0,At Risk,653.1266028809232,2011-10-06 13:48:00,0,0.07799339,nurture,🟢 Nurture,🟢 Nurture
16317.0,120,3,1341.65,2,4,4,244,0,At Risk,271.9932493500976,2011-08-12 12:46:00,1,0.57651055,retain,🔴 Retain Immediately,🔴 Retain Immediately
16318.0,35,1,328.15,3,2,2,322,0,At Risk,0.0,2011-11-04 13:05:00,0,0.7176327,let_go,⚪ Let Go,⚪ Let Go
16319.0,218,1,404.40000000000003,1,2,2,122,1,Hibernating,0.0,2011-05-06 11:27:00,1,0.6658681,let_go,⚪ Let Go,⚪ Let Go
16320.0,172,2,1038.46,2,3,4,234,1,Hibernating,115.02664232022681,2011-06-20 15:25:00,1,0.7833132,let_go,⚪ Let Go,⚪ Let Go
16321.0,72,5,373.65000000000003,3,4,2,342,0,At Risk,94.24970265008545,2011-09-28 14:55:00,0,0.3248378,monitor,🔵 Monitor,🔵 Monitor
16322.0,1,2,326.75,5,3,2,532,0,At Risk,254.913397338911,2011-12-08 15:41:00,0,0.11166411,nurture,🟢 Nurture,🟢 Nurture
16323.0,196,1,207.50000000000003,1,2,1,121,1,Hibernating,0.0,2011-05-27 14:48:00,1,0.7252728,let_go,⚪ Let Go,⚪ Let Go
16324.0,128,3,408.59000000000003,2,4,2,242,0,At Risk,182.7579045352784,2011-08-03 12:58:00,1,0.10397581,nurture,🟢 Nurture,🟢 Nurture
16325.0,47,3,594.24,3,4,3,343,0,At Risk,169.72417511838768,2011-10-24 08:48:00,0,0.27116883,nurture,🟢 Nurture,🟢 Nurture
16326.0,6,14,3039.2200000000003,5,5,5,555,0,At Risk,700.448026728974,2011-12-04 10:11:00,0,0.027761748,nurture,🟢 Nurture,🟢 Nurture
16327.0,14,6,3789.67,5,5,5,555,0,At Risk,807.5735900752746,2011-11-25 13:23:00,0,0.11172544,nurture,🟢 Nurture,🟢 Nurture
16330.0,18,3,251.91,4,4,2,442,0,At Risk,213.04431469706566,2011-11-22 12:24:00,0,0.10771141,nurture,🟢 Nurture,🟢 Nurture
16332.0,28,7,1582.8,4,5,4,454,0,At Risk,419.9841837700599,2011-11-11 14:22:00,0,0.043458324,nurture,🟢 Nurture,🟢 Nurture
16333.0,8,22,26626.8,5,5,5,555,3,Loyal Customers,6940.379011197024,2011-12-02 12:19:00,0,0.010384795,nurture,🟢 Nurture,🟢 Nurture
16337.0,37,1,151.05,3,2,1,321,0,At Risk,0.0,2011-11-03 10:03:00,0,0.7604684,let_go,⚪ Let Go,⚪ Let Go
16338.0,157,1,214.79999999999998,2,2,1,221,1,Hibernating,0.0,2011-07-05 13:56:00,1,0.7233779,let_go,⚪ Let Go,⚪ Let Go
16339.0,284,1,94.05,1,2,1,121,1,Hibernating,0.0,2011-02-28 13:41:00,1,0.7490496,let_go,⚪ Let Go,⚪ Let Go
16340.0,107,1,534.31,2,2,3,223,0,At Risk,0.0,2011-08-24 14:53:00,1,0.6685883,let_go,⚪ Let Go,⚪ Let Go
16341.0,25,4,1971.87,4,4,4,444,0,At Risk,583.5713143161777,2011-11-15 09:12:00,0,0.10843741,nurture,🟢 Nurture,🟢 Nurture
16342.0,75,4,322.41,2,4,2,242,0,At Risk,94.72794431801546,2011-09-25 14:36:00,0,0.3129934,monitor,🔵 Monitor,🔵 Monitor
16343.0,16,2,328.58,4,3,2,432,0,At Risk,0.0,2011-11-23 17:45:00,0,0.7176327,let_go,⚪ Let Go,⚪ Let Go
16344.0,158,1,101.10000000000001,2,2,1,221,1,Hibernating,0.0,2011-07-04 15:50:00,1,0.8111666,let_go,⚪ Let Go,⚪ Let Go
16345.0,44,1,565.46,3,2,3,323,0,At Risk,0.0,2011-10-26 16:03:00,0,0.69083667,let_go,⚪ Let Go,⚪ Let Go
16347.0,11,2,847.45,5,3,3,533,0,At Risk,900.1477517470205,2011-11-28 13:14:00,0,0.0058871657,nurture,🟢 Nurture,🟢 Nurture
16348.0,32,7,1413.31,4,5,4,454,0,At Risk,357.39010680013365,2011-11-07 15:44:00,0,0.031100176,nurture,🟢 Nurture,🟢 Nurture
16349.0,291,1,53.5,1,2,1,121,1,Hibernating,0.0,2011-02-22 12:40:00,1,0.7398539,let_go,⚪ Let Go,⚪ Let Go
16350.0,21,4,1116.47,4,4,4,444,0,At Risk,215.54304366787153,2011-11-18 15:53:00,0,0.3397734,nurture,🟢 Nurture,🟢 Nurture
16351.0,333,1,153.9,1,2,1,121,1,Hibernating,0.0,2011-01-11 10:26:00,1,0.7986125,let_go,⚪ Let Go,⚪ Let Go
16352.0,18,2,494.44,4,3,3,433,0,At Risk,627.8169537302745,2011-11-22 10:32:00,0,0.009673377,nurture,🟢 Nurture,🟢 Nurture
16353.0,4,23,6675.71,5,5,5,555,3,Loyal Customers,1465.4326799251965,2011-12-06 12:23:00,0,0.022378448,nurture,🟢 Nurture,🟢 Nurture
16354.0,63,2,395.8,3,3,2,332,0,At Risk,47.09898370948071,2011-10-07 14:28:00,0,0.83262956,let_go,⚪ Let Go,⚪ Let Go
16356.0,198,3,211.77,1,4,1,141,1,Hibernating,42.40579223732924,2011-05-26 11:51:00,1,0.3880832,monitor,🔵 Monitor,🔵 Monitor
16357.0,33,3,658.88,4,4,3,443,0,At Risk,247.232030067771,2011-11-06 16:04:00,0,0.25640243,nurture,🟢 Nurture,🟢 Nurture
16358.0,1,4,2027.5,5,4,4,544,0,At Risk,767.7535771323846,2011-12-08 15:09:00,0,0.06253322,nurture,🟢 Nurture,🟢 Nurture
16359.0,7,9,1750.92,5,5,4,554,0,At Risk,432.62037050022786,2011-12-02 17:04:00,0,0.054316286,nurture,🟢 Nurture,🟢 Nurture
16360.0,5,6,3450.41,5,5,5,555,0,At Risk,2656.190023474043,2011-12-05 12:16:00,0,0.011777193,nurture,🟢 Nurture,🟢 Nurture
16361.0,10,4,891.21,5,4,3,543,0,At Risk,572.676790539669,2011-11-30 12:32:00,0,0.0066757794,nurture,🟢 Nurture,🟢 Nurture
16362.0,32,5,709.99,4,4,3,443,0,At Risk,330.4707095994431,2011-11-07 13:01:00,0,0.07731078,nurture,🟢 Nurture,🟢 Nurture
16363.0,53,1,109.36000000000001,3,2,1,321,0,At Risk,0.0,2011-10-17 14:14:00,0,0.7762069,let_go,⚪ Let Go,⚪ Let Go
16364.0,12,2,705.79,5,3,3,533,0,At Risk,319.2783479922774,2011-11-28 11:27:00,0,0.37489364,nurture,🟢 Nurture,🟢 Nurture
16365.0,18,9,1540.42,4,5,4,454,0,At Risk,335.86409972222145,2011-11-22 11:24:00,0,0.039799377,nurture,🟢 Nurture,🟢 Nurture
16366.0,19,1,327.3,4,2,2,422,0,At Risk,0.0,2011-11-21 08:19:00,0,0.7176327,let_go,⚪ Let Go,⚪ Let Go
16367.0,37,2,800.67,3,3,3,333,0,At Risk,240.84313964574864,2011-11-02 13:13:00,0,0.5046046,retain,🔴 Retain Immediately,🔴 Retain Immediately
16368.0,2,2,479.91,5,3,2,532,0,At Risk,445.3289189458837,2011-12-07 13:12:00,0,0.051956568,nurture,🟢 Nurture,🟢 Nurture
16369.0,18,3,1543.33,4,4,4,444,0,At Risk,603.7542670842278,2011-11-21 16:25:00,0,0.093339756,nurture,🟢 Nurture,🟢 Nurture
16370.0,82,4,1301.91,2,4,4,244,0,At Risk,425.2017243896323,2011-09-18 15:55:00,0,0.12881994,nurture,🟢 Nurture,🟢 Nurture
16372.0,33,2,355.73,4,3,2,432,0,At Risk,0.0,2011-11-06 13:08:00,0,0.6658681,let_go,⚪ Let Go,⚪ Let Go
16374.0,66,2,458.78000000000003,3,3,2,332,0,At Risk,156.03629551412936,2011-10-04 15:21:00,0,0.31729448,monitor,🔵 Monitor,🔵 Monitor
16376.0,9,2,974.96,5,3,4,534,0,At Risk,349.7201297009125,2011-12-01 11:38:00,0,0.083141476,nurture,🟢 Nurture,🟢 Nurture
16377.0,267,1,676.2,1,2,3,123,1,Hibernating,0.0,2011-03-17 15:41:00,1,0.62328583,let_go,⚪ Let Go,⚪ Let Go
16378.0,247,3,362.95,1,4,2,142,1,Hibernating,75.13954320215225,2011-04-06 15:07:00,1,0.5635716,let_go,⚪ Let Go,⚪ Let Go
16379.0,4,4,2157.4,5,4,5,545,0,At Risk,1611.6338976682223,2011-12-05 15:38:00,0,0.017157191,nurture,🟢 Nurture,🟢 Nurture
16380.0,61,1,1743.1499999999999,3,2,4,324,0,At Risk,0.0,2011-10-09 15:40:00,0,0.7568346,let_go,⚪ Let Go,⚪ Let Go
16383.0,75,2,643.76,2,3,3,233,0,At Risk,167.66679117152137,2011-09-26 12:45:00,0,0.5809057,retain,🔴 Retain Immediately,🔴 Retain Immediately
16384.0,90,2,584.5,2,3,3,233,0,At Risk,90.33706583022924,2011-09-11 11:19:00,0,0.6977107,let_go,⚪ Let Go,⚪ Let Go
16385.0,60,3,554.86,3,4,3,343,0,At Risk,119.44060336786666,2011-10-10 13:12:00,0,0.5657699,let_go,⚪ Let Go,⚪ Let Go
16386.0,29,2,302.57,4,3,2,432,0,At Risk,127.9987907212957,2011-11-11 12:28:00,0,0.41915455,monitor,🔵 Monitor,🔵 Monitor
16387.0,323,1,94.36,1,2,1,121,1,Hibernating,0.0,2011-01-21 11:34:00,1,0.7490496,let_go,⚪ Let Go,⚪ Let Go
16389.0,53,4,1382.07,3,4,4,344,0,At Risk,425.2197414677761,2011-10-17 14:41:00,0,0.13992971,nurture,🟢 Nurture,🟢 Nurture
16392.0,270,1,217.89,1,2,1,121,1,Hibernating,0.0,2011-03-15 12:11:00,1,0.7233779,let_go,⚪ Let Go,⚪ Let Go
16393.0,2,13,3040.96,5,5,5,555,0,At Risk,658.4500291247821,2011-12-07 12:51:00,0,0.02810773,nurture,🟢 Nurture,🟢 Nurture
16394.0,57,5,1555.34,3,4,4,344,0,At Risk,392.84177752048464,2011-10-14 09:48:00,0,0.12554392,nurture,🟢 Nurture,🟢 Nurture
16395.0,61,5,1482.06,3,4,4,344,0,At Risk,331.09688007257887,2011-10-10 12:50:00,0,0.16354941,nurture,🟢 Nurture,🟢 Nurture
16398.0,154,2,1705.8,2,3,4,234,1,Hibernating,281.7129601942396,2011-07-08 15:16:00,1,0.9391539,retain,🔴 Retain Immediately,🔴 Retain Immediately
16399.0,19,2,406.21999999999997,4,3,2,432,0,At Risk,129.9974884151568,2011-11-20 16:12:00,0,0.5949339,let_go,⚪ Let Go,⚪ Let Go
16400.0,95,1,303.93,2,2,2,222,0,At Risk,0.0,2011-09-06 12:27:00,1,0.74204737,let_go,⚪ Let Go,⚪ Let Go
16401.0,1,12,4098.32,5,5,5,555,0,At Risk,933.2286394573193,2011-12-08 18:15:00,0,0.036167394,nurture,🟢 Nurture,🟢 Nurture
16402.0,265,2,293.45,1,3,2,132,1,Hibernating,33.965310847888766,2011-03-20 12:25:00,1,0.7415599,let_go,⚪ Let Go,⚪ Let Go
16403.0,312,1,177.5,1,2,1,121,1,Hibernating,0.0,2011-01-31 13:39:00,1,0.7252728,let_go,⚪ Let Go,⚪ Let Go
16404.0,70,1,443.05,3,2,2,322,0,At Risk,0.0,2011-09-30 14:55:00,0,0.64429915,let_go,⚪ Let Go,⚪ Let Go
16405.0,302,2,167.25,1,3,1,131,1,Hibernating,71.41652433503356,2011-02-10 15:24:00,1,0.72397006,let_go,⚪ Let Go,⚪ Let Go
16406.0,19,1,154.35,4,2,1,421,0,At Risk,0.0,2011-11-21 11:57:00,0,0.7986125,let_go,⚪ Let Go,⚪ Let Go
16407.0,13,10,2079.68,5,5,5,555,0,At Risk,499.8378028973528,2011-11-27 11:05:00,0,0.029211126,nurture,🟢 Nurture,🟢 Nurture
16409.0,36,5,2022.98,3,4,4,344,0,At Risk,508.79318384648707,2011-11-03 16:45:00,0,0.14112905,nurture,🟢 Nurture,🟢 Nurture
16411.0,19,2,211.7,4,3,1,431,0,At Risk,32.23849059375133,2011-11-20 13:23:00,0,0.6558574,let_go,⚪ Let Go,⚪ Let Go
16412.0,54,1,135.99,3,2,1,321,0,At Risk,0.0,2011-10-17 12:35:00,0,0.79418945,let_go,⚪ Let Go,⚪ Let Go
16413.0,57,1,262.2,3,2,2,322,0,At Risk,0.0,2011-10-14 12:08:00,0,0.7233779,let_go,⚪ Let Go,⚪ Let Go
16414.0,22,2,126.25,4,3,1,431,0,At Risk,37.742024867967906,2011-11-18 09:42:00,0,0.6850454,let_go,⚪ Let Go,⚪ Let Go
16415.0,44,1,200.27,3,2,1,321,0,At Risk,0.0,2011-10-26 13:35:00,0,0.7252728,let_go,⚪ Let Go,⚪ Let Go
16416.0,27,3,1051.4,4,4,4,444,0,At Risk,941.6795404690924,2011-11-13 12:50:00,0,0.020394273,nurture,🟢 Nurture,🟢 Nurture
16418.0,45,3,631.12,3,4,3,343,0,At Risk,218.79710700448726,2011-10-26 12:39:00,0,0.32482255,nurture,🟢 Nurture,🟢 Nurture
16419.0,113,6,958.71,2,5,4,254,0,At Risk,209.33562858120922,2011-08-19 12:33:00,1,0.35526055,nurture,🟢 Nurture,🟢 Nurture
16422.0,17,51,34684.4,4,5,5,455,3,Loyal Customers,7341.501767069434,2011-11-22 14:00:00,0,0.010384795,nurture,🟢 Nurture,🟢 Nurture
16423.0,25,1,346.12,4,2,2,422,0,At Risk,0.0,2011-11-15 09:21:00,0,0.70767343,let_go,⚪ Let Go,⚪ Let Go
16424.0,191,1,133.56,1,2,1,121,1,Hibernating,0.0,2011-06-01 13:40:00,1,0.79418945,let_go,⚪ Let Go,⚪ Let Go
16425.0,302,1,302.7,1,2,2,122,1,Hibernating,0.0,2011-02-10 14:30:00,1,0.74204737,let_go,⚪ Let Go,⚪ Let Go
16426.0,2,10,1863.76,5,5,4,554,0,At Risk,482.9442217548724,2011-12-07 14:01:00,0,0.027564587,nurture,🟢 Nurture,🟢 Nurture
16427.0,263,2,241.06,1,3,1,131,1,Hibernating,63.55420604284973,2011-03-21 17:10:00,1,0.7220697,let_go,⚪ Let Go,⚪ Let Go
16429.0,106,1,284.55,2,2,2,222,0,At Risk,0.0,2011-08-25 13:54:00,1,0.6907499,let_go,⚪ Let Go,⚪ Let Go
16430.0,57,1,300.85,3,2,2,322,0,At Risk,0.0,2011-10-13 14:47:00,0,0.74204737,let_go,⚪ Let Go,⚪ Let Go
16431.0,213,3,623.28,1,4,3,143,1,Hibernating,132.27542794789426,2011-05-10 14:09:00,1,0.5979983,let_go,⚪ Let Go,⚪ Let Go
16432.0,64,1,287.4,3,2,2,322,0,At Risk,0.0,2011-10-06 13:59:00,0,0.6907499,let_go,⚪ Let Go,⚪ Let Go
16433.0,28,1,184.26,4,2,1,421,0,At Risk,0.0,2011-11-11 14:09:00,0,0.7252728,let_go,⚪ Let Go,⚪ Let Go
16434.0,29,7,1511.8,4,5,4,454,0,At Risk,327.6488162353267,2011-11-10 14:28:00,0,0.04777743,nurture,🟢 Nurture,🟢 Nurture
16438.0,6,5,798.35,5,4,3,543,0,At Risk,528.3359996493667,2011-12-04 10:51:00,0,0.0064632115,nurture,🟢 Nurture,🟢 Nurture
16440.0,8,5,3640.67,5,4,5,545,0,At Risk,1385.6858980821746,2011-12-02 12:02:00,0,0.070529334,nurture,🟢 Nurture,🟢 Nurture
16441.0,67,2,381.2,3,3,2,332,0,At Risk,80.12538479975049,2011-10-03 17:48:00,0,0.66440064,let_go,⚪ Let Go,⚪ Let Go
16442.0,2,3,609.3,5,4,3,543,0,At Risk,137.35696669339944,2011-12-08 11:43:00,0,0.5979983,let_go,⚪ Let Go,⚪ Let Go
16444.0,46,4,654.67,3,4,3,343,0,At Risk,192.71007618860958,2011-10-24 13:50:00,0,0.16883752,nurture,🟢 Nurture,🟢 Nurture
16445.0,34,1,230.51,3,2,1,321,0,At Risk,0.0,2011-11-06 12:32:00,0,0.7233779,let_go,⚪ Let Go,⚪ Let Go
16446.0,1,2,168472.5,5,3,5,535,2,Champions,105738.09668088886,2011-12-09 09:15:00,0,0.2059704,nurture,🟢 Nurture,🟢 Nurture
16447.0,136,1,255.91,2,2,2,222,0,At Risk,0.0,2011-07-27 12:45:00,1,0.7233779,let_go,⚪ Let Go,⚪ Let Go
16448.0,198,1,182.99,1,2,1,121,1,Hibernating,0.0,2011-05-25 16:28:00,1,0.7252728,let_go,⚪ Let Go,⚪ Let Go
16449.0,198,2,707.69,1,3,3,133,1,Hibernating,140.57444805968203,2011-05-26 10:25:00,1,0.694829,let_go,⚪ Let Go,⚪ Let Go
16450.0,150,1,311.92,2,2,2,222,1,Hibernating,0.0,2011-07-13 11:47:00,1,0.74204737,let_go,⚪ Let Go,⚪ Let Go
16451.0,88,1,266.97,2,2,2,222,0,At Risk,0.0,2011-09-13 09:17:00,0,0.7233779,let_go,⚪ Let Go,⚪ Let Go
16454.0,64,1,5.9,3,2,1,321,0,At Risk,0.0,2011-10-06 16:57:00,0,0.7589238,let_go,⚪ Let Go,⚪ Let Go
16455.0,64,7,1841.18,3,5,4,354,0,At Risk,357.64693180031867,2011-10-07 12:17:00,0,0.05002969,nurture,🟢 Nurture,🟢 Nurture
16456.0,99,5,2158.18,2,4,5,245,0,At Risk,343.44183475525455,2011-09-01 13:50:00,1,0.30905536,nurture,🟢 Nurture,🟢 Nurture
16457.0,218,1,208.36,1,2,1,121,1,Hibernating,0.0,2011-05-05 13:19:00,1,0.7252728,let_go,⚪ Let Go,⚪ Let Go
16458.0,3,18,3482.7400000000002,5,5,5,555,3,Loyal Customers,764.8604059450645,2011-12-07 09:34:00,0,0.017322272,nurture,🟢 Nurture,🟢 Nurture
16460.0,28,3,811.23,4,4,3,443,0,At Risk,566.3622657686409,2011-11-11 13:46:00,0,0.008803903,nurture,🟢 Nurture,🟢 Nurture
16461.0,178,1,142.92,2,2,1,221,1,Hibernating,0.0,2011-06-15 12:07:00,1,0.8024771,let_go,⚪ Let Go,⚪ Let Go
16462.0,74,3,136.0,2,4,1,241,0,At Risk,38.75019397190685,2011-09-27 10:24:00,0,0.4546878,monitor,🔵 Monitor,🔵 Monitor
16463.0,21,4,1422.4,4,4,4,444,0,At Risk,495.76445790850147,2011-11-18 14:01:00,0,0.03405489,nurture,🟢 Nurture,🟢 Nurture
16464.0,20,3,1298.66,4,4,4,444,0,At Risk,611.1016066218056,2011-11-20 12:11:00,0,0.041461468,nurture,🟢 Nurture,🟢 Nurture
16466.0,34,7,1595.96,3,5,4,354,0,At Risk,444.65938218639155,2011-11-06 11:35:00,0,0.046861213,nurture,🟢 Nurture,🟢 Nurture
16468.0,74,1,74.9,2,2,1,221,0,At Risk,0.0,2011-09-26 14:13:00,0,0.76284915,let_go,⚪ Let Go,⚪ Let Go
16469.0,24,4,625.42,4,4,3,443,0,At Risk,149.88057360188412,2011-11-16 12:25:00,0,0.2680767,monitor,🔵 Monitor,🔵 Monitor
16470.0,52,4,752.77,3,4,3,343,0,At Risk,146.56783046392854,2011-10-19 12:11:00,0,0.3008809,monitor,🔵 Monitor,🔵 Monitor
16471.0,275,1,223.95000000000002,1,2,1,121,1,Hibernating,0.0,2011-03-10 09:41:00,1,0.7233779,let_go,⚪ Let Go,⚪ Let Go
16473.0,165,3,316.11,2,4,2,242,1,Hibernating,53.49584946784199,2011-06-28 09:10:00,1,0.83259594,let_go,⚪ Let Go,⚪ Let Go
16474.0,7,7,1810.49,5,5,4,554,0,At Risk,817.7615599780049,2011-12-02 13:02:00,0,0.017657759,nurture,🟢 Nurture,🟢 Nurture
16475.0,88,4,544.3,2,4,3,243,0,At Risk,82.53546070622222,2011-09-12 14:37:00,0,0.5590096,let_go,⚪ Let Go,⚪ Let Go
16477.0,64,7,2494.46,3,5,5,355,0,At Risk,545.2619112692266,2011-10-07 09:44:00,0,0.063643835,nurture,🟢 Nurture,🟢 Nurture
16478.0,25,3,331.0,4,4,2,442,0,At Risk,156.19371543354004,2011-11-14 15:51:00,0,0.20497607,monitor,🔵 Monitor,🔵 Monitor
16479.0,10,2,300.83,5,3,2,532,0,At Risk,0.0,2011-11-29 13:40:00,0,0.74204737,let_go,⚪ Let Go,⚪ Let Go
16480.0,76,1,769.29,2,2,3,223,0,At Risk,0.0,2011-09-25 11:40:00,0,0.5714547,let_go,⚪ Let Go,⚪ Let Go
16482.0,16,1,220.62,4,2,1,421,0,At Risk,0.0,2011-11-24 12:33:00,0,0.7233779,let_go,⚪ Let Go,⚪ Let Go
16483.0,192,1,139.35,1,2,1,121,1,Hibernating,0.0,2011-05-31 13:08:00,1,0.8024771,let_go,⚪ Let Go,⚪ Let Go
16484.0,174,2,404.3,2,3,2,232,1,Hibernating,81.90435949826636,2011-06-19 12:06:00,1,0.67891705,let_go,⚪ Let Go,⚪ Let Go
16485.0,77,1,363.65,2,2,2,222,0,At Risk,0.0,2011-09-23 15:50:00,0,0.6658681,let_go,⚪ Let Go,⚪ Let Go
16488.0,33,3,498.8,4,4,3,443,0,At Risk,181.60189082597088,2011-11-06 13:42:00,0,0.17536965,nurture,🟢 Nurture,🟢 Nurture
16491.0,47,1,731.5,3,2,3,323,0,At Risk,0.0,2011-10-24 10:18:00,0,0.6470802,let_go,⚪ Let Go,⚪ Let Go
16493.0,80,4,1351.63,2,4,4,244,0,At Risk,359.8226034080807,2011-09-21 11:10:00,0,0.14972013,nurture,🟢 Nurture,🟢 Nurture
16494.0,297,1,826.53,1,2,3,123,1,Hibernating,0.0,2011-02-16 12:49:00,1,0.64717555,let_go,⚪ Let Go,⚪ Let Go
16495.0,3,3,648.26,5,4,3,543,0,At Risk,195.91643132103445,2011-12-06 13:20:00,0,0.32482255,nurture,🟢 Nurture,🟢 Nurture
16496.0,9,3,1599.52,5,4,4,544,0,At Risk,287.6940274503454,2011-12-01 10:31:00,0,0.8147387,retain,🔴 Retain Immediately,🔴 Retain Immediately
16497.0,50,6,2965.69,3,5,5,355,0,At Risk,745.7147912265057,2011-10-21 10:55:00,0,0.27437156,nurture,🟢 Nurture,🟢 Nurture
16498.0,161,2,100.97,2,3,1,231,1,Hibernating,10.277325526154415,2011-07-01 15:07:00,1,0.821383,let_go,⚪ Let Go,⚪ Let Go
16499.0,360,2,365.45,1,3,2,132,1,Hibernating,56.78665956067142,2010-12-14 13:31:00,1,0.83262956,let_go,⚪ Let Go,⚪ Let Go
16500.0,5,6,400.86,5,5,2,552,0,At Risk,66.94768686714892,2011-12-05 12:04:00,0,0.52186656,let_go,⚪ Let Go,⚪ Let Go
16503.0,107,4,1431.93,2,4,4,244,0,At Risk,255.81927004352912,2011-08-25 11:46:00,1,0.30556205,nurture,🟢 Nurture,🟢 Nurture
16504.0,25,1,465.88,4,2,2,422,0,At Risk,0.0,2011-11-14 15:18:00,0,0.6685883,let_go,⚪ Let Go,⚪ Let Go
16505.0,32,1,777.6,4,2,3,423,0,At Risk,0.0,2011-11-08 12:14:00,0,0.5714547,let_go,⚪ Let Go,⚪ Let Go
16506.0,20,2,90.30000000000001,4,3,1,431,0,At Risk,79.5774606632789,2011-11-20 12:17:00,0,0.4120679,monitor,🔵 Monitor,🔵 Monitor
16509.0,297,1,363.7,1,2,2,122,1,Hibernating,0.0,2011-02-16 09:25:00,1,0.6658681,let_go,⚪ Let Go,⚪ Let Go
16510.0,372,1,248.1,1,2,2,122,1,Hibernating,0.0,2010-12-02 13:39:00,1,0.7233779,let_go,⚪ Let Go,⚪ Let Go
16511.0,22,3,916.33,4,4,3,443,0,At Risk,229.32766835673652,2011-11-18 10:41:00,0,0.37298346,nurture,🟢 Nurture,🟢 Nurture
16513.0,5,4,874.59,5,4,3,543,0,At Risk,1078.713332567406,2011-12-05 10:18:00,0,0.0035737185,nurture,🟢 Nurture,🟢 Nurture
16515.0,52,5,1624.14,3,4,4,344,0,At Risk,385.7886514575352,2011-10-18 13:10:00,0,0.14465192,nurture,🟢 Nurture,🟢 Nurture
16516.0,30,1,101.69999999999999,4,2,1,421,0,At Risk,0.0,2011-11-09 14:59:00,0,0.7762069,let_go,⚪ Let Go,⚪ Let Go
16517.0,277,1,162.7,1,2,1,121,1,Hibernating,0.0,2011-03-07 13:50:00,1,0.77871877,let_go,⚪ Let Go,⚪ Let Go
16518.0,61,2,484.32,3,3,3,333,0,At Risk,140.03283957340284,2011-10-09 15:04:00,0,0.6592904,let_go,⚪ Let Go,⚪ Let Go
16519.0,25,2,212.98,4,3,1,431,0,At Risk,42.36400174011558,2011-11-14 15:41:00,0,0.65371233,let_go,⚪ Let Go,⚪ Let Go
16520.0,186,3,1046.57,1,4,4,144,1,Hibernating,210.90280584516506,2011-06-06 13:24:00,1,0.6190884,retain,🔴 Retain Immediately,🔴 Retain Immediately
16523.0,2,21,9418.470000000001,5,5,5,555,3,Loyal Customers,2276.93189461127,2011-12-08 09:06:00,0,0.0051216776,nurture,🟢 Nurture,🟢 Nurture
16525.0,2,26,13027.45,5,5,5,555,3,Loyal Customers,2857.016374700108,2011-12-07 15:07:00,0,0.0051216776,nurture,🟢 Nurture,🟢 Nurture
16526.0,172,1,290.36,2,2,2,222,1,Hibernating,0.0,2011-06-21 12:02:00,1,0.74204737,let_go,⚪ Let Go,⚪ Let Go
16527.0,81,1,228.06,2,2,1,221,0,At Risk,0.0,2011-09-19 16:21:00,0,0.7233779,let_go,⚪ Let Go,⚪ Let Go
16528.0,4,1,244.41,5,2,1,521,0,At Risk,0.0,2011-12-06 12:45:00,0,0.7233779,let_go,⚪ Let Go,⚪ Let Go
16529.0,190,1,455.25,1,2,2,122,1,Hibernating,0.0,2011-06-02 17:23:00,1,0.64429915,let_go,⚪ Let Go,⚪ Let Go
16531.0,22,7,1244.59,4,5,4,454,0,At Risk,285.00353404367746,2011-11-17 16:29:00,0,0.0714635,nurture,🟢 Nurture,🟢 Nurture
16532.0,18,3,6748.8,4,4,5,445,0,At Risk,1512.2640094187946,2011-11-22 11:08:00,0,0.5081915,retain,🔴 Retain Immediately,🔴 Retain Immediately
16533.0,19,3,1082.81,4,4,4,444,0,At Risk,830.6553455969099,2011-11-20 13:08:00,0,0.025877105,nurture,🟢 Nurture,🟢 Nurture
16535.0,5,1,593.75,5,2,3,523,0,At Risk,0.0,2011-12-04 15:18:00,0,0.69083667,let_go,⚪ Let Go,⚪ Let Go
16536.0,110,1,548.12,2,2,3,223,0,At Risk,0.0,2011-08-21 15:54:00,1,0.6685883,let_go,⚪ Let Go,⚪ Let Go
16539.0,3,4,1388.81,5,4,4,544,0,At Risk,248.30575760824536,2011-12-07 08:41:00,0,0.27663592,nurture,🟢 Nurture,🟢 Nurture
16542.0,54,1,119.62,3,2,1,321,0,At Risk,0.0,2011-10-17 10:47:00,0,0.7762069,let_go,⚪ Let Go,⚪ Let Go
16545.0,165,1,339.3,2,2,2,222,1,Hibernating,0.0,2011-06-28 10:37:00,1,0.70767343,let_go,⚪ Let Go,⚪ Let Go
16546.0,291,2,787.15,1,3,3,133,1,Hibernating,181.1374993786501,2011-02-22 11:20:00,1,0.60022235,retain,🔴 Retain Immediately,🔴 Retain Immediately
16549.0,10,10,4034.9,5,5,5,555,0,At Risk,1021.7359462464701,2011-11-29 15:06:00,0,0.07851053,nurture,🟢 Nurture,🟢 Nurture
16550.0,109,5,2298.97,2,4,5,245,0,At Risk,442.2292936272497,2011-08-23 11:12:00,1,0.22079803,nurture,🟢 Nurture,🟢 Nurture
16551.0,96,3,922.12,2,4,4,244,0,At Risk,193.02732182311618,2011-09-05 09:38:00,1,0.5466076,retain,🔴 Retain Immediately,🔴 Retain Immediately
16552.0,243,2,379.73,1,3,2,132,1,Hibernating,105.93440993497373,2011-04-11 10:04:00,1,0.60323524,let_go,⚪ Let Go,⚪ Let Go
16553.0,163,12,5719.82,2,5,5,255,0,At Risk,1033.516022801321,2011-06-29 15:42:00,1,0.057654805,nurture,🟢 Nurture,🟢 Nurture
16554.0,42,3,837.1,3,4,3,343,0,At Risk,267.3692264125868,2011-10-28 14:51:00,0,0.26037064,nurture,🟢 Nurture,🟢 Nurture
16555.0,35,2,285.89,3,3,2,332,0,At Risk,144.8592245439332,2011-11-04 14:31:00,0,0.24323852,monitor,🔵 Monitor,🔵 Monitor
16556.0,67,7,3313.79,3,5,5,355,0,At Risk,741.62056265968,2011-10-04 11:36:00,0,0.059670918,nurture,🟢 Nurture,🟢 Nurture
16557.0,24,2,281.85,4,3,2,432,0,At Risk,162.08864974534455,2011-11-15 14:04:00,0,0.09476856,nurture,🟢 Nurture,🟢 Nurture
16558.0,1,20,8338.49,5,5,5,555,3,Loyal Customers,1772.278307225165,2011-12-09 10:20:00,0,0.0051216776,nurture,🟢 Nurture,🟢 Nurture
16560.0,27,2,841.41,4,3,3,433,0,At Risk,195.83037697863006,2011-11-13 10:35:00,0,0.70732296,retain,🔴 Retain Immediately,🔴 Retain Immediately
16561.0,6,2,511.12,5,3,3,533,0,At Risk,406.557957941004,2011-12-04 11:50:00,0,0.06884334,nurture,🟢 Nurture,🟢 Nurture
16563.0,54,1,1077.74,3,2,4,324,0,At Risk,0.0,2011-10-17 11:51:00,0,0.58950293,let_go,⚪ Let Go,⚪ Let Go
16565.0,364,1,173.7,1,2,1,121,1,Hibernating,0.0,2010-12-10 15:21:00,1,0.7252728,let_go,⚪ Let Go,⚪ Let Go
16566.0,15,5,614.66,4,4,3,443,0,At Risk,163.42315231860215,2011-11-24 16:34:00,0,0.3031657,nurture,🟢 Nurture,🟢 Nurture
16567.0,194,2,865.6,1,3,3,133,1,Hibernating,126.11509322764437,2011-05-29 13:57:00,1,0.7861525,let_go,⚪ Let Go,⚪ Let Go
16569.0,3,1,124.2,5,2,1,521,0,At Risk,0.0,2011-12-06 15:32:00,0,0.7570939,let_go,⚪ Let Go,⚪ Let Go
16570.0,15,10,3738.4,4,5,5,455,0,At Risk,906.6827717845977,2011-11-24 17:02:00,0,0.08039532,nurture,🟢 Nurture,🟢 Nurture
16571.0,27,3,1421.69,4,4,4,444,0,At Risk,364.8944187634278,2011-11-13 11:46:00,0,0.23844385,nurture,🟢 Nurture,🟢 Nurture
16572.0,127,3,1009.6,2,4,4,244,0,At Risk,252.35964406105006,2011-08-04 16:34:00,1,0.35086858,nurture,🟢 Nurture,🟢 Nurture
16573.0,85,2,663.61,2,3,3,233,0,At Risk,173.19113150720415,2011-09-16 09:13:00,0,0.5809057,retain,🔴 Retain Immediately,🔴 Retain Immediately
16574.0,71,1,451.44,3,2,2,322,0,At Risk,0.0,2011-09-29 13:39:00,0,0.64429915,let_go,⚪ Let Go,⚪ Let Go
16581.0,183,1,105.84,1,2,1,121,1,Hibernating,0.0,2011-06-10 10:05:00,1,0.7762069,let_go,⚪ Let Go,⚪ Let Go
16582.0,113,1,313.62,2,2,2,222,0,At Risk,0.0,2011-08-18 17:02:00,1,0.74204737,let_go,⚪ Let Go,⚪ Let Go
16583.0,374,1,233.45,1,2,1,121,1,Hibernating,0.0,2010-12-01 12:03:00,1,0.7233779,let_go,⚪ Let Go,⚪ Let Go
16584.0,80,2,936.08,2,3,4,234,0,At Risk,170.56884201095951,2011-09-20 13:45:00,0,0.741168,retain,🔴 Retain Immediately,🔴 Retain Immediately
16586.0,249,1,463.95,1,2,2,122,1,Hibernating,0.0,2011-04-05 09:32:00,1,0.6685883,let_go,⚪ Let Go,⚪ Let Go
16587.0,232,1,225.15,1,2,1,121,1,Hibernating,0.0,2011-04-21 15:51:00,1,0.7233779,let_go,⚪ Let Go,⚪ Let Go
16589.0,71,3,459.24,3,4,2,342,0,At Risk,206.3655210835282,2011-09-29 14:50:00,0,0.11813016,nurture,🟢 Nurture,🟢 Nurture
16591.0,69,1,213.5,3,2,1,321,0,At Risk,0.0,2011-10-02 10:43:00,0,0.7233779,let_go,⚪ Let Go,⚪ Let Go
16592.0,4,16,4113.68,5,5,5,555,3,Loyal Customers,1084.3316564198235,2011-12-05 13:49:00,0,0.028886713,nurture,🟢 Nurture,🟢 Nurture
16593.0,51,3,330.03,3,4,2,342,0,At Risk,85.00344020891582,2011-10-20 12:41:00,0,0.54992,let_go,⚪ Let Go,⚪ Let Go
16594.0,75,1,181.09,2,2,1,221,0,At Risk,0.0,2011-09-25 14:08:00,0,0.7252728,let_go,⚪ Let Go,⚪ Let Go
16595.0,61,1,360.16,3,2,2,322,0,At Risk,0.0,2011-10-09 13:15:00,0,0.6658681,let_go,⚪ Let Go,⚪ Let Go
16596.0,16,2,250.15,4,3,2,432,0,At Risk,49.82312462853215,2011-11-24 10:02:00,0,0.781013,let_go,⚪ Let Go,⚪ Let Go
16597.0,4,1,90.04,5,2,1,521,0,At Risk,0.0,2011-12-05 15:44:00,0,0.7490496,let_go,⚪ Let Go,⚪ Let Go
16598.0,286,1,145.04999999999998,1,2,1,121,1,Hibernating,0.0,2011-02-27 11:42:00,1,0.79090285,let_go,⚪ Let Go,⚪ Let Go
16600.0,4,6,813.52,5,5,3,553,0,At Risk,183.9798328847341,2011-12-05 16:00:00,0,0.14114204,nurture,🟢 Nurture,🟢 Nurture
16601.0,41,1,241.53,3,2,1,321,0,At Risk,0.0,2011-10-30 11:09:00,0,0.7233779,let_go,⚪ Let Go,⚪ Let Go
16602.0,36,1,528.08,3,2,3,323,0,At Risk,0.0,2011-11-03 15:54:00,0,0.6685883,let_go,⚪ Let Go,⚪ Let Go
16603.0,75,2,482.47,2,3,3,233,0,At Risk,228.5982796763842,2011-09-26 10:06:00,0,0.13106291,nurture,🟢 Nurture,🟢 Nurture
16607.0,18,14,3347.71,4,5,5,455,0,At Risk,695.0231979098086,2011-11-22 10:24:00,0,0.014695243,nurture,🟢 Nurture,🟢 Nurture
16609.0,15,7,5493.46,4,5,5,455,0,At Risk,1680.6962887733773,2011-11-24 13:32:00,0,0.030034631,nurture,🟢 Nurture,🟢 Nurture
16610.0,219,1,75.66,1,2,1,121,1,Hibernating,0.0,2011-05-04 13:13:00,1,0.76284915,let_go,⚪ Let Go,⚪ Let Go
16611.0,186,1,129.49,1,2,1,121,1,Hibernating,0.0,2011-06-06 15:46:00,1,0.79418945,let_go,⚪ Let Go,⚪ Let Go
16612.0,33,4,1187.66,4,4,4,444,0,At Risk,281.1186294322101,2011-11-07 07:38:00,0,0.21633376,nurture,🟢 Nurture,🟢 Nurture
16613.0,70,1,618.59,3,2,3,323,0,At Risk,0.0,2011-09-30 15:52:00,0,0.62328583,let_go,⚪ Let Go,⚪ Let Go
16614.0,183,1,506.19,1,2,3,123,1,Hibernating,0.0,2011-06-10 11:36:00,1,0.6685883,let_go,⚪ Let Go,⚪ Let Go
16616.0,15,2,500.42,4,3,3,433,0,At Risk,231.208689679346,2011-11-24 16:31:00,0,0.24671575,nurture,🟢 Nurture,🟢 Nurture
16617.0,236,1,151.85,1,2,1,121,1,Hibernating,0.0,2011-04-18 10:35:00,1,0.7986125,let_go,⚪ Let Go,⚪ Let Go
16618.0,31,5,2647.59,4,4,5,445,0,At Risk,574.8548537521124,2011-11-08 13:52:00,0,0.16516252,nurture,🟢 Nurture,🟢 Nurture
16619.0,264,1,226.21,1,2,1,121,1,Hibernating,0.0,2011-03-21 08:18:00,1,0.7233779,let_go,⚪ Let Go,⚪ Let Go
16620.0,4,2,178.96,5,3,1,531,0,At Risk,44.271274502305666,2011-12-06 12:19:00,0,0.6558574,let_go,⚪ Let Go,⚪ Let Go
16621.0,52,4,813.48,3,4,3,343,0,At Risk,224.00505509570817,2011-10-19 11:38:00,0,0.18525453,nurture,🟢 Nurture,🟢 Nurture
16623.0,246,1,129.45,1,2,1,121,1,Hibernating,0.0,2011-04-08 10:09:00,1,0.79418945,let_go,⚪ Let Go,⚪ Let Go
16624.0,81,2,810.5699999999999,2,3,3,233,0,At Risk,251.87308643867237,2011-09-20 12:39:00,0,0.50326437,retain,🔴 Retain Immediately,🔴 Retain Immediately
16625.0,275,1,333.08,1,2,2,122,1,Hibernating,0.0,2011-03-10 12:50:00,1,0.70767343,let_go,⚪ Let Go,⚪ Let Go
16626.0,1,17,4413.1,5,5,5,555,3,Loyal Customers,1108.2170952069666,2011-12-09 11:56:00,0,0.08641538,nurture,🟢 Nurture,🟢 Nurture
16627.0,79,1,322.8,2,2,2,222,0,At Risk,0.0,2011-09-21 14:38:00,0,0.67603123,let_go,⚪ Let Go,⚪ Let Go
16628.0,30,5,2188.05,4,4,5,445,0,At Risk,696.0444323693893,2011-11-10 12:45:00,0,0.071160525,nurture,🟢 Nurture,🟢 Nurture
16629.0,74,2,408.63,2,3,2,232,0,At Risk,214.03321767342152,2011-09-27 10:34:00,0,0.09838201,nurture,🟢 Nurture,🟢 Nurture
16633.0,17,6,2883.1,4,5,5,455,0,At Risk,902.3288350464841,2011-11-22 13:41:00,0,0.063232034,nurture,🟢 Nurture,🟢 Nurture
16634.0,223,2,217.9,1,3,1,131,1,Hibernating,20.922870755260654,2011-05-01 12:09:00,1,0.7368029,let_go,⚪ Let Go,⚪ Let Go
16637.0,32,4,1154.47,4,4,4,444,0,At Risk,351.5959776266716,2011-11-07 13:17:00,0,0.14827555,nurture,🟢 Nurture,🟢 Nurture
16638.0,23,10,1680.72,4,5,4,454,0,At Risk,383.0395501386404,2011-11-17 11:09:00,0,0.04374264,nurture,🟢 Nurture,🟢 Nurture
16639.0,31,3,1257.51,4,4,4,444,0,At Risk,412.1658472501616,2011-11-08 13:20:00,0,0.22583063,nurture,🟢 Nurture,🟢 Nurture
16641.0,106,1,231.10000000000002,2,2,1,221,0,At Risk,0.0,2011-08-26 12:49:00,1,0.7233779,let_go,⚪ Let Go,⚪ Let Go
16642.0,5,2,688.33,5,3,3,533,0,At Risk,239.1600110378161,2011-12-05 11:31:00,0,0.47755006,nurture,🟢 Nurture,🟢 Nurture
16643.0,246,1,487.51,1,2,3,123,1,Hibernating,0.0,2011-04-08 08:24:00,1,0.6685883,let_go,⚪ Let Go,⚪ Let Go
16644.0,178,2,833.78,2,3,3,233,1,Hibernating,70.13140968493505,2011-06-15 12:39:00,1,0.83093715,let_go,⚪ Let Go,⚪ Let Go
16647.0,170,2,214.06,2,3,1,231,1,Hibernating,56.70741358449872,2011-06-23 11:47:00,1,0.7408482,let_go,⚪ Let Go,⚪ Let Go
16648.0,43,1,290.65999999999997,3,2,2,322,0,At Risk,0.0,2011-10-28 08:58:00,0,0.74204737,let_go,⚪ Let Go,⚪ Let Go
16650.0,72,1,518.42,3,2,3,323,0,At Risk,0.0,2011-09-29 09:51:00,0,0.6685883,let_go,⚪ Let Go,⚪ Let Go
16652.0,59,7,6773.97,3,5,5,355,0,At Risk,1720.9778274733103,2011-10-12 09:38:00,0,0.04825168,nurture,🟢 Nurture,🟢 Nurture
16653.0,16,2,1212.66,4,3,4,434,0,At Risk,141.68591614099006,2011-11-23 14:51:00,0,0.8389244,let_go,⚪ Let Go,⚪ Let Go
16654.0,141,4,601.27,2,4,3,243,0,At Risk,99.89587410869476,2011-07-21 15:23:00,1,0.5933471,let_go,⚪ Let Go,⚪ Let Go
16655.0,18,6,3789.52,4,5,5,455,0,At Risk,808.5784154738656,2011-11-22 11:25:00,0,0.11172544,nurture,🟢 Nurture,🟢 Nurture
16656.0,22,15,8625.8,4,5,5,455,3,Loyal Customers,1899.2373716313473,2011-11-17 14:43:00,0,0.0050126836,nurture,🟢 Nurture,🟢 Nurture
16657.0,10,4,874.43,5,4,3,543,0,At Risk,245.07378566234112,2011-11-30 11:48:00,0,0.16309308,nurture,🟢 Nurture,🟢 Nurture
16658.0,368,1,123.24,1,2,1,121,1,Hibernating,0.0,2010-12-06 13:47:00,1,0.7570939,let_go,⚪ Let Go,⚪ Let Go
16659.0,189,1,39.12,1,2,1,121,1,Hibernating,0.0,2011-06-03 15:03:00,1,0.78097343,let_go,⚪ Let Go,⚪ Let Go
16660.0,16,4,1267.6499999999999,4,4,4,444,0,At Risk,325.47691964519197,2011-11-23 14:53:00,0,0.15494774,nurture,🟢 Nurture,🟢 Nurture
16665.0,362,1,135.39999999999998,1,2,1,121,1,Hibernating,0.0,2010-12-12 14:03:00,1,0.79418945,let_go,⚪ Let Go,⚪ Let Go
16666.0,19,1,118.98,4,2,1,421,0,At Risk,0.0,2011-11-20 14:01:00,0,0.7762069,let_go,⚪ Let Go,⚪ Let Go
16667.0,68,2,567.1800000000001,3,3,3,333,0,At Risk,174.4943865067897,2011-10-02 15:26:00,0,0.51217973,retain,🔴 Retain Immediately,🔴 Retain Immediately
16668.0,15,6,306.71999999999997,4,5,2,452,0,At Risk,80.87513391315312,2011-11-24 17:43:00,0,0.27034828,monitor,🔵 Monitor,🔵 Monitor
16669.0,24,2,1344.48,4,3,4,434,0,At Risk,845.4425905492909,2011-11-16 12:26:00,0,0.11216276,nurture,🟢 Nurture,🟢 Nurture
16670.0,17,11,4095.9,4,5,5,455,0,At Risk,888.5867512602181,2011-11-23 09:34:00,0,0.02659502,nurture,🟢 Nurture,🟢 Nurture
16671.0,28,3,1692.27,4,4,4,444,0,At Risk,184.28029307290598,2011-11-11 13:40:00,0,0.6314574,retain,🔴 Retain Immediately,🔴 Retain Immediately
16672.0,2,20,8134.9400000000005,5,5,5,555,3,Loyal Customers,2126.6890360493526,2011-12-07 16:29:00,0,0.0051216776,nurture,🟢 Nurture,🟢 Nurture
16674.0,55,2,304.24,3,3,2,332,0,At Risk,220.10677211012944,2011-10-16 11:31:00,0,0.0807874,nurture,🟢 Nurture,🟢 Nurture
16676.0,34,4,1592.1200000000001,3,4,4,344,0,At Risk,324.35132407519086,2011-11-06 12:01:00,0,0.39992052,nurture,🟢 Nurture,🟢 Nurture
16678.0,3,12,3109.99,5,5,5,555,0,At Risk,826.8520862889768,2011-12-07 12:17:00,0,0.08372272,nurture,🟢 Nurture,🟢 Nurture
16679.0,366,1,129.75,1,2,1,121,1,Hibernating,0.0,2010-12-08 13:51:00,1,0.79418945,let_go,⚪ Let Go,⚪ Let Go
16680.0,43,1,183.7,3,2,1,321,0,At Risk,0.0,2011-10-27 17:35:00,0,0.7252728,let_go,⚪ Let Go,⚪ Let Go
16681.0,73,6,1770.34,2,5,4,254,0,At Risk,508.44532041851994,2011-09-28 11:11:00,0,0.088450454,nurture,🟢 Nurture,🟢 Nurture
16682.0,5,5,1028.0,5,4,4,544,0,At Risk,233.5781460972118,2011-12-05 12:13:00,0,0.18754783,nurture,🟢 Nurture,🟢 Nurture
16684.0,4,28,66653.56,5,5,5,555,3,Loyal Customers,15459.349576058308,2011-12-05 14:06:00,0,0.0119413175,nurture,🟢 Nurture,🟢 Nurture
16685.0,61,2,324.24,3,3,2,332,0,At Risk,0.0,2011-10-09 13:58:00,0,0.67603123,let_go,⚪ Let Go,⚪ Let Go
16686.0,47,7,2959.88,3,5,5,355,0,At Risk,652.6994357770774,2011-10-23 13:49:00,0,0.08769844,nurture,🟢 Nurture,🟢 Nurture
16688.0,1,4,1260.86,5,4,4,544,0,At Risk,1236.6014794823614,2011-12-08 15:24:00,0,0.012774881,nurture,🟢 Nurture,🟢 Nurture
16689.0,76,2,422.59999999999997,2,3,2,232,0,At Risk,171.8559147265605,2011-09-25 11:39:00,0,0.14058433,nurture,🟢 Nurture,🟢 Nurture
16690.0,72,2,225.57999999999998,3,3,1,331,0,At Risk,91.12228392066797,2011-09-28 15:02:00,0,0.3124324,monitor,🔵 Monitor,🔵 Monitor
16692.0,256,2,1126.0,1,3,4,134,1,Hibernating,519.9068432363304,2011-03-28 14:46:00,1,0.21461697,nurture,🟢 Nurture,🟢 Nurture
16693.0,69,2,477.86,3,3,2,332,0,At Risk,161.17188818758237,2011-10-02 11:10:00,0,0.26265052,nurture,🟢 Nurture,🟢 Nurture
16696.0,135,4,657.9000000000001,2,4,3,243,0,At Risk,236.52565083933357,2011-07-27 14:23:00,1,0.16181934,nurture,🟢 Nurture,🟢 Nurture
16697.0,241,1,112.75,1,2,1,121,1,Hibernating,0.0,2011-04-12 17:12:00,1,0.7762069,let_go,⚪ Let Go,⚪ Let Go
16698.0,227,2,1998.0,1,3,4,134,1,Hibernating,427.99675543846513,2011-04-27 10:52:00,1,0.7197006,retain,🔴 Retain Immediately,🔴 Retain Immediately
16700.0,9,13,5076.55,5,5,5,555,0,At Risk,1100.3169479509424,2011-12-01 11:00:00,0,0.030138949,nurture,🟢 Nurture,🟢 Nurture
16701.0,9,13,5398.3,5,5,5,555,0,At Risk,1161.9419206556909,2011-12-01 11:10:00,0,0.047946434,nurture,🟢 Nurture,🟢 Nurture
16705.0,1,20,14034.99,5,5,5,555,3,Loyal Customers,3068.356188023451,2011-12-09 12:08:00,0,0.0051216776,nurture,🟢 Nurture,🟢 Nurture
16706.0,37,3,531.35,3,4,3,343,0,At Risk,192.19297495170918,2011-11-02 13:50:00,0,0.23750451,nurture,🟢 Nurture,🟢 Nurture
16708.0,46,1,656.63,3,2,3,323,0,At Risk,0.0,2011-10-25 12:20:00,0,0.62328583,let_go,⚪ Let Go,⚪ Let Go
16709.0,85,5,3029.87,2,4,5,245,0,At Risk,646.5877177842074,2011-09-16 10:56:00,0,0.46691,nurture,🟢 Nurture,🟢 Nurture
16710.0,19,10,2467.99,4,5,5,455,0,At Risk,496.3881159352703,2011-11-20 14:50:00,0,0.050434504,nurture,🟢 Nurture,🟢 Nurture
16711.0,3,5,1651.03,5,4,4,544,0,At Risk,374.7263302151248,2011-12-06 16:32:00,0,0.1436543,nurture,🟢 Nurture,🟢 Nurture
16712.0,9,11,3603.66,5,5,5,555,0,At Risk,993.780414556259,2011-11-30 13:48:00,0,0.08831818,nurture,🟢 Nurture,🟢 Nurture
16713.0,19,15,6910.78,4,5,5,455,3,Loyal Customers,1497.814719977399,2011-11-21 12:36:00,0,0.028923895,nurture,🟢 Nurture,🟢 Nurture
16714.0,317,2,1114.06,1,3,4,134,1,Hibernating,0.0,2011-01-26 13:46:00,1,0.73978955,let_go,⚪ Let Go,⚪ Let Go
16715.0,78,1,301.71999999999997,2,2,2,222,0,At Risk,0.0,2011-09-22 18:15:00,0,0.74204737,let_go,⚪ Let Go,⚪ Let Go
16716.0,267,2,901.2,1,3,3,133,1,Hibernating,73.9865347540958,2011-03-18 10:03:00,1,0.84221333,let_go,⚪ Let Go,⚪ Let Go
16717.0,24,6,3843.08,4,5,5,455,0,At Risk,875.7967831216147,2011-11-16 12:16:00,0,0.07846554,nurture,🟢 Nurture,🟢 Nurture
16718.0,369,1,606.0500000000001,1,2,3,123,1,Hibernating,0.0,2010-12-05 13:03:00,1,0.69083667,let_go,⚪ Let Go,⚪ Let Go
16719.0,15,7,1770.22,4,5,4,454,0,At Risk,324.69198849787466,2011-11-25 09:27:00,0,0.13980003,nurture,🟢 Nurture,🟢 Nurture
16720.0,26,1,152.95,4,2,1,421,0,At Risk,0.0,2011-11-13 16:22:00,0,0.7986125,let_go,⚪ Let Go,⚪ Let Go
16721.0,262,1,292.47,1,2,2,122,1,Hibernating,0.0,2011-03-22 16:08:00,1,0.74204737,let_go,⚪ Let Go,⚪ Let Go
16722.0,17,13,4730.81,4,5,5,455,0,At Risk,981.8444112077476,2011-11-22 13:28:00,0,0.026810165,nurture,🟢 Nurture,🟢 Nurture
16723.0,91,2,576.4,2,3,3,233,0,At Risk,180.13939033689144,2011-09-09 13:01:00,0,0.46240762,nurture,🟢 Nurture,🟢 Nurture
16725.0,302,6,756.82,1,5,3,153,1,Hibernating,155.98972233134836,2011-02-10 16:52:00,1,0.2119167,monitor,🔵 Monitor,🔵 Monitor
16726.0,26,5,1358.74,4,4,4,444,0,At Risk,332.01091630109454,2011-11-13 14:53:00,0,0.13642561,nurture,🟢 Nurture,🟢 Nurture
16727.0,364,1,256.32,1,2,2,122,1,Hibernating,0.0,2010-12-10 13:48:00,1,0.7233779,let_go,⚪ Let Go,⚪ Let Go
16728.0,46,4,1048.28,3,4,4,344,0,At Risk,295.70279421632455,2011-10-24 14:36:00,0,0.2517802,nurture,🟢 Nurture,🟢 Nurture
16729.0,38,21,7202.01,3,5,5,355,3,Loyal Customers,2229.6224646455903,2011-11-01 14:29:00,0,0.0051216776,nurture,🟢 Nurture,🟢 Nurture
16730.0,52,3,743.11,3,4,3,343,0,At Risk,184.26637583418324,2011-10-18 14:11:00,0,0.28059602,nurture,🟢 Nurture,🟢 Nurture
16732.0,32,1,603.75,4,2,3,423,0,At Risk,0.0,2011-11-08 09:54:00,0,0.69083667,let_go,⚪ Let Go,⚪ Let Go
16734.0,52,3,646.76,3,4,3,343,0,At Risk,353.9525747874202,2011-10-18 13:44:00,0,0.033915956,nurture,🟢 Nurture,🟢 Nurture
16735.0,79,5,2247.41,2,4,5,245,0,At Risk,475.30455378490865,2011-09-22 11:49:00,0,0.17976673,nurture,🟢 Nurture,🟢 Nurture
16737.0,53,1,417.59999999999997,3,2,2,322,0,At Risk,0.0,2011-10-17 13:03:00,0,0.6658681,let_go,⚪ Let Go,⚪ Let Go
16738.0,298,1,3.75,1,2,1,121,1,Hibernating,0.0,2011-02-15 09:46:00,1,0.7589238,let_go,⚪ Let Go,⚪ Let Go
16739.0,177,1,323.0,2,2,2,222,1,Hibernating,0.0,2011-06-16 09:17:00,1,0.67603123,let_go,⚪ Let Go,⚪ Let Go
16743.0,29,7,2213.13,4,5,5,455,0,At Risk,451.09934409717647,2011-11-10 13:13:00,0,0.063536726,nurture,🟢 Nurture,🟢 Nurture
16744.0,11,7,1291.91,5,5,4,554,0,At Risk,558.3678195778973,2011-11-28 13:06:00,0,0.022389514,nurture,🟢 Nurture,🟢 Nurture
16745.0,87,17,7180.7,2,5,5,255,3,Loyal Customers,1847.2178108845198,2011-09-14 11:58:00,0,0.0051216776,nurture,🟢 Nurture,🟢 Nurture
16746.0,5,18,6680.11,5,5,5,555,3,Loyal Customers,1490.925738293532,2011-12-05 12:33:00,0,0.029537348,nurture,🟢 Nurture,🟢 Nurture
16747.0,38,2,836.06,3,3,3,333,0,At Risk,538.1139081502654,2011-11-02 11:37:00,0,0.011189864,nurture,🟢 Nurture,🟢 Nurture
16748.0,18,5,1515.9,4,4,4,444,0,At Risk,287.66961044027425,2011-11-22 10:17:00,0,0.42004994,nurture,🟢 Nurture,🟢 Nurture
16750.0,45,5,623.93,3,4,3,343,0,At Risk,194.90781608156317,2011-10-26 12:48:00,0,0.21196137,nurture,🟢 Nurture,🟢 Nurture
16751.0,31,1,1764.72,4,2,4,424,0,At Risk,0.0,2011-11-09 10:48:00,0,0.7568346,let_go,⚪ Let Go,⚪ Let Go
16752.0,373,1,207.5,1,2,1,121,1,Hibernating,0.0,2010-12-02 12:18:00,1,0.7252728,let_go,⚪ Let Go,⚪ Let Go
16753.0,58,1,223.92000000000002,3,2,1,321,0,At Risk,0.0,2011-10-12 13:14:00,0,0.7233779,let_go,⚪ Let Go,⚪ Let Go
16754.0,372,1,2002.4,1,2,4,124,1,Hibernating,0.0,2010-12-02 17:38:00,1,0.77879804,let_go,⚪ Let Go,⚪ Let Go
16755.0,114,3,1475.43,2,4,4,244,0,At Risk,387.26688725803126,2011-08-17 13:21:00,1,0.3979535,nurture,🟢 Nurture,🟢 Nurture
16756.0,215,1,239.4,1,2,1,121,1,Hibernating,0.0,2011-05-09 09:33:00,1,0.7233779,let_go,⚪ Let Go,⚪ Let Go
16757.0,319,1,106.83000000000001,1,2,1,121,1,Hibernating,0.0,2011-01-25 11:59:00,1,0.7762069,let_go,⚪ Let Go,⚪ Let Go
16758.0,65,1,369.34000000000003,3,2,2,322,0,At Risk,0.0,2011-10-05 14:47:00,0,0.6658681,let_go,⚪ Let Go,⚪ Let Go
16759.0,8,3,789.79,5,4,3,543,0,At Risk,891.7895956994038,2011-12-02 12:42:00,0,0.005969019,nurture,🟢 Nurture,🟢 Nurture
16761.0,97,1,316.62,2,2,2,222,0,At Risk,0.0,2011-09-04 11:15:00,1,0.74204737,let_go,⚪ Let Go,⚪ Let Go
16762.0,20,3,1207.24,4,4,4,444,0,At Risk,587.643200326737,2011-11-20 11:43:00,0,0.041461468,nurture,🟢 Nurture,🟢 Nurture
16763.0,199,1,611.85,1,2,3,123,1,Hibernating,0.0,2011-05-25 11:52:00,1,0.69083667,let_go,⚪ Let Go,⚪ Let Go
16764.0,4,13,2790.9500000000003,5,5,5,555,0,At Risk,1378.2720759210752,2011-12-06 11:41:00,0,0.07871815,nurture,🟢 Nurture,🟢 Nurture
16765.0,294,1,34.0,1,2,1,121,1,Hibernating,0.0,2011-02-18 15:41:00,1,0.78097343,let_go,⚪ Let Go,⚪ Let Go
16766.0,273,2,1145.6,1,3,4,134,1,Hibernating,0.0,2011-03-11 15:22:00,1,0.75642365,let_go,⚪ Let Go,⚪ Let Go
16767.0,31,11,5575.56,4,5,5,455,0,At Risk,1018.0420718904026,2011-11-09 09:42:00,0,0.047132894,nurture,🟢 Nurture,🟢 Nurture
16768.0,48,3,478.09000000000003,3,4,2,342,0,At Risk,113.79787676219394,2011-10-23 10:38:00,0,0.5657699,let_go,⚪ Let Go,⚪ Let Go
16769.0,260,1,361.54,1,2,2,122,1,Hibernating,0.0,2011-03-24 13:41:00,1,0.6658681,let_go,⚪ Let Go,⚪ Let Go
16770.0,58,5,757.1,3,4,3,343,0,At Risk,157.80221941324996,2011-10-13 12:21:00,0,0.2119167,nurture,🟢 Nurture,🟢 Nurture
16771.0,33,5,2230.61,4,4,5,445,0,At Risk,529.8836982582716,2011-11-06 13:28:00,0,0.1313615,nurture,🟢 Nurture,🟢 Nurture
16773.0,57,1,171.59,3,2,1,321,0,At Risk,0.0,2011-10-13 14:37:00,0,0.7252728,let_go,⚪ Let Go,⚪ Let Go
16774.0,68,4,661.52,3,4,3,343,0,At Risk,262.59212963703123,2011-10-03 12:41:00,0,0.16757633,nurture,🟢 Nurture,🟢 Nurture
16775.0,10,11,1691.51,5,5,4,554,0,At Risk,341.75845532046185,2011-11-29 15:22:00,0,0.09711863,nurture,🟢 Nurture,🟢 Nurture
16776.0,60,1,371.54,3,2,2,322,0,At Risk,0.0,2011-10-10 13:04:00,0,0.6658681,let_go,⚪ Let Go,⚪ Let Go
16777.0,80,2,222.62,2,3,1,231,0,At Risk,27.169949606449922,2011-09-20 13:41:00,0,0.71848863,let_go,⚪ Let Go,⚪ Let Go
16778.0,74,2,245.94,2,3,1,231,0,At Risk,76.08439785343975,2011-09-26 13:48:00,0,0.5318899,let_go,⚪ Let Go,⚪ Let Go
16779.0,2,22,10611.720000000001,5,5,5,555,3,Loyal Customers,2335.587817050065,2011-12-07 14:54:00,0,0.0051216776,nurture,🟢 Nurture,🟢 Nurture
16780.0,100,2,422.24,2,3,2,232,0,At Risk,135.02118276670123,2011-08-31 16:09:00,1,0.6369857,let_go,⚪ Let Go,⚪ Let Go
16781.0,372,1,311.25,1,2,2,122,1,Hibernating,0.0,2010-12-02 14:26:00,1,0.74204737,let_go,⚪ Let Go,⚪ Let Go
16782.0,10,13,2267.9500000000003,5,5,5,555,0,At Risk,443.58318091696106,2011-11-29 13:20:00,0,0.022691565,nurture,🟢 Nurture,🟢 Nurture
16784.0,20,1,107.6,4,2,1,421,0,At Risk,0.0,2011-11-20 12:20:00,0,0.7762069,let_go,⚪ Let Go,⚪ Let Go
16788.0,123,2,592.74,2,3,3,233,0,At Risk,157.96618678487,2011-08-08 14:53:00,1,0.62325984,retain,🔴 Retain Immediately,🔴 Retain Immediately
16789.0,8,1,80.8,5,2,1,521,0,At Risk,0.0,2011-12-01 15:12:00,0,0.7589021,let_go,⚪ Let Go,⚪ Let Go
16790.0,4,6,1545.6200000000001,5,5,4,554,0,At Risk,1253.390520099948,2011-12-06 11:53:00,0,0.014487286,nurture,🟢 Nurture,🟢 Nurture
16791.0,29,7,1693.03,4,5,4,454,0,At Risk,395.6052778183358,2011-11-10 19:12:00,0,0.053736143,nurture,🟢 Nurture,🟢 Nurture
16792.0,282,2,110.38000000000001,1,3,1,131,1,Hibernating,0.0,2011-03-02 14:41:00,1,0.7762069,let_go,⚪ Let Go,⚪ Let Go
16793.0,57,1,243.84,3,2,1,321,0,At Risk,0.0,2011-10-13 15:08:00,0,0.7233779,let_go,⚪ Let Go,⚪ Let Go
16794.0,1,10,1194.48,5,5,4,554,0,At Risk,420.5389629181078,2011-12-08 17:54:00,0,0.028101286,nurture,🟢 Nurture,🟢 Nurture
16795.0,365,1,414.88,1,2,2,122,1,Hibernating,0.0,2010-12-09 14:08:00,1,0.6658681,let_go,⚪ Let Go,⚪ Let Go
16796.0,89,1,305.62,2,2,2,222,0,At Risk,0.0,2011-09-11 14:01:00,0,0.74204737,let_go,⚪ Let Go,⚪ Let Go
16800.0,11,1,1162.65,5,2,4,524,0,At Risk,0.0,2011-11-28 14:06:00,0,0.7434049,let_go,⚪ Let Go,⚪ Let Go
16801.0,163,4,1594.23,2,4,4,244,1,Hibernating,293.4263000759818,2011-06-29 15:33:00,1,0.8383262,retain,🔴 Retain Immediately,🔴 Retain Immediately
16803.0,65,1,332.3,3,2,2,322,0,At Risk,0.0,2011-10-05 14:28:00,0,0.70767343,let_go,⚪ Let Go,⚪ Let Go
16804.0,23,3,536.99,4,4,3,443,0,At Risk,208.27218320836192,2011-11-16 16:43:00,0,0.2836437,nurture,🟢 Nurture,🟢 Nurture
16805.0,174,2,460.59,2,3,2,232,1,Hibernating,94.77105911686674,2011-06-19 11:23:00,1,0.6977107,let_go,⚪ Let Go,⚪ Let Go
16806.0,103,4,736.21,2,4,3,243,0,At Risk,199.95489200240036,2011-08-28 15:27:00,1,0.17762849,nurture,🟢 Nurture,🟢 Nurture
16807.0,143,3,1121.59,2,4,4,244,0,At Risk,288.40540090285793,2011-07-20 12:00:00,1,0.39278287,nurture,🟢 Nurture,🟢 Nurture
16808.0,99,2,288.42,2,3,2,232,0,At Risk,61.08369027365113,2011-09-01 19:34:00,1,0.68935364,let_go,⚪ Let Go,⚪ Let Go
16809.0,23,5,914.69,4,4,3,443,0,At Risk,242.20714231508936,2011-11-16 15:45:00,0,0.119900376,nurture,🟢 Nurture,🟢 Nurture
16810.0,192,1,309.54,1,2,2,122,1,Hibernating,0.0,2011-05-31 15:32:00,1,0.74204737,let_go,⚪ Let Go,⚪ Let Go
16811.0,5,2,547.07,5,3,3,533,0,At Risk,708.8059795067841,2011-12-05 11:39:00,0,0.012257338,nurture,🟢 Nurture,🟢 Nurture
16812.0,361,1,479.35,1,2,2,122,1,Hibernating,0.0,2010-12-14 12:35:00,1,0.6685883,let_go,⚪ Let Go,⚪ Let Go
16813.0,8,10,1652.18,5,5,4,554,0,At Risk,581.3122415507663,2011-12-01 14:03:00,0,0.058877513,nurture,🟢 Nurture,🟢 Nurture
16814.0,14,21,6406.8,5,5,5,555,3,Loyal Customers,1386.8384054798396,2011-11-25 13:27:00,0,0.022378448,nurture,🟢 Nurture,🟢 Nurture
16816.0,103,4,417.06,2,4,2,242,0,At Risk,93.60888177116921,2011-08-28 14:16:00,1,0.53758717,let_go,⚪ Let Go,⚪ Let Go
16817.0,3,9,1604.75,5,5,4,554,0,At Risk,322.27695437479053,2011-12-07 11:03:00,0,0.0807038,nurture,🟢 Nurture,🟢 Nurture
16818.0,11,11,3349.57,5,5,5,555,0,At Risk,1099.2747900782688,2011-11-29 10:41:00,0,0.09738562,nurture,🟢 Nurture,🟢 Nurture
16820.0,96,1,497.61,2,2,3,223,0,At Risk,0.0,2011-09-05 12:06:00,1,0.6685883,let_go,⚪ Let Go,⚪ Let Go
16823.0,227,1,358.38,1,2,2,122,1,Hibernating,0.0,2011-04-26 15:00:00,1,0.6658681,let_go,⚪ Let Go,⚪ Let Go
16824.0,16,2,460.64,4,3,2,432,0,At Risk,183.09800803138003,2011-11-24 12:38:00,0,0.13699883,nurture,🟢 Nurture,🟢 Nurture
16825.0,39,2,775.1800000000001,3,3,3,333,0,At Risk,315.33402613378877,2011-11-01 11:51:00,0,0.39337644,nurture,🟢 Nurture,🟢 Nurture
16826.0,51,1,341.7,3,2,2,322,0,At Risk,0.0,2011-10-19 14:05:00,0,0.70767343,let_go,⚪ Let Go,⚪ Let Go
16828.0,112,1,113.5,2,2,1,221,0,At Risk,0.0,2011-08-19 13:24:00,1,0.7762069,let_go,⚪ Let Go,⚪ Let Go
16829.0,157,1,197.22,2,2,1,221,1,Hibernating,0.0,2011-07-06 10:48:00,1,0.7252728,let_go,⚪ Let Go,⚪ Let Go
16830.0,39,1,325.91,3,2,2,322,0,At Risk,0.0,2011-11-01 11:35:00,0,0.7176327,let_go,⚪ Let Go,⚪ Let Go
16832.0,184,3,199.15,1,4,1,141,1,Hibernating,66.73049407415972,2011-06-08 15:36:00,1,0.60936385,let_go,⚪ Let Go,⚪ Let Go
16833.0,1,4,1106.53,5,4,4,544,0,At Risk,252.8051545910717,2011-12-08 14:39:00,0,0.17455156,nurture,🟢 Nurture,🟢 Nurture
16834.0,228,1,413.46,1,2,2,122,1,Hibernating,0.0,2011-04-26 09:37:00,1,0.6658681,let_go,⚪ Let Go,⚪ Let Go
16835.0,128,2,180.85,2,3,1,231,0,At Risk,37.785373368214955,2011-08-03 13:50:00,1,0.6558574,let_go,⚪ Let Go,⚪ Let Go
16836.0,40,2,251.87,3,3,2,332,0,At Risk,164.768162097991,2011-10-31 10:05:00,0,0.08877768,nurture,🟢 Nurture,🟢 Nurture
16837.0,31,11,3170.98,4,5,5,455,0,At Risk,1031.4954730762527,2011-11-08 14:27:00,0,0.12443341,nurture,🟢 Nurture,🟢 Nurture
16838.0,197,2,588.85,1,3,3,133,1,Hibernating,93.21592065650815,2011-05-26 13:13:00,1,0.6977107,let_go,⚪ Let Go,⚪ Let Go
16839.0,9,34,16594.35,5,5,5,555,3,Loyal Customers,3589.7968849652107,2011-12-01 09:03:00,0,0.010384795,nurture,🟢 Nurture,🟢 Nurture
16841.0,37,6,1869.82,3,5,4,354,0,At Risk,480.19344735432446,2011-11-03 11:51:00,0,0.06995162,nurture,🟢 Nurture,🟢 Nurture
16842.0,101,3,1264.19,2,4,4,244,0,At Risk,258.49635139840774,2011-08-31 10:42:00,1,0.30719963,nurture,🟢 Nurture,🟢 Nurture
16843.0,43,16,10196.57,3,5,5,355,3,Loyal Customers,2437.9003809480114,2011-10-28 09:06:00,0,0.0050126836,nurture,🟢 Nurture,🟢 Nurture
16846.0,50,1,214.32,3,2,1,321,0,At Risk,0.0,2011-10-20 13:55:00,0,0.7233779,let_go,⚪ Let Go,⚪ Let Go
16847.0,43,1,193.44,3,2,1,321,0,At Risk,0.0,2011-10-27 13:29:00,0,0.7252728,let_go,⚪ Let Go,⚪ Let Go
16848.0,53,1,281.42,3,2,2,322,0,At Risk,0.0,2011-10-18 08:42:00,0,0.6907499,let_go,⚪ Let Go,⚪ Let Go
16849.0,187,1,124.57,1,2,1,121,1,Hibernating,0.0,2011-06-06 09:16:00,1,0.7570939,let_go,⚪ Let Go,⚪ Let Go
16850.0,334,1,332.41,1,2,2,122,1,Hibernating,0.0,2011-01-10 11:09:00,1,0.70767343,let_go,⚪ Let Go,⚪ Let Go
16851.0,4,3,342.45,5,4,2,542,0,At Risk,325.22530465652744,2011-12-05 13:32:00,0,0.04285585,nurture,🟢 Nurture,🟢 Nurture
16852.0,10,2,144.91000000000003,5,3,1,531,0,At Risk,25.3860756805745,2011-11-29 13:22:00,0,0.8019478,let_go,⚪ Let Go,⚪ Let Go
16855.0,24,2,328.4,4,3,2,432,0,At Risk,356.58068711557996,2011-11-16 12:03:00,0,0.033808462,nurture,🟢 Nurture,🟢 Nurture
16856.0,15,1,35.400000000000006,4,2,1,421,0,At Risk,0.0,2011-11-25 08:59:00,0,0.78097343,let_go,⚪ Let Go,⚪ Let Go
16858.0,369,1,375.69000000000005,1,2,2,122,1,Hibernating,0.0,2010-12-06 09:52:00,1,0.6658681,let_go,⚪ Let Go,⚪ Let Go
16859.0,145,2,747.81,2,3,3,233,0,At Risk,249.71825977090433,2011-07-18 12:19:00,1,0.50753146,retain,🔴 Retain Immediately,🔴 Retain Immediately
16861.0,60,2,173.76,3,3,1,331,0,At Risk,83.41549006247612,2011-10-11 09:05:00,0,0.534252,let_go,⚪ Let Go,⚪ Let Go
16863.0,31,2,502.8,4,3,3,433,0,At Risk,128.03998064482155,2011-11-08 15:26:00,0,0.6592904,let_go,⚪ Let Go,⚪ Let Go
16866.0,141,3,207.73999999999998,2,4,1,241,0,At Risk,61.2434351974774,2011-07-22 10:06:00,1,0.60936385,let_go,⚪ Let Go,⚪ Let Go
16869.0,23,4,817.12,4,4,3,443,0,At Risk,299.81025583537905,2011-11-17 12:02:00,0,0.13646995,nurture,🟢 Nurture,🟢 Nurture
16871.0,22,6,2812.34,4,5,5,455,0,At Risk,763.9371463493832,2011-11-17 19:27:00,0,0.086800516,nurture,🟢 Nurture,🟢 Nurture
16872.0,77,3,680.02,2,4,3,243,0,At Risk,157.79545297087822,2011-09-23 16:05:00,0,0.41826686,nurture,🟢 Nurture,🟢 Nurture
16873.0,5,6,7123.62,5,5,5,555,0,At Risk,1235.8671617334653,2011-12-05 12:05:00,0,0.3331235,nurture,🟢 Nurture,🟢 Nurture
16875.0,67,5,2095.53,3,4,5,345,0,At Risk,493.5927205596382,2011-10-03 13:39:00,0,0.12427078,nurture,🟢 Nurture,🟢 Nurture
16877.0,12,6,846.62,5,5,3,553,0,At Risk,316.65134447179435,2011-11-27 13:47:00,0,0.105113775,nurture,🟢 Nurture,🟢 Nurture
16878.0,84,1,13.3,2,2,1,221,0,At Risk,0.0,2011-09-16 17:39:00,0,0.7589238,let_go,⚪ Let Go,⚪ Let Go
16880.0,31,7,1491.43,4,5,4,454,0,At Risk,545.2471948653689,2011-11-09 11:33:00,0,0.025211934,nurture,🟢 Nurture,🟢 Nurture
16881.0,67,1,432.0,3,2,2,322,0,At Risk,0.0,2011-10-04 10:33:00,0,0.64429915,let_go,⚪ Let Go,⚪ Let Go
16882.0,67,3,705.12,3,4,3,343,0,At Risk,231.3829360785805,2011-10-04 10:42:00,0,0.2603254,nurture,🟢 Nurture,🟢 Nurture
16883.0,187,2,272.48,1,3,2,132,1,Hibernating,54.73028725861522,2011-06-05 12:51:00,1,0.7528606,let_go,⚪ Let Go,⚪ Let Go
16884.0,38,2,429.84000000000003,3,3,2,332,0,At Risk,0.0,2011-11-02 11:52:00,0,0.64429915,let_go,⚪ Let Go,⚪ Let Go
16885.0,15,3,450.41,4,4,2,442,0,At Risk,82.03290634383835,2011-11-24 13:40:00,0,0.6037875,let_go,⚪ Let Go,⚪ Let Go
16887.0,35,1,192.32999999999998,3,2,1,321,0,At Risk,0.0,2011-11-04 14:07:00,0,0.7252728,let_go,⚪ Let Go,⚪ Let Go
16889.0,195,3,1578.67,1,4,4,144,1,Hibernating,332.62787693729103,2011-05-29 11:05:00,1,0.5028569,retain,🔴 Retain Immediately,🔴 Retain Immediately
16891.0,2,5,742.43,5,4,3,543,0,At Risk,132.79785934860269,2011-12-08 11:15:00,0,0.31199843,monitor,🔵 Monitor,🔵 Monitor
16892.0,1,5,518.19,5,4,3,543,0,At Risk,205.914157864686,2011-12-08 13:18:00,0,0.15726915,nurture,🟢 Nurture,🟢 Nurture
16893.0,367,1,145.93,1,2,1,121,1,Hibernating,0.0,2010-12-08 12:06:00,1,0.7604684,let_go,⚪ Let Go,⚪ Let Go
16895.0,65,1,202.27,3,2,1,321,0,At Risk,0.0,2011-10-06 12:15:00,0,0.7252728,let_go,⚪ Let Go,⚪ Let Go
16897.0,299,2,289.78,1,3,2,132,1,Hibernating,34.69973825038127,2011-02-13 15:02:00,1,0.67619765,let_go,⚪ Let Go,⚪ Let Go
16898.0,26,3,501.03,4,4,3,443,0,At Risk,113.43844759511268,2011-11-13 15:44:00,0,0.5657699,let_go,⚪ Let Go,⚪ Let Go
16899.0,8,6,1271.06,5,5,4,554,0,At Risk,277.38646382449,2011-12-02 12:03:00,0,0.19790444,nurture,🟢 Nurture,🟢 Nurture
16900.0,17,3,882.16,4,4,3,443,0,At Risk,161.12957622822648,2011-11-23 10:32:00,0,0.49540848,nurture,🟢 Nurture,🟢 Nurture
16902.0,116,1,1706.88,2,2,4,224,0,At Risk,0.0,2011-08-15 14:17:00,1,0.7568346,let_go,⚪ Let Go,⚪ Let Go
16903.0,29,1,363.2,4,2,2,422,0,At Risk,0.0,2011-11-10 15:32:00,0,0.6658681,let_go,⚪ Let Go,⚪ Let Go
16904.0,4,15,3634.95,5,5,5,555,3,Loyal Customers,760.8441071220873,2011-12-05 13:10:00,0,0.020163687,nurture,🟢 Nurture,🟢 Nurture
16905.0,5,7,3037.6,5,5,5,555,0,At Risk,681.0276693512246,2011-12-04 14:01:00,0,0.19031636,nurture,🟢 Nurture,🟢 Nurture
16906.0,82,4,559.59,2,4,3,243,0,At Risk,170.19474163159651,2011-09-19 11:49:00,0,0.17115548,nurture,🟢 Nurture,🟢 Nurture
16907.0,29,5,928.76,4,4,4,444,0,At Risk,191.81601374628974,2011-11-10 18:04:00,0,0.17897081,nurture,🟢 Nurture,🟢 Nurture
16909.0,72,1,379.14,3,2,2,322,0,At Risk,0.0,2011-09-28 16:45:00,0,0.6658681,let_go,⚪ Let Go,⚪ Let Go
16910.0,4,8,1508.96,5,5,4,554,0,At Risk,1082.905935414243,2011-12-05 12:51:00,0,0.0109371785,nurture,🟢 Nurture,🟢 Nurture
16912.0,29,11,2555.58,4,5,5,455,0,At Risk,605.1651794354757,2011-11-11 12:18:00,0,0.036950804,nurture,🟢 Nurture,🟢 Nurture
16913.0,290,1,113.44,1,2,1,121,1,Hibernating,0.0,2011-02-22 12:56:00,1,0.7762069,let_go,⚪ Let Go,⚪ Let Go
16914.0,36,1,183.76,3,2,1,321,0,At Risk,0.0,2011-11-03 15:27:00,0,0.7252728,let_go,⚪ Let Go,⚪ Let Go
16915.0,9,6,621.6800000000001,5,5,3,553,0,At Risk,178.4494113645952,2011-11-30 16:39:00,0,0.21196137,nurture,🟢 Nurture,🟢 Nurture
16916.0,24,2,562.41,4,3,3,433,0,At Risk,136.25233900751923,2011-11-16 12:08:00,0,0.6592904,let_go,⚪ Let Go,⚪ Let Go
16917.0,277,1,391.52,1,2,2,122,1,Hibernating,0.0,2011-03-08 11:55:00,1,0.6658681,let_go,⚪ Let Go,⚪ Let Go
16918.0,50,6,1068.82,3,5,4,354,0,At Risk,230.96162288457083,2011-10-21 12:50:00,0,0.22682421,nurture,🟢 Nurture,🟢 Nurture
16919.0,156,11,2592.25,2,5,5,255,0,At Risk,558.5714311335194,2011-07-06 13:35:00,1,0.09393201,nurture,🟢 Nurture,🟢 Nurture
16921.0,61,1,154.18,3,2,1,321,0,At Risk,0.0,2011-10-09 16:22:00,0,0.7986125,let_go,⚪ Let Go,⚪ Let Go
16923.0,12,19,7069.08,5,5,5,555,3,Loyal Customers,1510.5807078990238,2011-11-27 13:00:00,0,0.029537348,nurture,🟢 Nurture,🟢 Nurture
16924.0,21,3,829.89,4,4,3,443,0,At Risk,558.1383012346267,2011-11-18 12:53:00,0,0.008803903,nurture,🟢 Nurture,🟢 Nurture
16926.0,371,1,230.25,1,2,1,121,1,Hibernating,0.0,2010-12-03 13:42:00,1,0.7233779,let_go,⚪ Let Go,⚪ Let Go
16927.0,116,3,543.05,2,4,3,243,0,At Risk,96.63511128373037,2011-08-16 11:10:00,1,0.63690305,let_go,⚪ Let Go,⚪ Let Go
16928.0,80,17,2806.75,2,5,5,255,3,Loyal Customers,607.0598616652667,2011-09-20 15:10:00,0,0.018777035,nurture,🟢 Nurture,🟢 Nurture
16929.0,4,7,1295.39,5,5,4,554,0,At Risk,552.2109413963549,2011-12-06 08:37:00,0,0.02038671,nurture,🟢 Nurture,🟢 Nurture
16930.0,26,3,378.89,4,4,2,442,0,At Risk,262.44368502437635,2011-11-13 16:13:00,0,0.11084939,nurture,🟢 Nurture,🟢 Nurture
16931.0,5,21,4554.87,5,5,5,555,3,Loyal Customers,997.2249923977745,2011-12-04 13:15:00,0,0.03946685,nurture,🟢 Nurture,🟢 Nurture
16932.0,53,1,150.23000000000002,3,2,1,321,0,At Risk,0.0,2011-10-17 14:12:00,0,0.7604684,let_go,⚪ Let Go,⚪ Let Go
16933.0,1,2,563.23,5,3,3,533,0,At Risk,187.87184289596948,2011-12-08 12:54:00,0,0.46240762,nurture,🟢 Nurture,🟢 Nurture
16934.0,55,2,931.03,3,3,4,334,0,At Risk,0.0,2011-10-16 12:40:00,0,0.6219095,let_go,⚪ Let Go,⚪ Let Go
16936.0,26,1,261.9,4,2,2,422,0,At Risk,0.0,2011-11-14 11:04:00,0,0.7233779,let_go,⚪ Let Go,⚪ Let Go
16938.0,9,4,2711.6800000000003,5,4,5,545,0,At Risk,761.754621475051,2011-12-01 10:20:00,0,0.14933643,nurture,🟢 Nurture,🟢 Nurture
16940.0,52,3,3049.88,3,4,5,345,0,At Risk,826.2712378549461,2011-10-18 13:15:00,0,0.67224556,retain,🔴 Retain Immediately,🔴 Retain Immediately
16942.0,13,9,1904.99,5,5,4,554,0,At Risk,601.2921962180942,2011-11-27 12:40:00,0,0.03534477,nurture,🟢 Nurture,🟢 Nurture
16943.0,212,3,816.73,1,4,3,143,1,Hibernating,121.93811353414878,2011-05-12 11:57:00,1,0.7276236,let_go,⚪ Let Go,⚪ Let Go
16945.0,22,19,4345.5,4,5,5,455,3,Loyal Customers,963.3067290334709,2011-11-18 11:39:00,0,0.03946685,nurture,🟢 Nurture,🟢 Nurture
16947.0,236,1,406.48,1,2,2,122,1,Hibernating,0.0,2011-04-18 09:38:00,1,0.6658681,let_go,⚪ Let Go,⚪ Let Go
16948.0,139,3,435.02,2,4,2,242,0,At Risk,119.46092061751335,2011-07-24 12:46:00,1,0.5657699,let_go,⚪ Let Go,⚪ Let Go
16949.0,4,6,1286.27,5,5,4,554,0,At Risk,343.8927543132078,2011-12-06 11:07:00,0,0.108657874,nurture,🟢 Nurture,🟢 Nurture
16950.0,57,3,1178.56,3,4,4,344,0,At Risk,292.61645633417055,2011-10-14 09:06:00,0,0.37961942,nurture,🟢 Nurture,🟢 Nurture
16951.0,135,3,1277.75,2,4,4,244,0,At Risk,78.27022276660914,2011-07-28 12:05:00,1,0.7236651,let_go,⚪ Let Go,⚪ Let Go
16952.0,109,2,167.61,2,3,1,231,0,At Risk,0.0,2011-08-22 13:03:00,1,0.7252728,let_go,⚪ Let Go,⚪ Let Go
16953.0,30,1,20.8,4,2,1,421,0,At Risk,0.0,2011-11-09 15:54:00,0,0.7589238,let_go,⚪ Let Go,⚪ Let Go
16954.0,1,9,2085.08,5,5,5,555,0,At Risk,425.1508691523795,2011-12-09 09:46:00,0,0.042658944,nurture,🟢 Nurture,🟢 Nurture
16955.0,185,4,518.67,1,4,3,143,1,Hibernating,95.71143086053083,2011-06-08 10:36:00,1,0.5933471,let_go,⚪ Let Go,⚪ Let Go
16956.0,18,1,308.74,4,2,2,422,0,At Risk,0.0,2011-11-22 08:56:00,0,0.74204737,let_go,⚪ Let Go,⚪ Let Go
16957.0,239,2,416.64,1,3,2,132,1,Hibernating,145.26219392714106,2011-04-14 13:56:00,1,0.6369857,let_go,⚪ Let Go,⚪ Let Go
16959.0,87,1,117.35000000000001,2,2,1,221,0,At Risk,0.0,2011-09-13 15:03:00,0,0.7762069,let_go,⚪ Let Go,⚪ Let Go
16960.0,39,3,505.1,3,4,3,343,0,At Risk,125.73689646105058,2011-11-01 11:35:00,0,0.5657699,let_go,⚪ Let Go,⚪ Let Go
16961.0,116,1,234.17,2,2,1,221,0,At Risk,0.0,2011-08-15 13:46:00,1,0.7233779,let_go,⚪ Let Go,⚪ Let Go
16963.0,187,1,110.55000000000001,1,2,1,121,1,Hibernating,0.0,2011-06-05 13:48:00,1,0.7762069,let_go,⚪ Let Go,⚪ Let Go
16965.0,227,1,192.07,1,2,1,121,1,Hibernating,0.0,2011-04-27 12:08:00,1,0.7252728,let_go,⚪ Let Go,⚪ Let Go
16966.0,8,7,2154.97,5,5,5,555,0,At Risk,621.4420086048465,2011-12-01 13:40:00,0,0.050775483,nurture,🟢 Nurture,🟢 Nurture
16967.0,189,1,319.02,1,2,2,122,1,Hibernating,0.0,2011-06-03 14:24:00,1,0.74204737,let_go,⚪ Let Go,⚪ Let Go
16968.0,4,2,439.43,5,3,2,532,0,At Risk,202.69658070798607,2011-12-05 15:02:00,0,0.12923317,nurture,🟢 Nurture,🟢 Nurture
16969.0,39,3,650.41,3,4,3,343,0,At Risk,132.8724628459166,2011-10-31 13:12:00,0,0.5979983,let_go,⚪ Let Go,⚪ Let Go
16971.0,38,1,357.21,3,2,2,322,0,At Risk,0.0,2011-11-01 15:06:00,0,0.6658681,let_go,⚪ Let Go,⚪ Let Go
16976.0,267,1,251.51999999999998,1,2,2,122,1,Hibernating,0.0,2011-03-17 16:33:00,1,0.7233779,let_go,⚪ Let Go,⚪ Let Go
16978.0,78,1,344.33,2,2,2,222,0,At Risk,0.0,2011-09-23 12:50:00,0,0.70767343,let_go,⚪ Let Go,⚪ Let Go
16979.0,4,6,1852.0,5,5,4,554,0,At Risk,451.3867123952898,2011-12-06 12:21:00,0,0.08999631,nurture,🟢 Nurture,🟢 Nurture
16980.0,255,2,1028.46,1,3,4,134,1,Hibernating,161.42035400326722,2011-03-29 16:36:00,1,0.7729353,retain,🔴 Retain Immediately,🔴 Retain Immediately
16982.0,61,1,384.06,3,2,2,322,0,At Risk,0.0,2011-10-10 12:28:00,0,0.6658681,let_go,⚪ Let Go,⚪ Let Go
16983.0,13,7,1905.87,5,5,4,554,0,At Risk,421.0352663801528,2011-11-27 12:10:00,0,0.045506634,nurture,🟢 Nurture,🟢 Nurture
16984.0,88,2,4459.52,2,3,5,235,0,At Risk,1146.2712307658553,2011-09-12 13:43:00,0,0.25594229,nurture,🟢 Nurture,🟢 Nurture
16985.0,17,10,5464.12,4,5,5,455,0,At Risk,1124.2148711974546,2011-11-22 13:33:00,0,0.047132894,nurture,🟢 Nurture,🟢 Nurture
16986.0,30,2,1873.2,4,3,4,434,0,At Risk,4270.048271295289,2011-11-10 11:55:00,0,0.028513609,nurture,🟢 Nurture,🟢 Nurture
16987.0,3,7,1616.8,5,5,4,554,0,At Risk,584.1629476232499,2011-12-06 17:26:00,0,0.05160727,nurture,🟢 Nurture,🟢 Nurture
16988.0,5,1,126.12,5,2,1,521,0,At Risk,0.0,2011-12-04 16:02:00,0,0.7570939,let_go,⚪ Let Go,⚪ Let Go
16989.0,7,6,1133.25,5,5,4,554,0,At Risk,150.78649684948348,2011-12-02 16:39:00,0,0.38966584,monitor,🔵 Monitor,🔵 Monitor
16990.0,219,1,179.0,1,2,1,121,1,Hibernating,0.0,2011-05-05 08:30:00,1,0.7252728,let_go,⚪ Let Go,⚪ Let Go
16992.0,11,5,1614.31,5,4,4,544,0,At Risk,382.9689224299354,2011-11-29 11:50:00,0,0.14465192,nurture,🟢 Nurture,🟢 Nurture
16996.0,30,6,1456.96,4,5,4,454,0,At Risk,350.38178044361035,2011-11-09 16:43:00,0,0.09429009,nurture,🟢 Nurture,🟢 Nurture
16997.0,288,3,702.0,1,4,3,143,1,Hibernating,102.17045427441886,2011-02-24 17:28:00,1,0.636026,let_go,⚪ Let Go,⚪ Let Go
16998.0,150,4,295.0,2,4,2,242,1,Hibernating,71.75063112637775,2011-07-13 09:44:00,1,0.5792617,let_go,⚪ Let Go,⚪ Let Go
16999.0,23,2,484.82,4,3,3,433,0,At Risk,339.35211087249104,2011-11-16 13:53:00,0,0.03616917,nurture,🟢 Nurture,🟢 Nurture
17001.0,1,11,3989.57,5,5,5,555,0,At Risk,859.0487267755962,2011-12-09 09:38:00,0,0.02659502,nurture,🟢 Nurture,🟢 Nurture
17002.0,86,3,1493.73,2,4,4,244,0,At Risk,353.15910094429756,2011-09-15 12:40:00,0,0.35699996,nurture,🟢 Nurture,🟢 Nurture
17004.0,46,2,1312.1399999999999,3,3,4,334,0,At Risk,490.8353316744746,2011-10-24 14:25:00,0,0.26979285,nurture,🟢 Nurture,🟢 Nurture
17006.0,5,4,781.78,5,4,3,543,0,At Risk,496.9905831229647,2011-12-05 12:09:00,0,0.007268432,nurture,🟢 Nurture,🟢 Nurture
17007.0,51,6,889.9300000000001,3,5,3,353,0,At Risk,178.5772926858508,2011-10-20 10:47:00,0,0.14556566,nurture,🟢 Nurture,🟢 Nurture
17010.0,18,1,195.36,4,2,1,421,0,At Risk,0.0,2011-11-21 14:49:00,0,0.7252728,let_go,⚪ Let Go,⚪ Let Go
17011.0,30,1,270.9,4,2,2,422,0,At Risk,0.0,2011-11-09 13:30:00,0,0.6907499,let_go,⚪ Let Go,⚪ Let Go
17014.0,8,3,583.4300000000001,5,4,3,543,0,At Risk,468.2384235454767,2011-12-01 14:09:00,0,0.032085102,nurture,🟢 Nurture,🟢 Nurture
17015.0,29,3,1838.6100000000001,4,4,4,444,0,At Risk,702.9730985731837,2011-11-11 10:45:00,0,0.109167874,nurture,🟢 Nurture,🟢 Nurture
17017.0,3,20,8694.26,5,5,5,555,3,Loyal Customers,1770.6638095596672,2011-12-07 09:32:00,0,0.0051216776,nurture,🟢 Nurture,🟢 Nurture
17018.0,41,2,920.1,3,3,3,333,0,At Risk,216.34725246344604,2011-10-30 11:42:00,0,0.7496948,retain,🔴 Retain Immediately,🔴 Retain Immediately
17019.0,11,4,1258.08,5,4,4,544,0,At Risk,238.91527737460063,2011-11-28 13:06:00,0,0.21341497,nurture,🟢 Nurture,🟢 Nurture
17022.0,31,1,71.0,4,2,1,421,0,At Risk,0.0,2011-11-08 17:09:00,0,0.8278831,let_go,⚪ Let Go,⚪ Let Go
17024.0,45,3,95.85,3,4,1,341,0,At Risk,41.66609853369631,2011-10-25 13:47:00,0,0.3920833,monitor,🔵 Monitor,🔵 Monitor
17025.0,61,3,357.77,3,4,2,342,0,At Risk,73.70940977191313,2011-10-10 09:06:00,0,0.6405575,let_go,⚪ Let Go,⚪ Let Go
17026.0,185,2,154.82999999999998,1,3,1,131,1,Hibernating,46.54696157339587,2011-06-07 14:28:00,1,0.72703785,let_go,⚪ Let Go,⚪ Let Go
17027.0,79,6,877.5600000000001,2,5,3,253,0,At Risk,201.07903215442786,2011-09-22 12:24:00,0,0.15435255,nurture,🟢 Nurture,🟢 Nurture
17029.0,111,2,716.0,2,3,3,233,0,At Risk,200.79623509272398,2011-08-21 11:06:00,1,0.60522366,retain,🔴 Retain Immediately,🔴 Retain Immediately
17030.0,64,1,146.87,3,2,1,321,0,At Risk,0.0,2011-10-07 08:49:00,0,0.7604684,let_go,⚪ Let Go,⚪ Let Go
17031.0,12,2,380.35,5,3,2,532,0,At Risk,126.30941951002504,2011-11-28 10:23:00,0,0.5789752,let_go,⚪ Let Go,⚪ Let Go
17033.0,86,3,1030.14,2,4,4,244,0,At Risk,214.58597957197276,2011-09-14 14:34:00,0,0.6190884,retain,🔴 Retain Immediately,🔴 Retain Immediately
17034.0,16,3,745.52,4,4,3,443,0,At Risk,219.96199688429277,2011-11-23 15:14:00,0,0.33146745,nurture,🟢 Nurture,🟢 Nurture
17035.0,246,2,433.53000000000003,1,3,2,132,1,Hibernating,77.12026762058485,2011-04-08 11:23:00,1,0.7002669,let_go,⚪ Let Go,⚪ Let Go
17037.0,88,1,1267.32,2,2,4,224,0,At Risk,0.0,2011-09-13 12:49:00,0,0.7434049,let_go,⚪ Let Go,⚪ Let Go
17038.0,30,1,112.4,4,2,1,421,0,At Risk,0.0,2011-11-09 13:50:00,0,0.7762069,let_go,⚪ Let Go,⚪ Let Go
17040.0,138,1,449.73,2,2,2,222,0,At Risk,0.0,2011-07-25 10:19:00,1,0.64429915,let_go,⚪ Let Go,⚪ Let Go
17041.0,27,3,1071.49,4,4,4,444,0,At Risk,227.20316334029292,2011-11-13 11:21:00,0,0.5538145,retain,🔴 Retain Immediately,🔴 Retain Immediately
17042.0,3,5,1036.58,5,4,4,544,0,At Risk,280.8462605556209,2011-12-07 12:26:00,0,0.19019839,nurture,🟢 Nurture,🟢 Nurture
17043.0,32,4,1735.18,4,4,4,444,0,At Risk,555.2625807118361,2011-11-07 15:33:00,0,0.07932477,nurture,🟢 Nurture,🟢 Nurture
17044.0,25,1,948.48,4,2,4,424,0,At Risk,0.0,2011-11-14 14:28:00,0,0.6219095,let_go,⚪ Let Go,⚪ Let Go
17045.0,113,3,339.44,2,4,2,242,0,At Risk,125.48886939099151,2011-08-18 17:09:00,1,0.5247326,let_go,⚪ Let Go,⚪ Let Go
17046.0,157,1,642.02,2,2,3,223,1,Hibernating,0.0,2011-07-05 14:24:00,1,0.62328583,let_go,⚪ Let Go,⚪ Let Go
17047.0,85,3,1100.9,2,4,4,244,0,At Risk,222.8899494106023,2011-09-15 13:27:00,0,0.5614836,retain,🔴 Retain Immediately,🔴 Retain Immediately
17048.0,118,3,925.35,2,4,4,244,0,At Risk,213.47277536562927,2011-08-14 11:49:00,1,0.5852528,retain,🔴 Retain Immediately,🔴 Retain Immediately
17049.0,3,9,5655.03,5,5,5,555,0,At Risk,1470.9275366535214,2011-12-07 10:48:00,0,0.090948954,nurture,🟢 Nurture,🟢 Nurture
17050.0,96,6,3185.64,2,5,5,255,0,At Risk,909.8591230908039,2011-09-04 13:48:00,1,0.2054491,nurture,🟢 Nurture,🟢 Nurture
17051.0,194,1,240.89000000000001,1,2,1,121,1,Hibernating,0.0,2011-05-29 14:13:00,1,0.7233779,let_go,⚪ Let Go,⚪ Let Go
17052.0,28,1,399.09,4,2,2,422,0,At Risk,0.0,2011-11-11 14:50:00,0,0.6658681,let_go,⚪ Let Go,⚪ Let Go
17053.0,131,1,498.48,2,2,3,223,0,At Risk,0.0,2011-08-01 10:23:00,1,0.6685883,let_go,⚪ Let Go,⚪ Let Go
17054.0,28,5,1356.33,4,4,4,444,0,At Risk,381.8365217432755,2011-11-11 12:56:00,0,0.10750966,nurture,🟢 Nurture,🟢 Nurture
17058.0,82,3,1179.89,2,4,4,244,0,At Risk,256.0369299992817,2011-09-19 10:13:00,0,0.30719963,nurture,🟢 Nurture,🟢 Nurture
17059.0,30,5,3080.39,4,4,5,445,0,At Risk,596.0101748244963,2011-11-10 12:27:00,0,0.37242666,nurture,🟢 Nurture,🟢 Nurture
17060.0,266,1,234.24,1,2,1,121,1,Hibernating,0.0,2011-03-18 13:27:00,1,0.7233779,let_go,⚪ Let Go,⚪ Let Go
17061.0,74,11,5232.2300000000005,2,5,5,255,0,At Risk,1179.1675506963331,2011-09-27 11:24:00,0,0.073141105,nurture,🟢 Nurture,🟢 Nurture
17062.0,314,4,528.29,1,4,3,143,1,Hibernating,94.3207831497469,2011-01-30 11:01:00,1,0.5933471,let_go,⚪ Let Go,⚪ Let Go
17063.0,21,7,1461.14,4,5,4,454,0,At Risk,377.52286993006373,2011-11-18 16:19:00,0,0.033728898,nurture,🟢 Nurture,🟢 Nurture
17064.0,59,3,855.45,3,4,3,343,0,At Risk,230.18951531214202,2011-10-12 10:18:00,0,0.37298346,nurture,🟢 Nurture,🟢 Nurture
17068.0,12,21,4545.89,5,5,5,555,3,Loyal Customers,994.4209652603865,2011-11-27 13:14:00,0,0.03946685,nurture,🟢 Nurture,🟢 Nurture
17069.0,28,9,2709.7000000000003,4,5,5,455,0,At Risk,574.1020710849789,2011-11-11 17:13:00,0,0.08096623,nurture,🟢 Nurture,🟢 Nurture
17070.0,114,1,304.24,2,2,2,222,0,At Risk,0.0,2011-08-17 17:01:00,1,0.74204737,let_go,⚪ Let Go,⚪ Let Go
17071.0,28,9,2429.03,4,5,5,455,0,At Risk,594.304239261899,2011-11-11 16:31:00,0,0.056186173,nurture,🟢 Nurture,🟢 Nurture
17073.0,18,4,1444.84,4,4,4,444,0,At Risk,744.4402706446756,2011-11-22 11:47:00,0,0.019649042,nurture,🟢 Nurture,🟢 Nurture
17075.0,18,4,834.12,4,4,3,443,0,At Risk,196.75104539012344,2011-11-22 11:58:00,0,0.1779059,nurture,🟢 Nurture,🟢 Nurture
17076.0,36,3,841.0799999999999,3,4,3,343,0,At Risk,202.32014961362773,2011-11-03 17:53:00,0,0.44763756,nurture,🟢 Nurture,🟢 Nurture
17078.0,36,2,375.86,3,3,2,332,0,At Risk,0.0,2011-11-03 19:17:00,0,0.6658681,let_go,⚪ Let Go,⚪ Let Go
17079.0,78,1,118.80000000000001,2,2,1,221,0,At Risk,0.0,2011-09-22 15:34:00,0,0.7762069,let_go,⚪ Let Go,⚪ Let Go
17080.0,22,2,287.62,4,3,2,432,0,At Risk,106.29158499562752,2011-11-17 12:59:00,0,0.2963661,monitor,🔵 Monitor,🔵 Monitor
17081.0,25,2,288.91,4,3,2,432,0,At Risk,342.61993094553145,2011-11-14 12:56:00,0,0.022928758,nurture,🟢 Nurture,🟢 Nurture
17082.0,33,2,2003.85,4,3,4,434,0,At Risk,583.0009678394142,2011-11-06 15:17:00,0,0.5144752,retain,🔴 Retain Immediately,🔴 Retain Immediately
17083.0,109,3,1405.78,2,4,4,244,0,At Risk,247.65559095378427,2011-08-22 15:43:00,1,0.46896213,nurture,🟢 Nurture,🟢 Nurture
17084.0,35,2,2747.9900000000002,3,3,5,335,0,At Risk,0.0,2011-11-04 14:54:00,0,0.7075391,let_go,⚪ Let Go,⚪ Let Go
17085.0,123,5,1562.4,2,4,4,244,0,At Risk,286.975198344041,2011-08-08 14:15:00,1,0.76102686,retain,🔴 Retain Immediately,🔴 Retain Immediately
17086.0,7,6,2050.08,5,5,5,555,0,At Risk,1692.5161198002747,2011-12-02 13:54:00,0,0.004177994,nurture,🟢 Nurture,🟢 Nurture
17088.0,28,4,1991.01,4,4,4,444,0,At Risk,363.2746135552781,2011-11-11 14:23:00,0,0.18610542,nurture,🟢 Nurture,🟢 Nurture
17090.0,4,7,1974.65,5,5,4,554,0,At Risk,480.2206387623612,2011-12-05 13:44:00,0,0.031312373,nurture,🟢 Nurture,🟢 Nurture
17091.0,3,9,3827.76,5,5,5,555,0,At Risk,857.4051523980135,2011-12-07 10:43:00,0,0.0616797,nurture,🟢 Nurture,🟢 Nurture
17092.0,50,4,1774.03,3,4,4,344,0,At Risk,562.4303276200533,2011-10-20 19:51:00,0,0.07932477,nurture,🟢 Nurture,🟢 Nurture
17094.0,322,1,302.0,1,2,2,122,1,Hibernating,0.0,2011-01-21 13:09:00,1,0.74204737,let_go,⚪ Let Go,⚪ Let Go
17095.0,23,3,1324.16,4,4,4,444,0,At Risk,320.35775925415356,2011-11-17 12:21:00,0,0.33009422,nurture,🟢 Nurture,🟢 Nurture
17096.0,15,4,1022.13,4,4,4,444,0,At Risk,322.1356228529288,2011-11-24 15:01:00,0,0.21130753,nurture,🟢 Nurture,🟢 Nurture
17097.0,2,8,954.42,5,5,4,554,0,At Risk,190.79766858272146,2011-12-07 17:05:00,0,0.12220687,nurture,🟢 Nurture,🟢 Nurture
17100.0,18,2,971.74,4,3,4,434,0,At Risk,0.0,2011-11-21 16:36:00,0,0.63040066,let_go,⚪ Let Go,⚪ Let Go
17101.0,10,4,1621.73,5,4,4,544,0,At Risk,701.9532879460821,2011-11-29 13:57:00,0,0.10353094,nurture,🟢 Nurture,🟢 Nurture
17102.0,262,1,25.5,1,2,1,121,1,Hibernating,0.0,2011-03-23 10:08:00,1,0.78097343,let_go,⚪ Let Go,⚪ Let Go
17105.0,159,2,665.78,2,3,3,233,1,Hibernating,154.1736862330893,2011-07-03 15:53:00,1,0.6725723,let_go,⚪ Let Go,⚪ Let Go
17107.0,33,6,10797.48,4,5,5,455,0,At Risk,2971.1847294101,2011-11-06 14:14:00,0,0.0413228,nurture,🟢 Nurture,🟢 Nurture
17109.0,29,6,881.29,4,5,3,453,0,At Risk,168.38667630377176,2011-11-10 16:59:00,0,0.15474306,nurture,🟢 Nurture,🟢 Nurture
17110.0,165,1,163.29999999999998,2,2,1,221,1,Hibernating,0.0,2011-06-27 12:58:00,1,0.7252728,let_go,⚪ Let Go,⚪ Let Go
17111.0,47,1,231.61,3,2,1,321,0,At Risk,0.0,2011-10-23 15:59:00,0,0.7233779,let_go,⚪ Let Go,⚪ Let Go
17114.0,6,8,801.12,5,5,3,553,0,At Risk,173.1606266352741,2011-12-04 12:17:00,0,0.05175958,nurture,🟢 Nurture,🟢 Nurture
17115.0,8,3,837.5,5,4,3,543,0,At Risk,231.45146069551146,2011-12-01 14:30:00,0,0.3197074,nurture,🟢 Nurture,🟢 Nurture
17117.0,288,1,116.19999999999999,1,2,1,121,1,Hibernating,0.0,2011-02-24 13:54:00,1,0.7762069,let_go,⚪ Let Go,⚪ Let Go
17118.0,318,1,157.02,1,2,1,121,1,Hibernating,0.0,2011-01-26 12:19:00,1,0.7986125,let_go,⚪ Let Go,⚪ Let Go
17119.0,3,2,606.91,5,3,3,533,0,At Risk,103.04979768081395,2011-12-06 14:40:00,0,0.69664073,let_go,⚪ Let Go,⚪ Let Go
17120.0,233,1,307.46,1,2,2,122,1,Hibernating,0.0,2011-04-20 15:21:00,1,0.74204737,let_go,⚪ Let Go,⚪ Let Go
17122.0,119,1,138.32,2,2,1,221,0,At Risk,0.0,2011-08-12 14:33:00,1,0.7907084,let_go,⚪ Let Go,⚪ Let Go
17123.0,162,1,345.29999999999995,2,2,2,222,1,Hibernating,0.0,2011-07-01 10:47:00,1,0.70767343,let_go,⚪ Let Go,⚪ Let Go
17124.0,185,1,294.24,1,2,2,122,1,Hibernating,0.0,2011-06-07 14:02:00,1,0.74204737,let_go,⚪ Let Go,⚪ Let Go
17125.0,50,1,230.5,3,2,1,321,0,At Risk,0.0,2011-10-20 14:41:00,0,0.7233779,let_go,⚪ Let Go,⚪ Let Go
17126.0,152,5,989.45,2,4,4,244,1,Hibernating,232.0678633333939,2011-07-10 13:52:00,1,0.22682421,nurture,🟢 Nurture,🟢 Nurture
17128.0,335,1,157.09,1,2,1,121,1,Hibernating,0.0,2011-01-09 12:02:00,1,0.7986125,let_go,⚪ Let Go,⚪ Let Go
17131.0,5,5,2463.17,5,4,5,545,0,At Risk,1651.5030369285828,2011-12-04 12:52:00,0,0.014638047,nurture,🟢 Nurture,🟢 Nurture
17133.0,16,7,4892.240000000001,4,5,5,455,0,At Risk,1391.3228614670334,2011-11-24 12:27:00,0,0.050066408,nurture,🟢 Nurture,🟢 Nurture
17134.0,107,2,413.2,2,3,2,232,0,At Risk,49.35598112837235,2011-08-25 09:53:00,1,0.8408827,let_go,⚪ Let Go,⚪ Let Go
17135.0,16,7,1139.73,4,5,4,454,0,At Risk,232.98785456318402,2011-11-23 16:48:00,0,0.07032391,nurture,🟢 Nurture,🟢 Nurture
17138.0,276,1,380.5,1,2,2,122,1,Hibernating,0.0,2011-03-09 11:54:00,1,0.6658681,let_go,⚪ Let Go,⚪ Let Go
17139.0,16,12,10650.77,4,5,5,455,3,Loyal Customers,2365.8448717293327,2011-11-24 10:12:00,0,0.025274958,nurture,🟢 Nurture,🟢 Nurture
17140.0,247,1,454.12,1,2,2,122,1,Hibernating,0.0,2011-04-06 13:33:00,1,0.64429915,let_go,⚪ Let Go,⚪ Let Go
17142.0,239,1,579.0,1,2,3,123,1,Hibernating,0.0,2011-04-14 18:22:00,1,0.69083667,let_go,⚪ Let Go,⚪ Let Go
17144.0,1,2,984.57,5,3,4,534,0,At Risk,501.6597034061394,2011-12-08 17:57:00,0,0.025761528,nurture,🟢 Nurture,🟢 Nurture
17146.0,106,3,749.78,2,4,3,243,0,At Risk,134.88650003453057,2011-08-26 12:44:00,1,0.5271812,let_go,⚪ Let Go,⚪ Let Go
17147.0,23,4,1714.59,4,4,4,444,0,At Risk,403.7373593343978,2011-11-17 12:32:00,0,0.17650428,nurture,🟢 Nurture,🟢 Nurture
17148.0,52,1,124.88,3,2,1,321,0,At Risk,0.0,2011-10-19 09:59:00,0,0.7570939,let_go,⚪ Let Go,⚪ Let Go
17152.0,195,3,1689.5,1,4,4,144,1,Hibernating,694.8303982066469,2011-05-29 12:19:00,1,0.31838015,nurture,🟢 Nurture,🟢 Nurture
17153.0,24,1,213.78,4,2,1,421,0,At Risk,0.0,2011-11-15 13:42:00,0,0.7233779,let_go,⚪ Let Go,⚪ Let Go
17154.0,75,1,329.34,2,2,2,222,0,At Risk,0.0,2011-09-25 13:42:00,0,0.7176327,let_go,⚪ Let Go,⚪ Let Go
17155.0,18,2,251.70000000000002,4,3,2,432,0,At Risk,79.72622119119453,2011-11-22 12:38:00,0,0.5318899,let_go,⚪ Let Go,⚪ Let Go
17157.0,8,2,319.0,5,3,2,532,0,At Risk,115.23635057913708,2011-12-02 09:10:00,0,0.5480382,let_go,⚪ Let Go,⚪ Let Go
17158.0,32,3,1266.97,4,4,4,444,0,At Risk,252.6136430416735,2011-11-07 15:15:00,0,0.30719963,nurture,🟢 Nurture,🟢 Nurture
17159.0,22,3,1538.88,4,4,4,444,0,At Risk,576.4339352762446,2011-11-18 10:52:00,0,0.09475416,nurture,🟢 Nurture,🟢 Nurture
17160.0,31,6,3518.03,4,5,5,455,0,At Risk,1048.8580988672438,2011-11-08 14:05:00,0,0.122940585,nurture,🟢 Nurture,🟢 Nurture
17162.0,29,10,1715.46,4,5,4,454,0,At Risk,378.2332119946091,2011-11-11 11:34:00,0,0.046056293,nurture,🟢 Nurture,🟢 Nurture
17163.0,22,2,293.1,4,3,2,432,0,At Risk,234.08939843195975,2011-11-18 08:57:00,0,0.09418352,nurture,🟢 Nurture,🟢 Nurture
17164.0,33,7,2467.35,4,5,5,455,0,At Risk,611.4842121989994,2011-11-07 09:14:00,0,0.044206686,nurture,🟢 Nurture,🟢 Nurture
17165.0,284,1,158.68,1,2,1,121,1,Hibernating,0.0,2011-02-28 16:39:00,1,0.7986125,let_go,⚪ Let Go,⚪ Let Go
17166.0,39,2,206.34,3,3,1,331,0,At Risk,52.162934047901686,2011-11-01 09:46:00,0,0.74266595,let_go,⚪ Let Go,⚪ Let Go
17169.0,58,2,835.78,3,3,3,333,0,At Risk,367.102956200522,2011-10-13 10:25:00,0,0.048704244,nurture,🟢 Nurture,🟢 Nurture
17171.0,289,1,224.91,1,2,1,121,1,Hibernating,0.0,2011-02-23 16:37:00,1,0.7233779,let_go,⚪ Let Go,⚪ Let Go
17172.0,79,1,317.76,2,2,2,222,0,At Risk,0.0,2011-09-22 09:36:00,0,0.74204737,let_go,⚪ Let Go,⚪ Let Go
17173.0,5,8,3766.6,5,5,5,555,0,At Risk,1957.425711843753,2011-12-04 14:40:00,0,0.03716754,nurture,🟢 Nurture,🟢 Nurture
17174.0,218,1,59.9,1,2,1,121,1,Hibernating,0.0,2011-05-06 11:47:00,1,0.8278831,let_go,⚪ Let Go,⚪ Let Go
17175.0,44,4,1443.69,3,4,4,344,0,At Risk,299.43273562719764,2011-10-26 15:31:00,0,0.38883507,nurture,🟢 Nurture,🟢 Nurture
17176.0,202,1,306.13,1,2,2,122,1,Hibernating,0.0,2011-05-22 12:41:00,1,0.74204737,let_go,⚪ Let Go,⚪ Let Go
17179.0,178,3,711.79,2,4,3,243,1,Hibernating,138.9342006008717,2011-06-14 16:48:00,1,0.6052222,let_go,⚪ Let Go,⚪ Let Go
17180.0,56,4,783.97,3,4,3,343,0,At Risk,180.02153025499678,2011-10-14 15:46:00,0,0.16777942,nurture,🟢 Nurture,🟢 Nurture
17181.0,57,2,239.92000000000002,3,3,1,331,0,At Risk,32.38022155166101,2011-10-13 14:48:00,0,0.65371233,let_go,⚪ Let Go,⚪ Let Go
17183.0,8,6,3347.31,5,5,5,555,0,At Risk,2165.0201650985346,2011-12-02 10:07:00,0,0.015285541,nurture,🟢 Nurture,🟢 Nurture
17186.0,47,2,144.0,3,3,1,331,0,At Risk,121.80285631808249,2011-10-24 10:20:00,0,0.20307706,monitor,🔵 Monitor,🔵 Monitor
17187.0,227,1,203.95,1,2,1,121,1,Hibernating,0.0,2011-04-27 12:39:00,1,0.7252728,let_go,⚪ Let Go,⚪ Let Go
17188.0,11,7,2474.23,5,5,5,555,0,At Risk,490.9522285163682,2011-11-28 13:53:00,0,0.057358906,nurture,🟢 Nurture,🟢 Nurture
17189.0,106,2,383.75,2,3,2,232,0,At Risk,61.25528670971269,2011-08-25 19:39:00,1,0.739772,let_go,⚪ Let Go,⚪ Let Go
17190.0,59,2,444.74,3,3,2,332,0,At Risk,157.7143635445727,2011-10-12 11:33:00,0,0.29187632,nurture,🟢 Nurture,🟢 Nurture
17191.0,28,7,2093.68,4,5,5,455,0,At Risk,401.56277790303284,2011-11-11 16:58:00,0,0.05899787,nurture,🟢 Nurture,🟢 Nurture
17193.0,36,7,1699.3000000000002,3,5,4,354,0,At Risk,609.384831685497,2011-11-04 12:47:00,0,0.028821934,nurture,🟢 Nurture,🟢 Nurture
17194.0,361,1,226.78,1,2,1,121,1,Hibernating,0.0,2010-12-14 12:06:00,1,0.7233779,let_go,⚪ Let Go,⚪ Let Go
17197.0,30,1,1013.01,4,2,4,424,0,At Risk,0.0,2011-11-10 10:32:00,0,0.61455697,let_go,⚪ Let Go,⚪ Let Go
17198.0,24,3,692.22,4,4,3,443,0,At Risk,121.56026895453596,2011-11-16 10:39:00,0,0.5979983,let_go,⚪ Let Go,⚪ Let Go
17201.0,54,1,289.78,3,2,2,322,0,At Risk,0.0,2011-10-17 11:55:00,0,0.6907499,let_go,⚪ Let Go,⚪ Let Go
17203.0,36,6,3560.08,3,5,5,355,0,At Risk,2873.315775995356,2011-11-04 12:27:00,0,0.011777193,nurture,🟢 Nurture,🟢 Nurture
17204.0,175,4,1564.56,2,4,4,244,1,Hibernating,305.13593791111975,2011-06-17 14:46:00,1,0.8148833,retain,🔴 Retain Immediately,🔴 Retain Immediately
17205.0,54,1,384.08,3,2,2,322,0,At Risk,0.0,2011-10-17 12:46:00,0,0.6658681,let_go,⚪ Let Go,⚪ Let Go
17206.0,53,1,204.24,3,2,1,321,0,At Risk,0.0,2011-10-17 13:25:00,0,0.7252728,let_go,⚪ Let Go,⚪ Let Go
17211.0,27,8,2317.2200000000003,4,5,5,455,0,At Risk,487.3053436790177,2011-11-13 12:03:00,0,0.06816159,nurture,🟢 Nurture,🟢 Nurture
17212.0,253,1,226.85,1,2,1,121,1,Hibernating,0.0,2011-03-31 19:42:00,1,0.7233779,let_go,⚪ Let Go,⚪ Let Go
17213.0,40,7,2781.23,3,5,5,355,0,At Risk,611.6591531769036,2011-10-30 14:53:00,0,0.046090066,nurture,🟢 Nurture,🟢 Nurture
17214.0,60,6,1059.1200000000001,3,5,4,354,0,At Risk,224.5899695820293,2011-10-10 13:17:00,0,0.32823,nurture,🟢 Nurture,🟢 Nurture
17217.0,234,1,113.5,1,2,1,121,1,Hibernating,0.0,2011-04-19 17:19:00,1,0.7762069,let_go,⚪ Let Go,⚪ Let Go
17218.0,4,10,1951.97,5,5,4,554,0,At Risk,391.03564673461426,2011-12-05 13:52:00,0,0.035333138,nurture,🟢 Nurture,🟢 Nurture
17219.0,32,1,114.23,4,2,1,421,0,At Risk,0.0,2011-11-08 11:25:00,0,0.7762069,let_go,⚪ Let Go,⚪ Let Go
17220.0,24,14,3187.55,4,5,5,455,0,At Risk,680.4515542355862,2011-11-15 13:47:00,0,0.020020837,nurture,🟢 Nurture,🟢 Nurture
17221.0,7,2,334.48,5,3,2,532,0,At Risk,447.2518511518596,2011-12-02 13:35:00,0,0.04421894,nurture,🟢 Nurture,🟢 Nurture
17222.0,65,1,328.65,3,2,2,322,0,At Risk,0.0,2011-10-05 13:58:00,0,0.7176327,let_go,⚪ Let Go,⚪ Let Go
17223.0,310,2,381.89,1,3,2,132,1,Hibernating,47.54545647479391,2011-02-02 15:57:00,1,0.83262956,let_go,⚪ Let Go,⚪ Let Go
17226.0,309,1,393.49,1,2,2,122,1,Hibernating,0.0,2011-02-04 11:52:00,1,0.6658681,let_go,⚪ Let Go,⚪ Let Go
17227.0,19,6,939.32,4,5,4,454,0,At Risk,197.1407042434309,2011-11-21 10:51:00,0,0.35526055,nurture,🟢 Nurture,🟢 Nurture
17228.0,16,8,1906.09,4,5,4,454,0,At Risk,407.8332691901585,2011-11-24 10:24:00,0,0.042658944,nurture,🟢 Nurture,🟢 Nurture
17229.0,96,2,318.76,2,3,2,232,0,At Risk,140.66696195939883,2011-09-04 13:56:00,1,0.5480382,let_go,⚪ Let Go,⚪ Let Go
17230.0,264,8,3638.41,1,5,5,155,1,Hibernating,509.1033226262524,2011-03-20 16:12:00,1,0.33337244,nurture,🟢 Nurture,🟢 Nurture
17231.0,12,10,3124.72,5,5,5,555,0,At Risk,691.0436346045899,2011-11-27 15:18:00,0,0.06497643,nurture,🟢 Nurture,🟢 Nurture
17232.0,3,2,417.77,5,3,2,532,0,At Risk,682.2260593880158,2011-12-07 12:21:00,0,0.008178444,nurture,🟢 Nurture,🟢 Nurture
17233.0,35,1,190.88,3,2,1,321,0,At Risk,0.0,2011-11-04 14:06:00,0,0.7252728,let_go,⚪ Let Go,⚪ Let Go
17234.0,183,1,149.89000000000001,1,2,1,121,1,Hibernating,0.0,2011-06-10 11:20:00,1,0.7604684,let_go,⚪ Let Go,⚪ Let Go
17235.0,25,2,550.06,4,3,3,433,0,At Risk,78.07892852729347,2011-11-14 15:51:00,0,0.7238189,let_go,⚪ Let Go,⚪ Let Go
17236.0,13,6,916.13,5,5,3,553,0,At Risk,198.3332722759419,2011-11-27 12:00:00,0,0.15435255,nurture,🟢 Nurture,🟢 Nurture
17237.0,11,2,314.69,5,3,2,532,0,At Risk,204.00542293472768,2011-11-28 15:02:00,0,0.121451184,nurture,🟢 Nurture,🟢 Nurture
17238.0,3,17,3719.1,5,5,5,555,3,Loyal Customers,762.9953485031646,2011-12-07 11:35:00,0,0.029778678,nurture,🟢 Nurture,🟢 Nurture
17239.0,313,1,382.5,1,2,2,122,1,Hibernating,0.0,2011-01-31 09:41:00,1,0.6658681,let_go,⚪ Let Go,⚪ Let Go
17242.0,108,2,1135.04,2,3,4,234,0,At Risk,301.08870749042796,2011-08-23 14:55:00,1,0.7589045,retain,🔴 Retain Immediately,🔴 Retain Immediately
17243.0,1,26,8531.65,5,5,5,555,3,Loyal Customers,1860.1832890658466,2011-12-08 13:26:00,0,0.0051216776,nurture,🟢 Nurture,🟢 Nurture
17244.0,53,1,954.9,3,2,4,324,0,At Risk,0.0,2011-10-17 15:19:00,0,0.6219095,let_go,⚪ Let Go,⚪ Let Go
17245.0,205,1,171.45,1,2,1,121,1,Hibernating,0.0,2011-05-19 10:43:00,1,0.7252728,let_go,⚪ Let Go,⚪ Let Go
17247.0,15,1,280.09000000000003,4,2,2,422,0,At Risk,0.0,2011-11-24 15:21:00,0,0.6907499,let_go,⚪ Let Go,⚪ Let Go
17248.0,120,1,318.65,2,2,2,222,0,At Risk,0.0,2011-08-11 13:34:00,1,0.74204737,let_go,⚪ Let Go,⚪ Let Go
17250.0,4,2,381.97,5,3,2,532,0,At Risk,113.26092828468823,2011-12-06 12:15:00,0,0.5789752,let_go,⚪ Let Go,⚪ Let Go
17251.0,363,1,269.83,1,2,2,122,1,Hibernating,0.0,2010-12-12 11:06:00,1,0.6907499,let_go,⚪ Let Go,⚪ Let Go
17252.0,117,2,348.91,2,3,2,232,0,At Risk,10.615915989903208,2011-08-15 09:45:00,1,0.7698501,let_go,⚪ Let Go,⚪ Let Go
17253.0,18,1,178.26,4,2,1,421,0,At Risk,0.0,2011-11-21 12:59:00,0,0.7252728,let_go,⚪ Let Go,⚪ Let Go
17254.0,5,2,271.19,5,3,2,532,0,At Risk,331.12578349615865,2011-12-05 12:46:00,0,0.023674676,nurture,🟢 Nurture,🟢 Nurture
17255.0,41,2,291.48,3,3,2,332,0,At Risk,84.04824982295554,2011-10-30 12:18:00,0,0.50290316,let_go,⚪ Let Go,⚪ Let Go
17256.0,107,2,240.0,2,3,1,231,0,At Risk,50.09903824475252,2011-08-24 13:30:00,1,0.7408482,let_go,⚪ Let Go,⚪ Let Go
17259.0,148,2,581.23,2,3,3,233,1,Hibernating,80.76454630681182,2011-07-14 15:01:00,1,0.7238189,let_go,⚪ Let Go,⚪ Let Go
17262.0,52,5,1253.3600000000001,3,4,4,344,0,At Risk,262.781738520348,2011-10-18 12:56:00,0,0.14544265,nurture,🟢 Nurture,🟢 Nurture
17263.0,208,1,63.440000000000005,1,2,1,121,1,Hibernating,0.0,2011-05-15 14:32:00,1,0.8278831,let_go,⚪ Let Go,⚪ Let Go
17265.0,139,2,550.01,2,3,3,233,0,At Risk,123.33040194636901,2011-07-24 10:49:00,1,0.6592904,let_go,⚪ Let Go,⚪ Let Go
17266.0,2,3,296.58,5,4,2,542,0,At Risk,120.61250297915942,2011-12-07 14:12:00,0,0.47442132,monitor,🔵 Monitor,🔵 Monitor
17267.0,127,2,317.2,2,3,2,232,0,At Risk,0.0,2011-08-04 17:22:00,1,0.74204737,let_go,⚪ Let Go,⚪ Let Go
17268.0,108,4,763.64,2,4,3,243,0,At Risk,240.18853633315325,2011-08-24 10:06:00,1,0.13903666,nurture,🟢 Nurture,🟢 Nurture
17272.0,42,4,2148.63,3,4,5,345,0,At Risk,537.7481289040505,2011-10-28 16:37:00,0,0.21607623,nurture,🟢 Nurture,🟢 Nurture
17274.0,35,1,107.82,3,2,1,321,0,At Risk,0.0,2011-11-04 13:16:00,0,0.7762069,let_go,⚪ Let Go,⚪ Let Go
17277.0,228,2,1065.3500000000001,1,3,4,134,1,Hibernating,148.0383688122468,2011-04-26 12:47:00,1,0.7328115,let_go,⚪ Let Go,⚪ Let Go
17278.0,241,1,246.04,1,2,1,121,1,Hibernating,0.0,2011-04-12 13:10:00,1,0.7233779,let_go,⚪ Let Go,⚪ Let Go
17279.0,58,1,187.82999999999998,3,2,1,321,0,At Risk,0.0,2011-10-13 11:58:00,0,0.7252728,let_go,⚪ Let Go,⚪ Let Go
17282.0,130,3,1685.46,2,4,4,244,0,At Risk,336.90531261025853,2011-08-01 14:29:00,1,0.60086143,retain,🔴 Retain Immediately,🔴 Retain Immediately
17284.0,60,6,1647.48,3,5,4,354,0,At Risk,250.1877422599942,2011-10-10 14:38:00,0,0.36530212,nurture,🟢 Nurture,🟢 Nurture
17286.0,22,1,151.37,4,2,1,421,0,At Risk,0.0,2011-11-18 12:47:00,0,0.7604684,let_go,⚪ Let Go,⚪ Let Go
17287.0,26,7,1049.06,4,5,4,454,0,At Risk,224.70156177697754,2011-11-13 13:27:00,0,0.13360041,nurture,🟢 Nurture,🟢 Nurture
17288.0,9,7,1417.63,5,5,4,554,0,At Risk,319.26336134206144,2011-11-30 16:09:00,0,0.1408374,nurture,🟢 Nurture,🟢 Nurture
17289.0,32,3,931.02,4,4,4,444,0,At Risk,419.2887714360853,2011-11-08 12:01:00,0,0.07180385,nurture,🟢 Nurture,🟢 Nurture
17290.0,4,2,513.01,5,3,3,533,0,At Risk,514.5428897138745,2011-12-06 12:38:00,0,0.027062071,nurture,🟢 Nurture,🟢 Nurture
17291.0,308,1,550.8000000000001,1,2,3,123,1,Hibernating,0.0,2011-02-04 13:04:00,1,0.69083667,let_go,⚪ Let Go,⚪ Let Go
17293.0,8,9,1854.06,5,5,4,554,0,At Risk,367.0531881533747,2011-12-01 14:37:00,0,0.046912868,nurture,🟢 Nurture,🟢 Nurture
17295.0,29,3,547.0,4,4,3,443,0,At Risk,418.67456449531255,2011-11-11 10:49:00,0,0.049213655,nurture,🟢 Nurture,🟢 Nurture
17297.0,17,1,128.18,4,2,1,421,0,At Risk,0.0,2011-11-22 14:43:00,0,0.79418945,let_go,⚪ Let Go,⚪ Let Go
17298.0,101,2,498.42,2,3,3,233,0,At Risk,375.56627273816105,2011-08-30 16:43:00,1,0.08540513,nurture,🟢 Nurture,🟢 Nurture
17299.0,12,4,656.61,5,4,3,543,0,At Risk,262.2028069902476,2011-11-28 12:01:00,0,0.16757633,nurture,🟢 Nurture,🟢 Nurture
17301.0,21,1,163.24,4,2,1,421,0,At Risk,0.0,2011-11-18 13:43:00,0,0.7252728,let_go,⚪ Let Go,⚪ Let Go
17302.0,15,5,1135.63,4,4,4,444,0,At Risk,287.1237400251133,2011-11-25 09:36:00,0,0.19019839,nurture,🟢 Nurture,🟢 Nurture
17303.0,361,1,250.04,1,2,2,122,1,Hibernating,0.0,2010-12-13 13:32:00,1,0.7233779,let_go,⚪ Let Go,⚪ Let Go
17306.0,11,19,8631.31,5,5,5,555,3,Loyal Customers,1979.6754851791397,2011-11-29 12:14:00,0,0.0051216776,nurture,🟢 Nurture,🟢 Nurture
17309.0,95,1,82.75,2,2,1,221,0,At Risk,0.0,2011-09-05 15:20:00,1,0.7589021,let_go,⚪ Let Go,⚪ Let Go
17311.0,78,2,1384.85,2,3,4,234,0,At Risk,355.9607043129824,2011-09-22 14:11:00,0,0.5447749,retain,🔴 Retain Immediately,🔴 Retain Immediately
17312.0,139,3,644.3,2,4,3,243,0,At Risk,303.31300081589814,2011-07-24 11:52:00,1,0.26075616,nurture,🟢 Nurture,🟢 Nurture
17313.0,31,1,2328.84,4,2,5,425,0,At Risk,0.0,2011-11-08 15:45:00,0,0.6582902,let_go,⚪ Let Go,⚪ Let Go
17314.0,25,8,2527.92,4,5,5,455,0,At Risk,645.6107923377799,2011-11-15 09:41:00,0,0.02883041,nurture,🟢 Nurture,🟢 Nurture
17315.0,2,36,6241.15,5,5,5,555,3,Loyal Customers,1412.7352852743152,2011-12-08 12:15:00,0,0.022378448,nurture,🟢 Nurture,🟢 Nurture
17317.0,46,3,2600.34,3,4,5,345,0,At Risk,548.1591779572775,2011-10-24 17:19:00,0,0.46679735,nurture,🟢 Nurture,🟢 Nurture
17320.0,100,3,1200.6200000000001,2,4,4,244,0,At Risk,217.67088322216154,2011-08-31 13:31:00,1,0.5477666,retain,🔴 Retain Immediately,🔴 Retain Immediately
17321.0,8,2,657.16,5,3,3,533,0,At Risk,67.2221433584166,2011-12-01 13:41:00,0,0.7623405,let_go,⚪ Let Go,⚪ Let Go
17323.0,15,7,903.12,4,5,3,453,0,At Risk,229.2631669307641,2011-11-24 17:29:00,0,0.05838992,nurture,🟢 Nurture,🟢 Nurture
17324.0,18,4,986.48,4,4,4,444,0,At Risk,229.52190130218565,2011-11-22 10:34:00,0,0.29593092,nurture,🟢 Nurture,🟢 Nurture
17325.0,280,1,96.8,1,2,1,121,1,Hibernating,0.0,2011-03-04 13:09:00,1,0.7490496,let_go,⚪ Let Go,⚪ Let Go
17329.0,14,2,523.11,5,3,3,533,0,At Risk,121.59546749058279,2011-11-25 14:24:00,0,0.6592904,let_go,⚪ Let Go,⚪ Let Go
17330.0,23,2,363.9,4,3,2,432,0,At Risk,153.6593177356286,2011-11-17 08:56:00,0,0.2699637,monitor,🔵 Monitor,🔵 Monitor
17331.0,124,1,175.2,2,2,1,221,0,At Risk,0.0,2011-08-08 11:55:00,1,0.7252728,let_go,⚪ Let Go,⚪ Let Go
17333.0,86,1,494.25,2,2,3,223,0,At Risk,0.0,2011-09-15 10:11:00,0,0.6685883,let_go,⚪ Let Go,⚪ Let Go
17334.0,302,2,307.02,1,3,2,132,1,Hibernating,6.200998468530001,2011-02-10 14:59:00,1,0.7666524,let_go,⚪ Let Go,⚪ Let Go
17337.0,151,4,1979.61,2,4,4,244,1,Hibernating,307.5008947123541,2011-07-11 14:55:00,1,0.79983264,retain,🔴 Retain Immediately,🔴 Retain Immediately
17338.0,17,8,6484.75,4,5,5,455,0,At Risk,1389.168524625219,2011-11-22 14:23:00,0,0.060889084,nurture,🟢 Nurture,🟢 Nurture
17339.0,94,2,243.36,2,3,1,231,0,At Risk,70.15101860339622,2011-09-06 13:29:00,1,0.7220697,let_go,⚪ Let Go,⚪ Let Go
17340.0,30,11,12353.29,4,5,5,455,3,Loyal Customers,2322.448090465951,2011-11-10 10:45:00,0,0.018415898,nurture,🟢 Nurture,🟢 Nurture
17341.0,157,3,682.29,2,4,3,243,1,Hibernating,100.77539167792995,2011-07-06 12:33:00,1,0.6312734,let_go,⚪ Let Go,⚪ Let Go
17343.0,355,1,193.64,1,2,1,121,1,Hibernating,0.0,2010-12-19 15:07:00,1,0.7252728,let_go,⚪ Let Go,⚪ Let Go
17344.0,46,1,157.62,3,2,1,321,0,At Risk,0.0,2011-10-24 12:56:00,0,0.7986125,let_go,⚪ Let Go,⚪ Let Go
17345.0,15,4,519.6899999999999,4,4,3,443,0,At Risk,201.48334473013193,2011-11-24 15:03:00,0,0.18350391,nurture,🟢 Nurture,🟢 Nurture
17346.0,4,15,2622.88,5,5,5,555,3,Loyal Customers,566.1676664024429,2011-12-06 12:18:00,0,0.024817223,nurture,🟢 Nurture,🟢 Nurture
17347.0,86,1,228.96,2,2,1,221,0,At Risk,0.0,2011-09-14 13:12:00,0,0.7233779,let_go,⚪ Let Go,⚪ Let Go
17348.0,15,5,1156.6,4,4,4,444,0,At Risk,307.519471318663,2011-11-25 11:25:00,0,0.19019839,nurture,🟢 Nurture,🟢 Nurture
17349.0,179,1,98.25,2,2,1,221,1,Hibernating,0.0,2011-06-13 14:29:00,1,0.7490496,let_go,⚪ Let Go,⚪ Let Go
17350.0,8,4,1281.32,5,4,4,544,0,At Risk,1568.5344463773417,2011-12-01 15:47:00,0,0.0043828483,nurture,🟢 Nurture,🟢 Nurture
17351.0,36,3,587.15,3,4,3,343,0,At Risk,148.5445328591889,2011-11-03 18:45:00,0,0.3667169,monitor,🔵 Monitor,🔵 Monitor
17353.0,129,2,1740.0,2,3,4,234,0,At Risk,698.1542522395832,2011-08-02 17:19:00,1,0.5908336,retain,🔴 Retain Immediately,🔴 Retain Immediately
17354.0,51,1,1393.06,3,2,4,324,0,At Risk,0.0,2011-10-20 10:34:00,0,0.74830544,let_go,⚪ Let Go,⚪ Let Go
17356.0,312,1,178.22,1,2,1,121,1,Hibernating,0.0,2011-02-01 11:07:00,1,0.7252728,let_go,⚪ Let Go,⚪ Let Go
17357.0,24,2,384.39,4,3,2,432,0,At Risk,0.0,2011-11-15 16:30:00,0,0.6658681,let_go,⚪ Let Go,⚪ Let Go
17358.0,303,2,360.81,1,3,2,132,1,Hibernating,47.254515899590515,2011-02-09 16:57:00,1,0.83262956,let_go,⚪ Let Go,⚪ Let Go
17359.0,11,1,127.86,5,2,1,521,0,At Risk,0.0,2011-11-28 14:37:00,0,0.79418945,let_go,⚪ Let Go,⚪ Let Go
17360.0,17,3,568.24,4,4,3,443,0,At Risk,172.80495361365482,2011-11-22 13:11:00,0,0.25921944,nurture,🟢 Nurture,🟢 Nurture
17361.0,49,3,488.2,3,4,3,343,0,At Risk,159.83002897467327,2011-10-21 15:43:00,0,0.25610998,nurture,🟢 Nurture,🟢 Nurture
17362.0,239,2,312.23,1,3,2,132,1,Hibernating,72.42449054637302,2011-04-14 14:43:00,1,0.73592854,let_go,⚪ Let Go,⚪ Let Go
17364.0,1,11,4462.68,5,5,5,555,0,At Risk,1045.1007834783125,2011-12-09 09:00:00,0,0.075116955,nurture,🟢 Nurture,🟢 Nurture
17365.0,13,8,4762.32,5,5,5,555,0,At Risk,1068.6108361617057,2011-11-27 12:13:00,0,0.10268844,nurture,🟢 Nurture,🟢 Nurture
17367.0,238,1,167.55,1,2,1,121,1,Hibernating,0.0,2011-04-15 14:21:00,1,0.7252728,let_go,⚪ Let Go,⚪ Let Go
17368.0,23,8,1878.87,4,5,4,454,0,At Risk,341.18273221367326,2011-11-16 15:26:00,0,0.09974929,nurture,🟢 Nurture,🟢 Nurture
17370.0,73,4,446.18,2,4,2,242,0,At Risk,178.29412714645116,2011-09-28 10:14:00,0,0.08599106,nurture,🟢 Nurture,🟢 Nurture
17371.0,17,3,418.4,4,4,2,442,0,At Risk,125.00952158520207,2011-11-22 13:30:00,0,0.5536142,let_go,⚪ Let Go,⚪ Let Go
17372.0,41,8,1337.18,3,5,4,354,0,At Risk,283.96486312020835,2011-10-30 11:37:00,0,0.097828105,nurture,🟢 Nurture,🟢 Nurture
17373.0,40,4,646.92,3,4,3,343,0,At Risk,155.43776378108066,2011-10-30 15:28:00,0,0.2680767,monitor,🔵 Monitor,🔵 Monitor
17374.0,219,2,495.77,1,3,3,133,1,Hibernating,146.22280318738987,2011-05-05 09:05:00,1,0.6242618,let_go,⚪ Let Go,⚪ Let Go
17375.0,199,3,400.1,1,4,2,142,1,Hibernating,86.47203754346025,2011-05-24 15:45:00,1,0.5796903,let_go,⚪ Let Go,⚪ Let Go
17376.0,71,2,203.2,3,3,1,331,0,At Risk,43.842805084449765,2011-09-30 12:36:00,0,0.6558574,let_go,⚪ Let Go,⚪ Let Go
17377.0,24,20,4058.32,4,5,5,455,3,Loyal Customers,860.0263318637442,2011-11-16 11:17:00,0,0.014728025,nurture,🟢 Nurture,🟢 Nurture
17379.0,11,1,389.71999999999997,5,2,2,522,0,At Risk,0.0,2011-11-28 13:56:00,0,0.6658681,let_go,⚪ Let Go,⚪ Let Go
17381.0,9,29,20275.61,5,5,5,555,3,Loyal Customers,4322.614659608617,2011-12-01 11:59:00,0,0.010384795,nurture,🟢 Nurture,🟢 Nurture
17382.0,65,1,65.4,3,2,1,321,0,At Risk,0.0,2011-10-05 13:05:00,0,0.8278831,let_go,⚪ Let Go,⚪ Let Go
17383.0,4,1,193.39000000000001,5,2,1,521,0,At Risk,0.0,2011-12-05 17:36:00,0,0.7252728,let_go,⚪ Let Go,⚪ Let Go
17384.0,19,2,336.4,4,3,2,432,0,At Risk,66.62774521393486,2011-11-20 15:48:00,0,0.7088968,let_go,⚪ Let Go,⚪ Let Go
17385.0,15,1,256.11,4,2,2,422,0,At Risk,0.0,2011-11-25 11:02:00,0,0.7233779,let_go,⚪ Let Go,⚪ Let Go
17386.0,8,6,2686.42,5,5,5,555,0,At Risk,1113.89237062477,2011-12-02 11:28:00,0,0.060780052,nurture,🟢 Nurture,🟢 Nurture
17387.0,20,2,746.81,4,3,3,433,0,At Risk,1002.6413354106135,2011-11-20 11:00:00,0,0.0053851525,nurture,🟢 Nurture,🟢 Nurture
17388.0,78,4,1259.56,2,4,4,244,0,At Risk,292.3918039494396,2011-09-23 10:31:00,0,0.21633376,nurture,🟢 Nurture,🟢 Nurture
17389.0,1,34,31833.68,5,5,5,555,3,Loyal Customers,7840.930727640919,2011-12-09 09:38:00,0,0.010384795,nurture,🟢 Nurture,🟢 Nurture
17391.0,164,2,508.8,2,3,3,233,1,Hibernating,79.96028499985147,2011-06-29 09:58:00,1,0.7238189,let_go,⚪ Let Go,⚪ Let Go
17392.0,307,2,411.27,1,3,2,132,1,Hibernating,56.95247795268169,2011-02-06 12:48:00,1,0.8408827,let_go,⚪ Let Go,⚪ Let Go
17394.0,219,1,203.86999999999998,1,2,1,121,1,Hibernating,0.0,2011-05-04 13:22:00,1,0.7252728,let_go,⚪ Let Go,⚪ Let Go
17396.0,39,7,7312.8,3,5,5,355,0,At Risk,1817.1668347681252,2011-10-31 14:12:00,0,0.054864526,nurture,🟢 Nurture,🟢 Nurture
17397.0,22,2,681.41,4,3,3,433,0,At Risk,0.0,2011-11-17 14:08:00,0,0.62328583,let_go,⚪ Let Go,⚪ Let Go
17398.0,115,3,653.38,2,4,3,243,0,At Risk,141.4002537187013,2011-08-17 09:48:00,1,0.5979983,let_go,⚪ Let Go,⚪ Let Go
17400.0,126,5,2097.84,2,4,5,245,0,At Risk,440.86302236044196,2011-08-05 15:38:00,1,0.22079803,nurture,🟢 Nurture,🟢 Nurture
17402.0,5,12,2598.85,5,5,5,555,0,At Risk,497.915457547196,2011-12-05 10:15:00,0,0.050434504,nurture,🟢 Nurture,🟢 Nurture
17403.0,36,1,263.92,3,2,2,322,0,At Risk,0.0,2011-11-03 15:18:00,0,0.7233779,let_go,⚪ Let Go,⚪ Let Go
17404.0,4,13,31781.82,5,5,5,555,3,Loyal Customers,7206.286664730393,2011-12-05 16:26:00,0,0.010164941,nurture,🟢 Nurture,🟢 Nurture
17405.0,1,3,1031.41,5,4,4,544,0,At Risk,406.7333178478205,2011-12-08 17:12:00,0,0.29808864,nurture,🟢 Nurture,🟢 Nurture
17406.0,333,3,2184.42,1,4,5,145,1,Hibernating,555.985886529096,2011-01-10 15:07:00,1,0.4919334,nurture,🟢 Nurture,🟢 Nurture
17408.0,163,1,32.65,2,2,1,221,1,Hibernating,0.0,2011-06-29 12:53:00,1,0.78097343,let_go,⚪ Let Go,⚪ Let Go
17409.0,185,2,771.85,1,3,3,133,1,Hibernating,273.684343941377,2011-06-08 10:36:00,1,0.5255581,retain,🔴 Retain Immediately,🔴 Retain Immediately
17410.0,16,5,1214.72,4,4,4,444,0,At Risk,374.9069821616278,2011-11-23 15:46:00,0,0.094944015,nurture,🟢 Nurture,🟢 Nurture
17411.0,12,3,778.94,5,4,3,543,0,At Risk,195.93205059553847,2011-11-27 14:25:00,0,0.34900457,nurture,🟢 Nurture,🟢 Nurture
17412.0,3,7,1258.06,5,5,4,554,0,At Risk,254.7686109278162,2011-12-07 11:36:00,0,0.052824818,nurture,🟢 Nurture,🟢 Nurture
17414.0,44,2,778.0,3,3,3,333,0,At Risk,126.44405236308174,2011-10-27 12:13:00,0,0.62348175,let_go,⚪ Let Go,⚪ Let Go
17415.0,80,1,507.84,2,2,3,223,0,At Risk,0.0,2011-09-21 12:50:00,0,0.6685883,let_go,⚪ Let Go,⚪ Let Go
17416.0,30,7,6893.42,4,5,5,455,0,At Risk,1476.7538369609847,2011-11-10 12:47:00,0,0.31353757,nurture,🟢 Nurture,🟢 Nurture
17418.0,42,2,463.46000000000004,3,3,2,332,0,At Risk,125.70478522244407,2011-10-28 13:00:00,0,0.6592904,let_go,⚪ Let Go,⚪ Let Go
17419.0,11,12,4226.57,5,5,5,555,0,At Risk,900.5895942262516,2011-11-28 13:47:00,0,0.02659502,nurture,🟢 Nurture,🟢 Nurture
17420.0,50,3,598.83,3,4,3,343,0,At Risk,134.59312702969424,2011-10-20 14:52:00,0,0.5657699,let_go,⚪ Let Go,⚪ Let Go
17422.0,16,6,1979.37,4,5,4,454,0,At Risk,498.7621307719286,2011-11-23 13:27:00,0,0.07393758,nurture,🟢 Nurture,🟢 Nurture
17423.0,46,2,698.41,3,3,3,333,0,At Risk,150.94897579877386,2011-10-24 13:36:00,0,0.677065,let_go,⚪ Let Go,⚪ Let Go
17425.0,19,2,759.17,4,3,3,433,0,At Risk,118.90517041778742,2011-11-20 15:30:00,0,0.62348175,let_go,⚪ Let Go,⚪ Let Go
17426.0,8,6,5037.26,5,5,5,555,0,At Risk,1296.1537344121023,2011-12-01 18:07:00,0,0.0929743,nurture,🟢 Nurture,🟢 Nurture
17427.0,72,1,100.8,3,2,1,321,0,At Risk,0.0,2011-09-29 11:29:00,0,0.8111666,let_go,⚪ Let Go,⚪ Let Go
17428.0,1,28,17256.85,5,5,5,555,3,Loyal Customers,3830.18608225967,2011-12-09 09:45:00,0,0.010384795,nurture,🟢 Nurture,🟢 Nurture
17429.0,128,3,524.9200000000001,2,4,3,243,0,At Risk,157.82068209917472,2011-08-03 13:22:00,1,0.3667169,nurture,🟢 Nurture,🟢 Nurture
17430.0,33,2,265.76,4,3,2,432,0,At Risk,58.82315807526891,2011-11-07 09:24:00,0,0.68590057,let_go,⚪ Let Go,⚪ Let Go
17431.0,313,1,403.3,1,2,2,122,1,Hibernating,0.0,2011-01-30 14:36:00,1,0.6658681,let_go,⚪ Let Go,⚪ Let Go
17432.0,18,2,365.76,4,3,2,432,0,At Risk,414.4275613653914,2011-11-21 17:33:00,0,0.03871694,nurture,🟢 Nurture,🟢 Nurture
17433.0,88,1,303.15999999999997,2,2,2,222,0,At Risk,0.0,2011-09-12 14:24:00,0,0.74204737,let_go,⚪ Let Go,⚪ Let Go
17434.0,2,7,2373.82,5,5,5,555,0,At Risk,1545.9104708013028,2011-12-07 13:16:00,0,0.013313015,nurture,🟢 Nurture,🟢 Nurture
17436.0,2,2,216.29999999999998,5,3,1,531,0,At Risk,56.26105897122878,2011-12-08 12:30:00,0,0.7408482,let_go,⚪ Let Go,⚪ Let Go
17438.0,254,1,388.45000000000005,1,2,2,122,1,Hibernating,0.0,2011-03-31 10:26:00,1,0.6658681,let_go,⚪ Let Go,⚪ Let Go
17440.0,157,3,186.42000000000002,2,4,1,241,1,Hibernating,34.91524296941925,2011-07-06 11:54:00,1,0.3880832,monitor,🔵 Monitor,🔵 Monitor
17442.0,37,6,2248.56,3,5,5,355,0,At Risk,553.7754640791356,2011-11-03 09:17:00,0,0.14909816,nurture,🟢 Nurture,🟢 Nurture
17443.0,220,1,534.24,1,2,3,123,1,Hibernating,0.0,2011-05-04 10:47:00,1,0.6685883,let_go,⚪ Let Go,⚪ Let Go
17444.0,152,2,2389.1,2,3,5,235,1,Hibernating,890.1193457208225,2011-07-11 10:33:00,1,0.5297221,retain,🔴 Retain Immediately,🔴 Retain Immediately
17446.0,177,2,120.9,2,3,1,231,1,Hibernating,24.578065665048655,2011-06-16 10:42:00,1,0.79559803,let_go,⚪ Let Go,⚪ Let Go
17447.0,40,2,541.53,3,3,3,333,0,At Risk,248.5308301320541,2011-10-30 14:18:00,0,0.43966436,nurture,🟢 Nurture,🟢 Nurture
17449.0,2,7,2516.21,5,5,5,555,0,At Risk,462.3137995942296,2011-12-07 16:56:00,0,0.057244893,nurture,🟢 Nurture,🟢 Nurture
17450.0,8,46,194390.79,5,5,5,555,2,Champions,43403.71024816752,2011-12-01 13:29:00,0,0.0119413175,nurture,🟢 Nurture,🟢 Nurture
17451.0,1,7,1721.4,5,5,4,554,0,At Risk,1015.4824765293317,2011-12-08 15:02:00,0,0.019868104,nurture,🟢 Nurture,🟢 Nurture
17453.0,18,2,486.71999999999997,4,3,3,433,0,At Risk,228.98392370197885,2011-11-22 09:42:00,0,0.13106291,nurture,🟢 Nurture,🟢 Nurture
17454.0,192,4,517.53,1,4,3,143,1,Hibernating,96.18497335581284,2011-05-31 13:58:00,1,0.5933471,let_go,⚪ Let Go,⚪ Let Go
17455.0,204,1,131.7,1,2,1,121,1,Hibernating,0.0,2011-05-20 12:31:00,1,0.79418945,let_go,⚪ Let Go,⚪ Let Go
17456.0,365,1,249.86,1,2,2,122,1,Hibernating,0.0,2010-12-09 15:23:00,1,0.7233779,let_go,⚪ Let Go,⚪ Let Go
17457.0,127,5,1737.7,2,4,4,244,0,At Risk,369.7115563238125,2011-08-05 12:48:00,1,0.11678793,nurture,🟢 Nurture,🟢 Nurture
17458.0,15,1,316.5,4,2,2,422,0,At Risk,0.0,2011-11-24 13:01:00,0,0.74204737,let_go,⚪ Let Go,⚪ Let Go
17459.0,43,2,657.3,3,3,3,333,0,At Risk,580.4582712735971,2011-10-27 13:25:00,0,0.009767799,nurture,🟢 Nurture,🟢 Nurture
17460.0,94,6,622.4300000000001,2,5,3,253,0,At Risk,147.4052925244197,2011-09-06 15:04:00,1,0.4415382,monitor,🔵 Monitor,🔵 Monitor
17461.0,23,3,735.82,4,4,3,443,0,At Risk,863.4815782521475,2011-11-17 10:21:00,0,0.005522847,nurture,🟢 Nurture,🟢 Nurture
17462.0,60,2,675.69,3,3,3,333,0,At Risk,101.71815629675966,2011-10-10 13:56:00,0,0.6925687,let_go,⚪ Let Go,⚪ Let Go
17463.0,16,5,1875.86,4,4,4,444,0,At Risk,348.4014030401188,2011-11-23 13:40:00,0,0.13393965,nurture,🟢 Nurture,🟢 Nurture
17464.0,158,1,289.96000000000004,2,2,2,222,1,Hibernating,0.0,2011-07-04 13:19:00,1,0.74204737,let_go,⚪ Let Go,⚪ Let Go
17466.0,10,2,763.28,5,3,3,533,0,At Risk,413.1926720007783,2011-11-29 13:15:00,0,0.046653762,nurture,🟢 Nurture,🟢 Nurture
17468.0,10,2,137.0,5,3,1,531,0,At Risk,107.61966725780857,2011-11-29 15:33:00,0,0.24280341,monitor,🔵 Monitor,🔵 Monitor
17469.0,16,5,1870.97,4,4,4,444,0,At Risk,672.1500099857785,2011-11-23 13:15:00,0,0.061419956,nurture,🟢 Nurture,🟢 Nurture
17470.0,45,5,1125.07,3,4,4,344,0,At Risk,241.03146212344092,2011-10-26 12:42:00,0,0.18754783,nurture,🟢 Nurture,🟢 Nurture
17472.0,191,3,697.54,1,4,3,143,1,Hibernating,157.93981528458988,2011-06-01 14:57:00,1,0.42325664,nurture,🟢 Nurture,🟢 Nurture
17475.0,79,1,194.37,2,2,1,221,0,At Risk,0.0,2011-09-21 14:55:00,0,0.7252728,let_go,⚪ Let Go,⚪ Let Go
17480.0,78,1,511.82,2,2,3,223,0,At Risk,0.0,2011-09-23 11:39:00,0,0.6685883,let_go,⚪ Let Go,⚪ Let Go
17481.0,4,4,1255.59,5,4,4,544,0,At Risk,842.5308197129724,2011-12-06 12:28:00,0,0.017303297,nurture,🟢 Nurture,🟢 Nurture
17483.0,65,3,414.04,3,4,2,342,0,At Risk,140.96325657015785,2011-10-05 13:10:00,0,0.5411177,let_go,⚪ Let Go,⚪ Let Go
17486.0,261,1,396.87,1,2,2,122,1,Hibernating,0.0,2011-03-23 14:00:00,1,0.6658681,let_go,⚪ Let Go,⚪ Let Go
17489.0,59,2,376.64,3,3,2,332,0,At Risk,104.70567908729356,2011-10-12 08:56:00,0,0.60323524,let_go,⚪ Let Go,⚪ Let Go
17490.0,1,7,2092.32,5,5,5,555,0,At Risk,846.5910030343836,2011-12-09 09:08:00,0,0.021202251,nurture,🟢 Nurture,🟢 Nurture
17491.0,1,10,3558.87,5,5,5,555,0,At Risk,760.2801534123369,2011-12-08 16:18:00,0,0.029890178,nurture,🟢 Nurture,🟢 Nurture
17492.0,248,1,374.57,1,2,2,122,1,Hibernating,0.0,2011-04-05 15:21:00,1,0.6658681,let_go,⚪ Let Go,⚪ Let Go
17495.0,8,2,497.56,5,3,3,533,0,At Risk,334.8853159268608,2011-12-02 12:08:00,0,0.03616917,nurture,🟢 Nurture,🟢 Nurture
17496.0,359,1,271.05,1,2,2,122,1,Hibernating,0.0,2010-12-16 08:39:00,1,0.6907499,let_go,⚪ Let Go,⚪ Let Go
17498.0,76,1,272.22,2,2,2,222,0,At Risk,0.0,2011-09-25 12:25:00,0,0.6907499,let_go,⚪ Let Go,⚪ Let Go
17499.0,290,1,622.88,1,2,3,123,1,Hibernating,0.0,2011-02-23 09:14:00,1,0.62328583,let_go,⚪ Let Go,⚪ Let Go
17500.0,17,3,1138.0,4,4,4,444,0,At Risk,1602.822101086963,2011-11-22 14:25:00,0,0.005809953,nurture,🟢 Nurture,🟢 Nurture
17501.0,221,2,288.6,1,3,2,132,1,Hibernating,0.0,2011-05-03 09:47:00,1,0.6907499,let_go,⚪ Let Go,⚪ Let Go
17502.0,9,4,689.1,5,4,3,543,0,At Risk,801.5550836181347,2011-11-30 13:13:00,0,0.005844838,nurture,🟢 Nurture,🟢 Nurture
17503.0,3,2,558.96,5,3,3,533,0,At Risk,469.0656291179712,2011-12-07 09:18:00,0,0.05029156,nurture,🟢 Nurture,🟢 Nurture
17504.0,206,9,2997.0299999999997,1,5,5,155,1,Hibernating,711.8947943599461,2011-05-17 12:59:00,1,0.21381532,nurture,🟢 Nurture,🟢 Nurture
17505.0,162,2,1145.84,2,3,4,234,1,Hibernating,415.80943954284277,2011-07-01 12:50:00,1,0.5007547,retain,🔴 Retain Immediately,🔴 Retain Immediately
17506.0,76,1,302.2,2,2,2,222,0,At Risk,0.0,2011-09-25 11:39:00,0,0.74204737,let_go,⚪ Let Go,⚪ Let Go
17507.0,262,2,605.58,1,3,3,133,1,Hibernating,117.3001137737379,2011-03-23 11:48:00,1,0.68840057,let_go,⚪ Let Go,⚪ Let Go
17508.0,281,1,387.31,1,2,2,122,1,Hibernating,0.0,2011-03-04 08:10:00,1,0.6658681,let_go,⚪ Let Go,⚪ Let Go
17509.0,58,8,6083.64,3,5,5,355,0,At Risk,2160.149774420639,2011-10-13 10:26:00,0,0.018321814,nurture,🟢 Nurture,🟢 Nurture
17510.0,25,1,308.48,4,2,2,422,0,At Risk,0.0,2011-11-15 10:00:00,0,0.74204737,let_go,⚪ Let Go,⚪ Let Go
17511.0,3,31,91062.38,5,5,5,555,2,Champions,19821.635768927215,2011-12-07 10:12:00,0,0.0119413175,nurture,🟢 Nurture,🟢 Nurture
17512.0,29,10,2924.9900000000002,4,5,5,455,0,At Risk,685.1965939634567,2011-11-11 12:11:00,0,0.029455755,nurture,🟢 Nurture,🟢 Nurture
17513.0,72,1,513.2,3,2,3,323,0,At Risk,0.0,2011-09-28 16:42:00,0,0.6685883,let_go,⚪ Let Go,⚪ Let Go
17514.0,128,1,208.65,2,2,1,221,0,At Risk,0.0,2011-08-03 15:45:00,1,0.7252728,let_go,⚪ Let Go,⚪ Let Go
17515.0,31,4,639.02,4,4,3,443,0,At Risk,124.31957910344565,2011-11-08 14:04:00,0,0.38523516,monitor,🔵 Monitor,🔵 Monitor
17516.0,15,5,764.88,4,4,3,443,0,At Risk,148.15132419311232,2011-11-24 16:51:00,0,0.2119167,monitor,🔵 Monitor,🔵 Monitor
17517.0,309,1,153.94,1,2,1,121,1,Hibernating,0.0,2011-02-04 11:48:00,1,0.7986125,let_go,⚪ Let Go,⚪ Let Go
17519.0,17,6,1844.02,4,5,4,454,0,At Risk,372.34933464514853,2011-11-22 16:43:00,0,0.11850759,nurture,🟢 Nurture,🟢 Nurture
17520.0,54,1,546.81,3,2,3,323,0,At Risk,0.0,2011-10-17 12:04:00,0,0.6685883,let_go,⚪ Let Go,⚪ Let Go
17521.0,30,3,723.2099999999999,4,4,3,443,0,At Risk,283.49642039591964,2011-11-10 11:22:00,0,0.2512987,nurture,🟢 Nurture,🟢 Nurture
17522.0,2,5,1066.15,5,4,4,544,0,At Risk,373.0039459827878,2011-12-08 12:31:00,0,0.08887467,nurture,🟢 Nurture,🟢 Nurture
17523.0,11,4,652.74,5,4,3,543,0,At Risk,912.5459406293223,2011-11-28 13:20:00,0,0.004157742,nurture,🟢 Nurture,🟢 Nurture
17524.0,361,1,145.0,1,2,1,121,1,Hibernating,0.0,2010-12-13 14:32:00,1,0.79090285,let_go,⚪ Let Go,⚪ Let Go
17525.0,360,1,422.70000000000005,1,2,2,122,1,Hibernating,0.0,2010-12-15 12:05:00,1,0.64429915,let_go,⚪ Let Go,⚪ Let Go
17526.0,5,4,1195.8999999999999,5,4,4,544,0,At Risk,259.3369498682489,2011-12-05 11:05:00,0,0.16669402,nurture,🟢 Nurture,🟢 Nurture
17527.0,54,4,939.37,3,4,4,344,0,At Risk,275.30678278983885,2011-10-17 12:32:00,0,0.23114492,nurture,🟢 Nurture,🟢 Nurture
17528.0,1,8,3628.5,5,5,5,555,0,At Risk,2359.4046966932447,2011-12-08 13:27:00,0,0.03716754,nurture,🟢 Nurture,🟢 Nurture
17530.0,1,10,2362.53,5,5,5,555,0,At Risk,491.64046718367194,2011-12-08 18:42:00,0,0.0528753,nurture,🟢 Nurture,🟢 Nurture
17531.0,190,1,296.7,1,2,2,122,1,Hibernating,0.0,2011-06-02 19:17:00,1,0.74204737,let_go,⚪ Let Go,⚪ Let Go
17534.0,54,1,223.36,3,2,1,321,0,At Risk,0.0,2011-10-17 12:47:00,0,0.7233779,let_go,⚪ Let Go,⚪ Let Go
17535.0,280,1,164.4,1,2,1,121,1,Hibernating,0.0,2011-03-04 15:20:00,1,0.7252728,let_go,⚪ Let Go,⚪ Let Go
17536.0,177,1,76.5,2,2,1,221,1,Hibernating,0.0,2011-06-15 13:23:00,1,0.76284915,let_go,⚪ Let Go,⚪ Let Go
17537.0,30,2,887.67,4,3,3,433,0,At Risk,120.24123476423249,2011-11-10 10:56:00,0,0.7861525,let_go,⚪ Let Go,⚪ Let Go
17538.0,26,1,98.42,4,2,1,421,0,At Risk,0.0,2011-11-14 12:12:00,0,0.7490496,let_go,⚪ Let Go,⚪ Let Go
17540.0,25,2,578.9,4,3,3,433,0,At Risk,134.2307624588958,2011-11-15 11:56:00,0,0.6592904,let_go,⚪ Let Go,⚪ Let Go
17542.0,270,1,170.75,1,2,1,121,1,Hibernating,0.0,2011-03-15 11:45:00,1,0.7252728,let_go,⚪ Let Go,⚪ Let Go
17545.0,43,3,642.32,3,4,3,343,0,At Risk,0.0,2011-10-27 14:04:00,0,0.5041109,let_go,⚪ Let Go,⚪ Let Go
17548.0,234,1,103.3,1,2,1,121,1,Hibernating,0.0,2011-04-20 12:01:00,1,0.7762069,let_go,⚪ Let Go,⚪ Let Go
17549.0,24,2,148.86,4,3,1,431,0,At Risk,221.6686724791548,2011-11-16 09:59:00,0,0.062154662,nurture,🟢 Nurture,🟢 Nurture
17550.0,197,3,267.16,1,4,2,142,1,Hibernating,62.01179490873842,2011-05-26 14:09:00,1,0.60710263,let_go,⚪ Let Go,⚪ Let Go
17551.0,359,1,290.34,1,2,2,122,1,Hibernating,0.0,2010-12-15 14:12:00,1,0.74204737,let_go,⚪ Let Go,⚪ Let Go
17552.0,60,4,930.41,3,4,4,344,0,At Risk,181.8165401640162,2011-10-10 17:00:00,0,0.22538733,nurture,🟢 Nurture,🟢 Nurture
17553.0,130,1,1487.6,2,2,4,224,0,At Risk,0.0,2011-08-02 10:00:00,1,0.7488058,let_go,⚪ Let Go,⚪ Let Go
17554.0,1,5,1952.45,5,4,4,544,0,At Risk,664.1539884891016,2011-12-08 14:15:00,0,0.064953744,nurture,🟢 Nurture,🟢 Nurture
17555.0,20,2,480.31,4,3,2,432,0,At Risk,117.37319991234435,2011-11-20 12:22:00,0,0.6592904,let_go,⚪ Let Go,⚪ Let Go
17556.0,206,1,157.9,1,2,1,121,1,Hibernating,0.0,2011-05-18 10:48:00,1,0.7986125,let_go,⚪ Let Go,⚪ Let Go
17557.0,14,3,541.46,5,4,3,543,0,At Risk,261.5229363738394,2011-11-25 12:57:00,0,0.22839148,nurture,🟢 Nurture,🟢 Nurture
17560.0,95,4,854.95,2,4,3,243,0,At Risk,215.4943156574958,2011-09-06 09:18:00,1,0.19590773,nurture,🟢 Nurture,🟢 Nurture
17561.0,19,1,165.12,4,2,1,421,0,At Risk,0.0,2011-11-20 12:53:00,0,0.7252728,let_go,⚪ Let Go,⚪ Let Go
17562.0,14,7,1122.38,5,5,4,554,0,At Risk,388.9800861822688,2011-11-25 14:21:00,0,0.031577356,nurture,🟢 Nurture,🟢 Nurture
17564.0,24,3,454.01,4,4,2,442,0,At Risk,347.89039331993234,2011-11-15 13:27:00,0,0.048991725,nurture,🟢 Nurture,🟢 Nurture
17566.0,8,2,869.77,5,3,3,533,0,At Risk,1238.2110165582203,2011-12-01 19:54:00,0,0.006991999,nurture,🟢 Nurture,🟢 Nurture
17567.0,7,8,4331.48,5,5,5,555,0,At Risk,901.7208828463052,2011-12-02 15:48:00,0,0.05557958,nurture,🟢 Nurture,🟢 Nurture
17569.0,332,1,344.14,1,2,2,122,1,Hibernating,0.0,2011-01-11 14:15:00,1,0.70767343,let_go,⚪ Let Go,⚪ Let Go
17571.0,50,4,1424.42,3,4,4,344,0,At Risk,367.2311538410571,2011-10-20 15:57:00,0,0.12665436,nurture,🟢 Nurture,🟢 Nurture
17572.0,71,4,226.75000000000003,3,4,1,341,0,At Risk,41.71317812009598,2011-09-29 17:53:00,0,0.35355362,monitor,🔵 Monitor,🔵 Monitor
17573.0,29,3,380.6,4,4,2,442,0,At Risk,193.05437173350424,2011-11-10 13:01:00,0,0.09707957,nurture,🟢 Nurture,🟢 Nurture
17574.0,243,1,185.65,1,2,1,121,1,Hibernating,0.0,2011-04-11 09:47:00,1,0.7252728,let_go,⚪ Let Go,⚪ Let Go
17576.0,8,19,3564.83,5,5,5,555,3,Loyal Customers,791.1049710039011,2011-12-01 17:56:00,0,0.017322272,nurture,🟢 Nurture,🟢 Nurture
17578.0,218,1,143.45999999999998,1,2,1,121,1,Hibernating,0.0,2011-05-05 18:38:00,1,0.79090285,let_go,⚪ Let Go,⚪ Let Go
17579.0,5,3,448.90000000000003,5,4,2,542,0,At Risk,157.6015609858232,2011-12-05 12:28:00,0,0.26075903,nurture,🟢 Nurture,🟢 Nurture
17580.0,253,3,212.77,1,4,1,141,1,Hibernating,50.252057573051616,2011-04-01 12:41:00,1,0.77256507,let_go,⚪ Let Go,⚪ Let Go
17581.0,1,25,11025.24,5,5,5,555,3,Loyal Customers,2377.233919310733,2011-12-09 12:21:00,0,0.0051216776,nurture,🟢 Nurture,🟢 Nurture
17582.0,236,1,175.27,1,2,1,121,1,Hibernating,0.0,2011-04-17 13:18:00,1,0.7252728,let_go,⚪ Let Go,⚪ Let Go
17584.0,7,2,1242.3,5,3,4,534,0,At Risk,463.868501344984,2011-12-02 17:12:00,0,0.3643079,nurture,🟢 Nurture,🟢 Nurture
17585.0,109,4,1116.68,2,4,4,244,0,At Risk,200.93728427760027,2011-08-22 13:30:00,1,0.3397734,nurture,🟢 Nurture,🟢 Nurture
17588.0,100,3,1240.2,2,4,4,244,0,At Risk,370.3370794945981,2011-08-31 13:37:00,1,0.2252387,nurture,🟢 Nurture,🟢 Nurture
17589.0,60,4,2402.92,3,4,5,345,0,At Risk,706.0275956199711,2011-10-10 16:58:00,0,0.11525118,nurture,🟢 Nurture,🟢 Nurture
17590.0,2,3,1466.77,5,4,4,544,0,At Risk,1786.1906866925337,2011-12-07 12:55:00,0,0.004263191,nurture,🟢 Nurture,🟢 Nurture
17591.0,73,7,2203.67,2,5,5,255,0,At Risk,441.8002995531058,2011-09-27 13:42:00,0,0.063536726,nurture,🟢 Nurture,🟢 Nurture
17593.0,4,5,3923.86,5,4,5,545,0,At Risk,860.2904673006731,2011-12-06 10:30:00,0,0.07846554,nurture,🟢 Nurture,🟢 Nurture
17594.0,85,2,993.18,2,3,4,234,0,At Risk,354.7903122516034,2011-09-15 16:34:00,0,0.42653286,nurture,🟢 Nurture,🟢 Nurture
17595.0,12,2,386.69,5,3,2,532,0,At Risk,502.2673294350766,2011-11-27 16:08:00,0,0.010296733,nurture,🟢 Nurture,🟢 Nurture
17596.0,23,7,2806.69,4,5,5,455,0,At Risk,584.8585381190005,2011-11-16 14:11:00,0,0.063000664,nurture,🟢 Nurture,🟢 Nurture
17597.0,214,1,2044.3700000000001,1,2,5,125,1,Hibernating,0.0,2011-05-10 11:54:00,1,0.77879804,let_go,⚪ Let Go,⚪ Let Go
17600.0,18,1,161.67000000000002,4,2,1,421,0,At Risk,0.0,2011-11-22 09:43:00,0,0.77871877,let_go,⚪ Let Go,⚪ Let Go
17601.0,239,1,116.00999999999999,1,2,1,121,1,Hibernating,0.0,2011-04-14 18:02:00,1,0.7762069,let_go,⚪ Let Go,⚪ Let Go
17602.0,2,6,5054.42,5,5,5,555,0,At Risk,1186.7877910149593,2011-12-07 13:53:00,0,0.0929743,nurture,🟢 Nurture,🟢 Nurture
17603.0,78,1,394.72,2,2,2,222,0,At Risk,0.0,2011-09-22 14:18:00,0,0.6658681,let_go,⚪ Let Go,⚪ Let Go
17604.0,217,2,309.36,1,3,2,132,1,Hibernating,76.50700888365888,2011-05-06 13:43:00,1,0.6522705,let_go,⚪ Let Go,⚪ Let Go
17608.0,33,2,191.99,4,3,1,431,0,At Risk,0.0,2011-11-06 13:06:00,0,0.7252728,let_go,⚪ Let Go,⚪ Let Go
17609.0,41,5,1098.28,3,4,4,344,0,At Risk,200.6894406948123,2011-10-30 12:28:00,0,0.3357807,nurture,🟢 Nurture,🟢 Nurture
17611.0,7,15,3961.12,5,5,5,555,3,Loyal Customers,870.9131510668626,2011-12-02 13:29:00,0,0.009922908,nurture,🟢 Nurture,🟢 Nurture
17612.0,53,6,2048.45,3,5,5,355,0,At Risk,522.6444958712826,2011-10-17 14:59:00,0,0.14112905,nurture,🟢 Nurture,🟢 Nurture
17613.0,23,14,4544.55,4,5,5,455,3,Loyal Customers,1095.106290433614,2011-11-17 10:51:00,0,0.04392599,nurture,🟢 Nurture,🟢 Nurture
17614.0,57,1,386.32,3,2,2,322,0,At Risk,0.0,2011-10-13 16:01:00,0,0.6658681,let_go,⚪ Let Go,⚪ Let Go
17615.0,130,3,329.6,2,4,2,242,0,At Risk,81.60350056091028,2011-08-01 14:06:00,1,0.54992,let_go,⚪ Let Go,⚪ Let Go
17616.0,174,3,571.1999999999999,2,4,3,243,1,Hibernating,71.96844023253755,2011-06-19 10:11:00,1,0.66319263,let_go,⚪ Let Go,⚪ Let Go
17618.0,6,3,930.28,5,4,4,544,0,At Risk,192.1169591512933,2011-12-04 11:50:00,0,0.5466076,retain,🔴 Retain Immediately,🔴 Retain Immediately
17619.0,312,1,214.37,1,2,1,121,1,Hibernating,0.0,2011-01-31 14:18:00,1,0.7233779,let_go,⚪ Let Go,⚪ Let Go
17620.0,60,1,81.44,3,2,1,321,0,At Risk,0.0,2011-10-11 12:08:00,0,0.7589021,let_go,⚪ Let Go,⚪ Let Go
17621.0,21,3,1379.9,4,4,4,444,0,At Risk,342.5555910060743,2011-11-18 17:11:00,0,0.23984875,nurture,🟢 Nurture,🟢 Nurture
17623.0,33,1,527.0500000000001,4,2,3,423,0,At Risk,0.0,2011-11-07 11:32:00,0,0.6685883,let_go,⚪ Let Go,⚪ Let Go
17624.0,15,2,843.48,4,3,3,433,0,At Risk,265.9042052450312,2011-11-25 10:52:00,0,0.5205216,retain,🔴 Retain Immediately,🔴 Retain Immediately
17625.0,18,4,2020.4,4,4,4,444,0,At Risk,542.426391741673,2011-11-21 13:36:00,0,0.08387139,nurture,🟢 Nurture,🟢 Nurture
17628.0,81,1,75.75,2,2,1,221,0,At Risk,0.0,2011-09-19 15:21:00,0,0.76284915,let_go,⚪ Let Go,⚪ Let Go
17629.0,6,8,1814.12,5,5,4,554,0,At Risk,385.41429508392116,2011-12-04 10:56:00,0,0.050400663,nurture,🟢 Nurture,🟢 Nurture
17630.0,170,2,503.59999999999997,2,3,3,233,1,Hibernating,96.80433145486192,2011-06-23 11:58:00,1,0.6977107,let_go,⚪ Let Go,⚪ Let Go
17631.0,2,3,528.33,5,4,3,543,0,At Risk,100.35990622611835,2011-12-08 09:47:00,0,0.63690305,let_go,⚪ Let Go,⚪ Let Go
17633.0,31,4,1324.84,4,4,4,444,0,At Risk,691.4224557709141,2011-11-08 13:25:00,0,0.02370569,nurture,🟢 Nurture,🟢 Nurture
17634.0,36,9,2358.59,3,5,5,355,0,At Risk,403.685771046171,2011-11-03 13:09:00,0,0.050563265,nurture,🟢 Nurture,🟢 Nurture
17636.0,19,1,285.56,4,2,2,422,0,At Risk,0.0,2011-11-20 14:40:00,0,0.6907499,let_go,⚪ Let Go,⚪ Let Go
17637.0,31,2,547.0600000000001,4,3,3,433,0,At Risk,213.92829250434943,2011-11-08 12:51:00,0,0.4971471,nurture,🟢 Nurture,🟢 Nurture
17639.0,276,1,108.5,1,2,1,121,1,Hibernating,0.0,2011-03-08 15:22:00,1,0.7762069,let_go,⚪ Let Go,⚪ Let Go
17640.0,87,1,621.66,2,2,3,223,0,At Risk,0.0,2011-09-14 09:13:00,0,0.62328583,let_go,⚪ Let Go,⚪ Let Go
17642.0,120,2,712.29,2,3,3,233,0,At Risk,229.22016986378128,2011-08-12 09:11:00,1,0.6188164,retain,🔴 Retain Immediately,🔴 Retain Immediately
17643.0,373,1,101.55,1,2,1,121,1,Hibernating,0.0,2010-12-01 14:38:00,1,0.7762069,let_go,⚪ Let Go,⚪ Let Go
17644.0,1,11,2895.64,5,5,5,555,0,At Risk,802.4769891949029,2011-12-08 13:43:00,0,0.02932333,nurture,🟢 Nurture,🟢 Nurture
17646.0,219,3,1008.39,1,4,4,144,1,Hibernating,221.55169649944946,2011-05-04 13:17:00,1,0.6190884,retain,🔴 Retain Immediately,🔴 Retain Immediately
17647.0,65,1,133.06,3,2,1,321,0,At Risk,0.0,2011-10-05 15:38:00,0,0.79418945,let_go,⚪ Let Go,⚪ Let Go
17648.0,61,4,1797.5,3,4,4,344,0,At Risk,500.3161299507342,2011-10-10 09:41:00,0,0.06517828,nurture,🟢 Nurture,🟢 Nurture
17649.0,138,1,868.49,2,2,3,223,0,At Risk,0.0,2011-07-24 15:53:00,1,0.6219095,let_go,⚪ Let Go,⚪ Let Go
17650.0,21,1,166.08,4,2,1,421,0,At Risk,0.0,2011-11-18 14:52:00,0,0.7252728,let_go,⚪ Let Go,⚪ Let Go
17651.0,12,10,3945.0,5,5,5,555,0,At Risk,1619.7068033340697,2011-11-28 10:29:00,0,0.13106948,nurture,🟢 Nurture,🟢 Nurture
17652.0,25,12,4867.72,4,5,5,455,0,At Risk,1376.5473680528967,2011-11-14 12:55:00,0,0.11872403,nurture,🟢 Nurture,🟢 Nurture
17653.0,37,4,1207.56,3,4,4,344,0,At Risk,727.7918333909622,2011-11-03 12:46:00,0,0.017303297,nurture,🟢 Nurture,🟢 Nurture
17654.0,277,1,117.55,1,2,1,121,1,Hibernating,0.0,2011-03-07 13:17:00,1,0.7762069,let_go,⚪ Let Go,⚪ Let Go
17655.0,11,7,2638.94,5,5,5,555,0,At Risk,477.7647891266324,2011-11-29 11:34:00,0,0.057244893,nurture,🟢 Nurture,🟢 Nurture
17656.0,73,5,1674.69,2,4,4,244,0,At Risk,843.4257189269085,2011-09-27 13:04:00,0,0.048338123,nurture,🟢 Nurture,🟢 Nurture
17658.0,26,2,595.42,4,3,3,433,0,At Risk,172.31495745305182,2011-11-14 12:07:00,0,0.52748674,retain,🔴 Retain Immediately,🔴 Retain Immediately
17659.0,17,12,2999.46,4,5,5,455,0,At Risk,632.3588510810279,2011-11-22 13:29:00,0,0.06589451,nurture,🟢 Nurture,🟢 Nurture
17660.0,141,1,178.75,2,2,1,221,0,At Risk,0.0,2011-07-21 13:37:00,1,0.7252728,let_go,⚪ Let Go,⚪ Let Go
17663.0,26,7,1802.91,4,5,4,454,0,At Risk,434.85300252583056,2011-11-14 08:56:00,0,0.057895105,nurture,🟢 Nurture,🟢 Nurture
17664.0,19,2,604.64,4,3,3,433,0,At Risk,171.99472988046486,2011-11-21 11:29:00,0,0.5809057,retain,🔴 Retain Immediately,🔴 Retain Immediately
17666.0,4,2,728.16,5,3,3,533,0,At Risk,492.9568077749284,2011-12-06 09:06:00,0,0.012292644,nurture,🟢 Nurture,🟢 Nurture
17667.0,66,5,2055.51,3,4,5,345,0,At Risk,362.65912844005055,2011-10-04 14:32:00,0,0.13393965,nurture,🟢 Nurture,🟢 Nurture
17668.0,1,2,347.75,5,3,2,532,0,At Risk,400.1810536463748,2011-12-08 13:25:00,0,0.03871694,nurture,🟢 Nurture,🟢 Nurture
17669.0,43,7,3406.7200000000003,3,5,5,355,0,At Risk,1009.2300388636721,2011-10-28 08:53:00,0,0.10002332,nurture,🟢 Nurture,🟢 Nurture
17670.0,228,1,205.7,1,2,1,121,1,Hibernating,0.0,2011-04-26 09:12:00,1,0.7252728,let_go,⚪ Let Go,⚪ Let Go
17671.0,16,4,1572.71,4,4,4,444,0,At Risk,315.17067836588353,2011-11-24 12:21:00,0,0.8148833,retain,🔴 Retain Immediately,🔴 Retain Immediately
17672.0,50,2,3178.17,3,3,5,335,0,At Risk,874.8944213537795,2011-10-20 14:18:00,0,0.48349282,nurture,🟢 Nurture,🟢 Nurture
17673.0,2,6,1594.97,5,5,4,554,0,At Risk,334.5937167896408,2011-12-08 12:50:00,0,0.313349,nurture,🟢 Nurture,🟢 Nurture
17674.0,74,2,551.04,2,3,3,233,0,At Risk,94.57636099715089,2011-09-26 13:35:00,0,0.6977107,let_go,⚪ Let Go,⚪ Let Go
17675.0,1,31,20374.28,5,5,5,555,3,Loyal Customers,4451.747675027264,2011-12-08 18:03:00,0,0.010384795,nurture,🟢 Nurture,🟢 Nurture
17676.0,4,6,1371.18,5,5,4,554,0,At Risk,265.78113348770955,2011-12-05 15:16:00,0,0.23706385,nurture,🟢 Nurture,🟢 Nurture
17677.0,2,30,16345.38,5,5,5,555,3,Loyal Customers,3502.4112366973127,2011-12-08 09:56:00,0,0.010384795,nurture,🟢 Nurture,🟢 Nurture
17678.0,264,1,298.11,1,2,2,122,1,Hibernating,0.0,2011-03-21 11:52:00,1,0.74204737,let_go,⚪ Let Go,⚪ Let Go
17679.0,53,2,1992.1100000000001,3,3,4,334,0,At Risk,446.9770440289044,2011-10-18 07:43:00,0,0.7197006,retain,🔴 Retain Immediately,🔴 Retain Immediately
17680.0,24,1,184.4,4,2,1,421,0,At Risk,0.0,2011-11-16 12:42:00,0,0.7252728,let_go,⚪ Let Go,⚪ Let Go
17682.0,10,6,2474.33,5,5,5,555,0,At Risk,513.6955396615613,2011-11-29 15:59:00,0,0.18534073,nurture,🟢 Nurture,🟢 Nurture
17684.0,44,1,239.41,3,2,1,321,0,At Risk,0.0,2011-10-27 11:10:00,0,0.7233779,let_go,⚪ Let Go,⚪ Let Go
17685.0,17,7,3155.83,4,5,5,455,0,At Risk,647.9116739966748,2011-11-23 11:36:00,0,0.10543286,nurture,🟢 Nurture,🟢 Nurture
17686.0,7,7,5739.46,5,5,5,555,0,At Risk,1257.1524763625139,2011-12-02 15:39:00,0,0.06504191,nurture,🟢 Nurture,🟢 Nurture
17690.0,30,15,4726.8,4,5,5,455,3,Loyal Customers,988.9548016517809,2011-11-09 15:17:00,0,0.026810165,nurture,🟢 Nurture,🟢 Nurture
17691.0,358,2,290.40000000000003,1,3,2,132,1,Hibernating,56.42447894471661,2010-12-16 17:20:00,1,0.80716103,let_go,⚪ Let Go,⚪ Let Go
17692.0,127,4,725.5799999999999,2,4,3,243,0,At Risk,108.6363778845425,2011-08-04 14:01:00,1,0.6005988,let_go,⚪ Let Go,⚪ Let Go
17693.0,137,1,200.47,2,2,1,221,0,At Risk,0.0,2011-07-25 15:48:00,1,0.7252728,let_go,⚪ Let Go,⚪ Let Go
17694.0,142,1,283.12,2,2,2,222,0,At Risk,0.0,2011-07-21 12:00:00,1,0.6907499,let_go,⚪ Let Go,⚪ Let Go
17695.0,132,2,765.34,2,3,3,233,0,At Risk,304.2433808990627,2011-07-31 10:40:00,1,0.50274676,retain,🔴 Retain Immediately,🔴 Retain Immediately
17696.0,38,8,2285.71,3,5,5,355,0,At Risk,516.133642806855,2011-11-01 13:43:00,0,0.10397404,nurture,🟢 Nurture,🟢 Nurture
17697.0,236,1,338.95,1,2,2,122,1,Hibernating,0.0,2011-04-17 15:40:00,1,0.70767343,let_go,⚪ Let Go,⚪ Let Go
17698.0,261,1,154.95,1,2,1,121,1,Hibernating,0.0,2011-03-24 11:34:00,1,0.7986125,let_go,⚪ Let Go,⚪ Let Go
17700.0,17,4,2534.64,4,4,5,445,0,At Risk,654.2568546780974,2011-11-23 11:51:00,0,0.21281452,nurture,🟢 Nurture,🟢 Nurture
17701.0,253,1,417.95,1,2,2,122,1,Hibernating,0.0,2011-04-01 12:25:00,1,0.6658681,let_go,⚪ Let Go,⚪ Let Go
17702.0,30,4,1824.37,4,4,4,444,0,At Risk,616.6742341843394,2011-11-09 16:03:00,0,0.08493424,nurture,🟢 Nurture,🟢 Nurture
17703.0,35,3,798.74,3,4,3,343,0,At Risk,388.8673487000947,2011-11-04 15:51:00,0,0.039103456,nurture,🟢 Nurture,🟢 Nurture
17704.0,169,2,885.19,2,3,3,233,1,Hibernating,275.3940073600825,2011-06-24 09:40:00,1,0.67838115,retain,🔴 Retain Immediately,🔴 Retain Immediately
17705.0,3,9,1823.52,5,5,4,554,0,At Risk,479.6601344869041,2011-12-06 13:45:00,0,0.029899063,nurture,🟢 Nurture,🟢 Nurture
17706.0,4,17,10504.49,5,5,5,555,3,Loyal Customers,2336.6507102461023,2011-12-05 13:34:00,0,0.0051216776,nurture,🟢 Nurture,🟢 Nurture
17707.0,185,2,152.4,1,3,1,131,1,Hibernating,29.27781750237659,2011-06-07 15:03:00,1,0.8093484,let_go,⚪ Let Go,⚪ Let Go
17708.0,188,2,263.33,1,3,2,132,1,Hibernating,66.97376725803164,2011-06-05 10:12:00,1,0.7220697,let_go,⚪ Let Go,⚪ Let Go
17709.0,170,1,137.45,2,2,1,221,1,Hibernating,0.0,2011-06-23 11:55:00,1,0.7907084,let_go,⚪ Let Go,⚪ Let Go
17711.0,11,2,385.1,5,3,2,532,0,At Risk,78.01284062209533,2011-11-29 11:40:00,0,0.67891705,let_go,⚪ Let Go,⚪ Let Go
17712.0,45,1,522.91,3,2,3,323,0,At Risk,0.0,2011-10-26 12:28:00,0,0.6685883,let_go,⚪ Let Go,⚪ Let Go
17714.0,321,1,153.0,1,2,1,121,1,Hibernating,0.0,2011-01-23 10:32:00,1,0.7986125,let_go,⚪ Let Go,⚪ Let Go
17715.0,201,1,326.4,1,2,2,122,1,Hibernating,0.0,2011-05-23 12:32:00,1,0.7176327,let_go,⚪ Let Go,⚪ Let Go
17716.0,23,11,5655.99,4,5,5,455,0,At Risk,1577.4719844210717,2011-11-17 12:00:00,0,0.06290643,nurture,🟢 Nurture,🟢 Nurture
17718.0,232,1,139.35,1,2,1,121,1,Hibernating,0.0,2011-04-21 13:39:00,1,0.8024771,let_go,⚪ Let Go,⚪ Let Go
17719.0,38,15,5396.04,3,5,5,355,3,Loyal Customers,1539.2344215877142,2011-11-02 10:36:00,0,0.08397407,nurture,🟢 Nurture,🟢 Nurture
17720.0,26,4,1195.94,4,4,4,444,0,At Risk,291.15475051930684,2011-11-13 15:04:00,0,0.21633376,nurture,🟢 Nurture,🟢 Nurture
17722.0,96,4,2424.04,2,4,5,245,0,At Risk,403.5649625012794,2011-09-04 15:22:00,1,0.3111847,nurture,🟢 Nurture,🟢 Nurture
17723.0,127,6,3276.4000000000005,2,5,5,255,0,At Risk,1179.0598095975329,2011-08-04 18:37:00,1,0.17656884,nurture,🟢 Nurture,🟢 Nurture
17724.0,71,3,1033.0,3,4,4,344,0,At Risk,450.1215619566617,2011-09-29 15:26:00,0,0.32866156,nurture,🟢 Nurture,🟢 Nurture
17725.0,16,11,3439.08,4,5,5,455,0,At Risk,967.2172096013519,2011-11-23 16:34:00,0,0.08831818,nurture,🟢 Nurture,🟢 Nurture
17727.0,15,1,1060.25,4,2,4,424,0,At Risk,0.0,2011-11-24 17:06:00,0,0.573382,let_go,⚪ Let Go,⚪ Let Go
17728.0,4,3,2876.01,5,4,5,545,0,At Risk,2472.8509051129627,2011-12-06 08:52:00,0,0.018758345,nurture,🟢 Nurture,🟢 Nurture
17730.0,3,13,5298.4800000000005,5,5,5,555,0,At Risk,1286.8213723501203,2011-12-06 15:43:00,0,0.08397407,nurture,🟢 Nurture,🟢 Nurture
17731.0,79,4,1240.11,2,4,4,244,0,At Risk,311.98582687727185,2011-09-21 15:02:00,0,0.21633376,nurture,🟢 Nurture,🟢 Nurture
17732.0,373,1,303.97,1,2,2,122,1,Hibernating,0.0,2010-12-02 09:29:00,1,0.74204737,let_go,⚪ Let Go,⚪ Let Go
17733.0,39,2,692.19,3,3,3,333,0,At Risk,243.25221952300072,2011-11-01 08:16:00,0,0.47755006,nurture,🟢 Nurture,🟢 Nurture
17734.0,54,3,700.63,3,4,3,343,0,At Risk,257.6712486777674,2011-10-17 12:33:00,0,0.26446268,nurture,🟢 Nurture,🟢 Nurture
17735.0,2,19,13110.02,5,5,5,555,3,Loyal Customers,2889.24393975955,2011-12-07 16:47:00,0,0.0051216776,nurture,🟢 Nurture,🟢 Nurture
17736.0,9,3,377.44,5,4,2,542,0,At Risk,58.50477791847484,2011-11-30 15:36:00,0,0.599662,let_go,⚪ Let Go,⚪ Let Go
17737.0,9,2,168.24,5,3,1,531,0,At Risk,139.05130099805154,2011-11-30 15:16:00,0,0.24498959,monitor,🔵 Monitor,🔵 Monitor
17738.0,19,4,1879.05,4,4,4,444,0,At Risk,405.71976359916937,2011-11-20 15:05:00,0,0.20922396,nurture,🟢 Nurture,🟢 Nurture
17739.0,12,7,2791.35,5,5,5,555,0,At Risk,600.6150772594533,2011-11-28 09:12:00,0,0.063000664,nurture,🟢 Nurture,🟢 Nurture
17742.0,113,2,355.11,2,3,2,232,0,At Risk,22.98889587338144,2011-08-18 15:28:00,1,0.7770278,let_go,⚪ Let Go,⚪ Let Go
17744.0,4,6,2322.4,5,5,5,555,0,At Risk,492.0123751065103,2011-12-06 12:11:00,0,0.17036834,nurture,🟢 Nurture,🟢 Nurture
17746.0,240,1,110.25,1,2,1,121,1,Hibernating,0.0,2011-04-13 14:31:00,1,0.7762069,let_go,⚪ Let Go,⚪ Let Go
17747.0,113,1,71.4,2,2,1,221,0,At Risk,0.0,2011-08-19 08:13:00,1,0.8278831,let_go,⚪ Let Go,⚪ Let Go
17749.0,178,2,674.52,2,3,3,233,1,Hibernating,159.76023970404594,2011-06-14 15:45:00,1,0.6725723,retain,🔴 Retain Immediately,🔴 Retain Immediately
17750.0,5,9,1694.16,5,5,4,554,0,At Risk,678.5044319121685,2011-12-04 14:09:00,0,0.028714644,nurture,🟢 Nurture,🟢 Nurture
17752.0,359,1,80.64,1,2,1,121,1,Hibernating,0.0,2010-12-15 16:19:00,1,0.7589021,let_go,⚪ Let Go,⚪ Let Go
17754.0,1,5,1664.65,5,4,4,544,0,At Risk,486.31433835932785,2011-12-09 11:20:00,0,0.05743037,nurture,🟢 Nurture,🟢 Nurture
17757.0,1,30,5589.4400000000005,5,5,5,555,3,Loyal Customers,1211.6925504128694,2011-12-08 15:31:00,0,0.030405814,nurture,🟢 Nurture,🟢 Nurture
17758.0,19,8,3408.2000000000003,4,5,5,455,0,At Risk,986.9461490682581,2011-11-20 14:45:00,0,0.1278576,nurture,🟢 Nurture,🟢 Nurture
17759.0,17,3,818.71,4,4,3,443,0,At Risk,485.57329439040404,2011-11-22 16:02:00,0,0.017860018,nurture,🟢 Nurture,🟢 Nurture
17760.0,22,2,287.59,4,3,2,432,0,At Risk,43.65014699701313,2011-11-18 10:56:00,0,0.67619765,let_go,⚪ Let Go,⚪ Let Go
17761.0,33,1,712.78,4,2,3,423,0,At Risk,0.0,2011-11-07 10:23:00,0,0.6470802,let_go,⚪ Let Go,⚪ Let Go
17763.0,263,1,15.0,1,2,1,121,1,Hibernating,0.0,2011-03-21 14:25:00,1,0.7589238,let_go,⚪ Let Go,⚪ Let Go
17764.0,51,2,772.55,3,3,3,333,0,At Risk,333.9645991590728,2011-10-20 11:03:00,0,0.060685273,nurture,🟢 Nurture,🟢 Nurture
17765.0,159,3,367.63,2,4,2,242,1,Hibernating,100.27698700302065,2011-07-04 12:41:00,1,0.5978094,let_go,⚪ Let Go,⚪ Let Go
17767.0,15,1,271.2,4,2,2,422,0,At Risk,0.0,2011-11-24 14:42:00,0,0.6907499,let_go,⚪ Let Go,⚪ Let Go
17768.0,8,3,2081.9,5,4,5,545,0,At Risk,990.485656137703,2011-12-01 13:22:00,0,0.07957203,nurture,🟢 Nurture,🟢 Nurture
17769.0,13,10,3957.43,5,5,5,555,0,At Risk,956.2992336626746,2011-11-27 11:18:00,0,0.036167394,nurture,🟢 Nurture,🟢 Nurture
17770.0,199,5,1143.27,1,4,4,144,1,Hibernating,183.20551389837047,2011-05-25 12:34:00,1,0.32222903,nurture,🟢 Nurture,🟢 Nurture
17771.0,57,2,245.33,3,3,1,331,0,At Risk,55.859507065610856,2011-10-14 11:43:00,0,0.7408482,let_go,⚪ Let Go,⚪ Let Go
17772.0,11,2,173.45,5,3,1,531,0,At Risk,0.0,2011-11-29 11:05:00,0,0.7252728,let_go,⚪ Let Go,⚪ Let Go
17774.0,97,4,1213.73,2,4,4,244,0,At Risk,313.15641536611406,2011-09-04 12:49:00,1,0.21633376,nurture,🟢 Nurture,🟢 Nurture
17775.0,255,1,56.4,1,2,1,121,1,Hibernating,0.0,2011-03-30 10:50:00,1,0.8278831,let_go,⚪ Let Go,⚪ Let Go
17777.0,25,3,647.56,4,4,3,443,0,At Risk,402.6633488370112,2011-11-15 12:02:00,0,0.036270935,nurture,🟢 Nurture,🟢 Nurture
17779.0,21,3,650.32,4,4,3,443,0,At Risk,218.06861548490707,2011-11-18 14:15:00,0,0.32482255,nurture,🟢 Nurture,🟢 Nurture
17781.0,159,2,188.02,2,3,1,231,1,Hibernating,46.82864401121989,2011-07-03 16:00:00,1,0.6558574,let_go,⚪ Let Go,⚪ Let Go
17783.0,72,2,283.47,3,3,2,332,0,At Risk,93.19074783984962,2011-09-28 16:07:00,0,0.3124324,monitor,🔵 Monitor,🔵 Monitor
17785.0,53,1,131.94,3,2,1,321,0,At Risk,0.0,2011-10-17 13:43:00,0,0.79418945,let_go,⚪ Let Go,⚪ Let Go
17786.0,85,2,266.85,2,3,2,232,0,At Risk,71.30920578206374,2011-09-15 12:51:00,0,0.7220697,let_go,⚪ Let Go,⚪ Let Go
17787.0,153,4,1817.54,2,4,4,244,1,Hibernating,284.93934444628013,2011-07-10 11:24:00,1,0.8591875,retain,🔴 Retain Immediately,🔴 Retain Immediately
17788.0,74,2,1112.95,2,3,4,234,0,At Risk,1019.4512914759737,2011-09-27 10:09:00,0,0.024165098,nurture,🟢 Nurture,🟢 Nurture
17789.0,281,1,225.9,1,2,1,121,1,Hibernating,0.0,2011-03-03 13:14:00,1,0.7233779,let_go,⚪ Let Go,⚪ Let Go
17790.0,27,14,1964.3,4,5,4,454,0,At Risk,430.5974076585841,2011-11-13 11:30:00,0,0.017349534,nurture,🟢 Nurture,🟢 Nurture
17791.0,30,1,106.1,4,2,1,421,0,At Risk,0.0,2011-11-10 12:09:00,0,0.7762069,let_go,⚪ Let Go,⚪ Let Go
17793.0,25,1,300.34,4,2,2,422,0,At Risk,0.0,2011-11-14 14:24:00,0,0.74204737,let_go,⚪ Let Go,⚪ Let Go
17795.0,180,2,342.83,1,3,2,132,1,Hibernating,95.93542517395448,2011-06-13 12:36:00,1,0.6212493,let_go,⚪ Let Go,⚪ Let Go
17796.0,40,4,690.0,3,4,3,343,0,At Risk,152.82650411829798,2011-10-30 15:38:00,0,0.22915216,monitor,🔵 Monitor,🔵 Monitor
17797.0,22,3,780.43,4,4,3,443,0,At Risk,355.5549486659323,2011-11-17 13:21:00,0,0.03657155,nurture,🟢 Nurture,🟢 Nurture
17799.0,22,10,3039.17,4,5,5,455,0,At Risk,677.877875716376,2011-11-17 15:16:00,0,0.06497643,nurture,🟢 Nurture,🟢 Nurture
17800.0,37,9,1186.21,3,5,4,354,0,At Risk,272.03677839234877,2011-11-02 12:57:00,0,0.062272288,nurture,🟢 Nurture,🟢 Nurture
17802.0,82,3,1285.04,2,4,4,244,0,At Risk,340.0025472724906,2011-09-18 14:56:00,0,0.20388427,nurture,🟢 Nurture,🟢 Nurture
17805.0,74,1,512.31,2,2,3,223,0,At Risk,0.0,2011-09-27 11:49:00,0,0.6685883,let_go,⚪ Let Go,⚪ Let Go
17806.0,11,1,546.04,5,2,3,523,0,At Risk,0.0,2011-11-28 14:12:00,0,0.6685883,let_go,⚪ Let Go,⚪ Let Go
17809.0,16,12,5411.91,4,5,5,455,0,At Risk,1245.8181296151595,2011-11-23 12:59:00,0,0.075340055,nurture,🟢 Nurture,🟢 Nurture
17811.0,4,39,7755.12,5,5,5,555,3,Loyal Customers,1857.150105125099,2011-12-05 13:46:00,0,0.0051216776,nurture,🟢 Nurture,🟢 Nurture
17812.0,13,4,699.81,5,4,3,543,0,At Risk,134.99272340005894,2011-11-27 11:47:00,0,0.34172535,monitor,🔵 Monitor,🔵 Monitor
17813.0,14,5,1698.07,5,4,4,544,0,At Risk,1364.2871775269487,2011-11-25 16:13:00,0,0.035640847,nurture,🟢 Nurture,🟢 Nurture
17816.0,37,4,36.56,3,4,1,341,0,At Risk,6.401601961402498,2011-11-03 11:34:00,0,0.5071341,let_go,⚪ Let Go,⚪ Let Go
17817.0,4,3,387.68,5,4,2,542,0,At Risk,58.59403306579196,2011-12-05 14:39:00,0,0.599662,let_go,⚪ Let Go,⚪ Let Go
17819.0,72,7,3704.87,3,5,5,355,0,At Risk,747.9146737963956,2011-09-29 10:52:00,0,0.115903355,nurture,🟢 Nurture,🟢 Nurture
17824.0,51,1,298.4,3,2,2,322,0,At Risk,0.0,2011-10-19 14:14:00,0,0.74204737,let_go,⚪ Let Go,⚪ Let Go
17827.0,5,5,1987.33,5,4,4,544,0,At Risk,210.13871179894312,2011-12-04 15:00:00,0,0.55338943,retain,🔴 Retain Immediately,🔴 Retain Immediately
17828.0,23,4,1165.09,4,4,4,444,0,At Risk,242.5045864226339,2011-11-17 08:41:00,0,0.21341497,nurture,🟢 Nurture,🟢 Nurture
17829.0,299,1,889.24,1,2,3,123,1,Hibernating,0.0,2011-02-14 12:46:00,1,0.6219095,let_go,⚪ Let Go,⚪ Let Go
17830.0,2,3,398.7,5,4,2,542,0,At Risk,77.20813010684228,2011-12-08 12:28:00,0,0.5796903,let_go,⚪ Let Go,⚪ Let Go
17831.0,33,1,35.400000000000006,4,2,1,421,0,At Risk,0.0,2011-11-06 15:09:00,0,0.78097343,let_go,⚪ Let Go,⚪ Let Go
17832.0,50,1,155.37,3,2,1,321,0,At Risk,0.0,2011-10-21 11:43:00,0,0.7986125,let_go,⚪ Let Go,⚪ Let Go
17835.0,3,3,342.24,5,4,2,542,0,At Risk,491.0094188206058,2011-12-07 11:48:00,0,0.01829726,nurture,🟢 Nurture,🟢 Nurture
17836.0,47,1,109.83,3,2,1,321,0,At Risk,0.0,2011-10-23 16:13:00,0,0.7762069,let_go,⚪ Let Go,⚪ Let Go
17837.0,42,8,1535.33,3,5,4,354,0,At Risk,696.2498364730612,2011-10-28 16:13:00,0,0.011202587,nurture,🟢 Nurture,🟢 Nurture
17838.0,27,5,2720.8,4,4,5,445,0,At Risk,511.0098585869195,2011-11-13 11:20:00,0,0.18331918,nurture,🟢 Nurture,🟢 Nurture
17839.0,42,1,318.15,3,2,2,322,0,At Risk,0.0,2011-10-28 17:27:00,0,0.74204737,let_go,⚪ Let Go,⚪ Let Go
17841.0,2,124,40495.99,5,5,5,555,2,Champions,8737.489411481443,2011-12-08 12:07:00,0,0.0119413175,nurture,🟢 Nurture,🟢 Nurture
17843.0,303,1,197.73,1,2,1,121,1,Hibernating,0.0,2011-02-09 15:33:00,1,0.7252728,let_go,⚪ Let Go,⚪ Let Go
17844.0,107,1,51.559999999999995,2,2,1,221,0,At Risk,0.0,2011-08-25 11:27:00,1,0.7398539,let_go,⚪ Let Go,⚪ Let Go
17848.0,81,9,901.1999999999999,2,5,3,253,0,At Risk,195.65929023029418,2011-09-19 16:49:00,0,0.051446043,nurture,🟢 Nurture,🟢 Nurture
17849.0,218,4,605.8000000000001,1,4,3,143,1,Hibernating,113.56897651804769,2011-05-05 13:46:00,1,0.5252304,let_go,⚪ Let Go,⚪ Let Go
17850.0,372,34,5391.21,1,5,5,155,3,Loyal Customers,1432.3769962645242,2010-12-02 15:27:00,1,0.12028165,nurture,🟢 Nurture,🟢 Nurture
17852.0,12,2,114.34,5,3,1,531,0,At Risk,0.0,2011-11-28 12:36:00,0,0.7762069,let_go,⚪ Let Go,⚪ Let Go
17854.0,185,2,311.26,1,3,2,132,1,Hibernating,116.70609564092189,2011-06-07 16:21:00,1,0.5480382,let_go,⚪ Let Go,⚪ Let Go
17855.0,373,1,208.97,1,2,1,121,1,Hibernating,0.0,2010-12-02 09:44:00,1,0.7252728,let_go,⚪ Let Go,⚪ Let Go
17856.0,2,4,1418.03,5,4,4,544,0,At Risk,317.3387256698227,2011-12-08 09:40:00,0,0.38883507,nurture,🟢 Nurture,🟢 Nurture
17857.0,4,22,25301.54,5,5,5,555,3,Loyal Customers,5479.1847388604165,2011-12-05 13:13:00,0,0.010384795,nurture,🟢 Nurture,🟢 Nurture
17858.0,6,12,5140.66,5,5,5,555,0,At Risk,1134.8380557163186,2011-12-04 11:56:00,0,0.057654805,nurture,🟢 Nurture,🟢 Nurture
17859.0,305,1,141.92000000000002,1,2,1,121,1,Hibernating,0.0,2011-02-08 10:32:00,1,0.8024771,let_go,⚪ Let Go,⚪ Let Go
17860.0,369,1,226.45000000000002,1,2,1,121,1,Hibernating,0.0,2010-12-06 12:41:00,1,0.7233779,let_go,⚪ Let Go,⚪ Let Go
17861.0,3,8,2097.88,5,5,5,555,0,At Risk,512.1991659502196,2011-12-06 16:21:00,0,0.14154635,nurture,🟢 Nurture,🟢 Nurture
17862.0,324,1,330.9,1,2,2,122,1,Hibernating,0.0,2011-01-20 12:23:00,1,0.7176327,let_go,⚪ Let Go,⚪ Let Go
17863.0,59,6,3160.0,3,5,5,355,0,At Risk,682.4737239117592,2011-10-11 13:45:00,0,0.19050057,nurture,🟢 Nurture,🟢 Nurture
17864.0,13,3,554.85,5,4,3,543,0,At Risk,134.5786407141026,2011-11-27 11:15:00,0,0.5657699,let_go,⚪ Let Go,⚪ Let Go
17865.0,31,20,10524.220000000001,4,5,5,455,3,Loyal Customers,2256.971725058144,2011-11-09 12:08:00,0,0.0051216776,nurture,🟢 Nurture,🟢 Nurture
17866.0,143,1,329.65,2,2,2,222,0,At Risk,0.0,2011-07-20 11:07:00,1,0.7176327,let_go,⚪ Let Go,⚪ Let Go
17867.0,30,6,1157.8700000000001,4,5,4,454,0,At Risk,375.5924122885746,2011-11-09 14:15:00,0,0.094944015,nurture,🟢 Nurture,🟢 Nurture
17869.0,107,5,428.18,2,4,2,242,0,At Risk,57.556859821065544,2011-08-24 16:16:00,1,0.8903154,let_go,⚪ Let Go,⚪ Let Go
17870.0,2,12,1865.89,5,5,4,554,0,At Risk,366.37804255489146,2011-12-07 15:07:00,0,0.030683393,nurture,🟢 Nurture,🟢 Nurture
17871.0,205,1,155.9,1,2,1,121,1,Hibernating,0.0,2011-05-19 11:32:00,1,0.7986125,let_go,⚪ Let Go,⚪ Let Go
17873.0,80,5,1719.5800000000002,2,4,4,244,0,At Risk,379.3866783883635,2011-09-20 16:41:00,0,0.13269958,nurture,🟢 Nurture,🟢 Nurture
17874.0,185,6,683.46,1,5,3,153,1,Hibernating,250.29903341969546,2011-06-07 12:54:00,1,0.21592952,nurture,🟢 Nurture,🟢 Nurture
17877.0,170,1,237.61,2,2,1,221,1,Hibernating,0.0,2011-06-22 13:00:00,1,0.7233779,let_go,⚪ Let Go,⚪ Let Go
17878.0,44,1,379.45,3,2,2,322,0,At Risk,0.0,2011-10-27 11:24:00,0,0.6658681,let_go,⚪ Let Go,⚪ Let Go
17879.0,174,1,178.51999999999998,2,2,1,221,1,Hibernating,0.0,2011-06-19 12:36:00,1,0.7252728,let_go,⚪ Let Go,⚪ Let Go
17880.0,365,1,458.92,1,2,2,122,1,Hibernating,0.0,2010-12-10 10:21:00,1,0.6685883,let_go,⚪ Let Go,⚪ Let Go
17881.0,304,1,133.35000000000002,1,2,1,121,1,Hibernating,0.0,2011-02-08 17:16:00,1,0.79418945,let_go,⚪ Let Go,⚪ Let Go
17883.0,3,4,664.34,5,4,3,543,0,At Risk,208.73460936156715,2011-12-06 17:49:00,0,0.2052275,nurture,🟢 Nurture,🟢 Nurture
17884.0,4,4,695.0699999999999,5,4,3,543,0,At Risk,134.2652127643514,2011-12-06 11:33:00,0,0.33713484,monitor,🔵 Monitor,🔵 Monitor
17885.0,12,1,156.34,5,2,1,521,0,At Risk,0.0,2011-11-27 14:40:00,0,0.7986125,let_go,⚪ Let Go,⚪ Let Go
17886.0,32,3,869.28,4,4,3,443,0,At Risk,268.388740551289,2011-11-08 10:09:00,0,0.30823895,nurture,🟢 Nurture,🟢 Nurture
17887.0,129,1,111.35,2,2,1,221,0,At Risk,0.0,2011-08-02 17:29:00,1,0.7762069,let_go,⚪ Let Go,⚪ Let Go
17888.0,21,8,716.0,4,5,3,453,0,At Risk,169.327675830048,2011-11-18 13:45:00,0,0.091102414,nurture,🟢 Nurture,🟢 Nurture
17889.0,212,2,201.37,1,3,1,131,1,Hibernating,44.44704927134836,2011-05-11 16:26:00,1,0.6558574,let_go,⚪ Let Go,⚪ Let Go
17890.0,323,2,586.89,1,3,3,133,1,Hibernating,48.32649896676249,2011-01-21 11:19:00,1,0.8506902,let_go,⚪ Let Go,⚪ Let Go
17891.0,162,1,203.85999999999999,2,2,1,221,1,Hibernating,0.0,2011-06-30 20:08:00,1,0.7252728,let_go,⚪ Let Go,⚪ Let Go
17892.0,56,3,244.1,3,4,1,341,0,At Risk,65.18182113010243,2011-10-14 16:49:00,0,0.60710263,let_go,⚪ Let Go,⚪ Let Go
17893.0,225,1,107.21,1,2,1,121,1,Hibernating,0.0,2011-04-28 13:50:00,1,0.7762069,let_go,⚪ Let Go,⚪ Let Go
17894.0,72,8,1118.54,3,5,4,354,0,At Risk,243.48191564139546,2011-09-29 09:23:00,0,0.0626088,nurture,🟢 Nurture,🟢 Nurture
17895.0,44,1,95.45,3,2,1,321,0,At Risk,0.0,2011-10-26 17:00:00,0,0.7490496,let_go,⚪ Let Go,⚪ Let Go
17896.0,23,1,256.32,4,2,2,422,0,At Risk,0.0,2011-11-16 13:59:00,0,0.7233779,let_go,⚪ Let Go,⚪ Let Go
17897.0,173,3,541.8100000000001,2,4,3,243,1,Hibernating,109.04954283689335,2011-06-20 11:23:00,1,0.6191771,let_go,⚪ Let Go,⚪ Let Go
17898.0,85,2,152.06,2,3,1,231,0,At Risk,34.78035570223683,2011-09-15 14:56:00,0,0.72703785,let_go,⚪ Let Go,⚪ Let Go
17899.0,159,1,154.55,2,2,1,221,1,Hibernating,0.0,2011-07-03 14:58:00,1,0.7986125,let_go,⚪ Let Go,⚪ Let Go
17900.0,190,2,112.19999999999999,1,3,1,131,1,Hibernating,0.0,2011-06-02 14:38:00,1,0.7762069,let_go,⚪ Let Go,⚪ Let Go
17901.0,29,1,110.38,4,2,1,421,0,At Risk,0.0,2011-11-10 17:29:00,0,0.7762069,let_go,⚪ Let Go,⚪ Let Go
17904.0,21,1,181.07,4,2,1,421,0,At Risk,0.0,2011-11-18 12:57:00,0,0.7252728,let_go,⚪ Let Go,⚪ Let Go
17905.0,71,4,798.99,3,4,3,343,0,At Risk,157.3669714012506,2011-09-29 17:33:00,0,0.23451975,nurture,🟢 Nurture,🟢 Nurture
17906.0,247,1,72.9,1,2,1,121,1,Hibernating,0.0,2011-04-06 17:25:00,1,0.76284915,let_go,⚪ Let Go,⚪ Let Go
17908.0,374,1,232.03,1,2,1,121,1,Hibernating,0.0,2010-12-01 11:45:00,1,0.7233779,let_go,⚪ Let Go,⚪ Let Go
17911.0,9,1,366.23,5,2,2,522,0,At Risk,0.0,2011-11-30 14:52:00,0,0.6658681,let_go,⚪ Let Go,⚪ Let Go
17912.0,310,5,310.06,1,4,2,142,1,Hibernating,55.999117207820525,2011-02-02 14:25:00,1,0.83052105,let_go,⚪ Let Go,⚪ Let Go
17913.0,59,2,408.65,3,3,2,332,0,At Risk,74.7463840059385,2011-10-12 10:45:00,0,0.67891705,let_go,⚪ Let Go,⚪ Let Go
17914.0,4,1,329.36,5,2,2,522,0,At Risk,0.0,2011-12-06 11:58:00,0,0.7176327,let_go,⚪ Let Go,⚪ Let Go
17917.0,45,3,335.03,3,4,2,342,0,At Risk,67.9142325886862,2011-10-25 13:20:00,0,0.591563,let_go,⚪ Let Go,⚪ Let Go
17919.0,88,1,1304.04,2,2,4,224,0,At Risk,0.0,2011-09-12 13:41:00,0,0.7490782,let_go,⚪ Let Go,⚪ Let Go
17920.0,4,17,4107.6,5,5,5,555,3,Loyal Customers,824.1912494380646,2011-12-05 14:29:00,0,0.014728025,nurture,🟢 Nurture,🟢 Nurture
17921.0,64,4,820.23,3,4,3,343,0,At Risk,193.75172396140667,2011-10-06 18:56:00,0,0.17507266,nurture,🟢 Nurture,🟢 Nurture
17923.0,282,1,207.50000000000003,1,2,1,121,1,Hibernating,0.0,2011-03-02 15:15:00,1,0.7252728,let_go,⚪ Let Go,⚪ Let Go
17924.0,12,7,2962.5,5,5,5,555,0,At Risk,671.460709514063,2011-11-28 09:11:00,0,0.08769844,nurture,🟢 Nurture,🟢 Nurture
17925.0,373,1,244.08,1,2,1,121,1,Hibernating,0.0,2010-12-02 10:10:00,1,0.7233779,let_go,⚪ Let Go,⚪ Let Go
17926.0,133,2,397.29,2,3,2,232,0,At Risk,119.76854076775652,2011-07-29 14:39:00,1,0.5949339,let_go,⚪ Let Go,⚪ Let Go
17928.0,45,2,184.46,3,3,1,331,0,At Risk,58.806951295961866,2011-10-25 13:52:00,0,0.68794143,let_go,⚪ Let Go,⚪ Let Go
17929.0,11,4,843.0,5,4,3,543,0,At Risk,202.4284074206729,2011-11-28 16:01:00,0,0.19590773,nurture,🟢 Nurture,🟢 Nurture
17930.0,36,5,1740.48,3,4,4,344,0,At Risk,505.0538528644291,2011-11-04 10:23:00,0,0.05743037,nurture,🟢 Nurture,🟢 Nurture
17931.0,134,2,408.36,2,3,2,232,0,At Risk,59.53894776163776,2011-07-28 18:33:00,1,0.739772,let_go,⚪ Let Go,⚪ Let Go
17932.0,29,3,1331.57,4,4,4,444,0,At Risk,354.5357014789903,2011-11-10 19:49:00,0,0.27544725,nurture,🟢 Nurture,🟢 Nurture
17934.0,52,2,704.25,3,3,3,333,0,At Risk,114.2889175014455,2011-10-19 11:16:00,0,0.69277525,let_go,⚪ Let Go,⚪ Let Go
17935.0,138,2,142.89,2,3,1,231,0,At Risk,10.291880442425807,2011-07-24 13:18:00,1,0.8130552,let_go,⚪ Let Go,⚪ Let Go
17936.0,5,1,380.13,5,2,2,522,0,At Risk,0.0,2011-12-04 13:32:00,0,0.6658681,let_go,⚪ Let Go,⚪ Let Go
17937.0,9,7,4301.22,5,5,5,555,0,At Risk,714.4791931821819,2011-12-01 11:45:00,0,0.042709503,nurture,🟢 Nurture,🟢 Nurture
17939.0,160,1,99.14,2,2,1,221,1,Hibernating,0.0,2011-07-03 12:27:00,1,0.7490496,let_go,⚪ Let Go,⚪ Let Go
17940.0,49,9,2152.1800000000003,3,5,5,355,0,At Risk,317.1728532232246,2011-10-21 13:27:00,0,0.25015306,nurture,🟢 Nurture,🟢 Nurture
17941.0,131,1,304.56,2,2,2,222,0,At Risk,0.0,2011-08-01 08:30:00,1,0.74204737,let_go,⚪ Let Go,⚪ Let Go
17942.0,8,1,77.50000000000001,5,2,1,521,0,At Risk,0.0,2011-12-02 10:45:00,0,0.7589021,let_go,⚪ Let Go,⚪ Let Go
17946.0,233,2,149.57999999999998,1,3,1,131,1,Hibernating,69.39572276075326,2011-04-20 17:00:00,1,0.7690082,let_go,⚪ Let Go,⚪ Let Go
17947.0,37,1,176.68,3,2,1,321,0,At Risk,0.0,2011-11-02 13:05:00,0,0.7252728,let_go,⚪ Let Go,⚪ Let Go
17948.0,147,1,358.56000000000006,2,2,2,222,1,Hibernating,0.0,2011-07-15 12:58:00,1,0.6658681,let_go,⚪ Let Go,⚪ Let Go
17949.0,1,44,58030.48,5,5,5,555,3,Loyal Customers,12660.83262385606,2011-12-08 18:46:00,0,0.0119413175,nurture,🟢 Nurture,🟢 Nurture
17950.0,72,3,482.2,3,4,2,342,0,At Risk,83.53064729407136,2011-09-28 15:18:00,0,0.6037875,let_go,⚪ Let Go,⚪ Let Go
17951.0,40,3,1008.5400000000001,3,4,4,344,0,At Risk,204.5262154252671,2011-10-31 12:30:00,0,0.6190884,retain,🔴 Retain Immediately,🔴 Retain Immediately
17954.0,5,12,2314.13,5,5,5,555,0,At Risk,508.2342131252782,2011-12-04 14:15:00,0,0.112945296,nurture,🟢 Nurture,🟢 Nurture
17955.0,199,4,557.3,1,4,3,143,1,Hibernating,133.68274664973026,2011-05-25 12:00:00,1,0.39842835,monitor,🔵 Monitor,🔵 Monitor
17956.0,249,1,12.75,1,2,1,121,1,Hibernating,0.0,2011-04-04 13:47:00,1,0.7589238,let_go,⚪ Let Go,⚪ Let Go
17957.0,66,1,110.72,3,2,1,321,0,At Risk,0.0,2011-10-04 14:58:00,0,0.7762069,let_go,⚪ Let Go,⚪ Let Go
17958.0,117,1,508.4599999999999,2,2,3,223,0,At Risk,0.0,2011-08-15 12:19:00,1,0.6685883,let_go,⚪ Let Go,⚪ Let Go
17960.0,171,1,73.78,2,2,1,221,1,Hibernating,0.0,2011-06-21 14:15:00,1,0.76284915,let_go,⚪ Let Go,⚪ Let Go
17961.0,21,39,1296.44,4,5,4,454,3,Loyal Customers,259.9624249504423,2011-11-18 16:55:00,0,0.031829175,nurture,🟢 Nurture,🟢 Nurture
17962.0,142,1,102.41,2,2,1,221,0,At Risk,0.0,2011-07-20 14:16:00,1,0.7762069,let_go,⚪ Let Go,⚪ Let Go
17964.0,32,2,463.21,4,3,2,432,0,At Risk,75.60558177331572,2011-11-08 10:44:00,0,0.7238189,let_go,⚪ Let Go,⚪ Let Go
17965.0,38,14,2599.19,3,5,5,355,0,At Risk,590.6853210939125,2011-11-02 09:31:00,0,0.016803946,nurture,🟢 Nurture,🟢 Nurture
17966.0,38,5,1098.43,3,4,4,344,0,At Risk,344.8038366492427,2011-11-02 10:26:00,0,0.120424174,nurture,🟢 Nurture,🟢 Nurture
17967.0,372,1,112.27,1,2,1,121,1,Hibernating,0.0,2010-12-03 11:19:00,1,0.7762069,let_go,⚪ Let Go,⚪ Let Go
17968.0,374,1,265.1,1,2,2,122,1,Hibernating,0.0,2010-12-01 12:23:00,1,0.7233779,let_go,⚪ Let Go,⚪ Let Go
17969.0,166,2,228.2,2,3,1,231,1,Hibernating,40.414939615457605,2011-06-26 13:00:00,1,0.65371233,let_go,⚪ Let Go,⚪ Let Go
17970.0,211,1,562.79,1,2,3,123,1,Hibernating,0.0,2011-05-12 20:03:00,1,0.69083667,let_go,⚪ Let Go,⚪ Let Go
17972.0,242,1,135.19,1,2,1,121,1,Hibernating,0.0,2011-04-12 12:16:00,1,0.79418945,let_go,⚪ Let Go,⚪ Let Go
17973.0,52,1,337.04,3,2,2,322,0,At Risk,0.0,2011-10-19 10:34:00,0,0.70767343,let_go,⚪ Let Go,⚪ Let Go
17974.0,25,3,703.99,4,4,3,443,0,At Risk,250.04995696988414,2011-11-15 11:37:00,0,0.26446268,nurture,🟢 Nurture,🟢 Nurture
17975.0,15,13,4479.96,4,5,5,455,0,At Risk,967.2217280705365,2011-11-24 13:27:00,0,0.026810165,nurture,🟢 Nurture,🟢 Nurture
17976.0,372,1,321.79,1,2,2,122,1,Hibernating,0.0,2010-12-02 13:49:00,1,0.67603123,let_go,⚪ Let Go,⚪ Let Go
17977.0,29,1,288.14,4,2,2,422,0,At Risk,0.0,2011-11-10 13:28:00,0,0.6907499,let_go,⚪ Let Go,⚪ Let Go
17978.0,365,1,300.91999999999996,1,2,2,122,1,Hibernating,0.0,2010-12-09 14:05:00,1,0.74204737,let_go,⚪ Let Go,⚪ Let Go
17979.0,36,4,729.01,3,4,3,343,0,At Risk,198.85536123615265,2011-11-04 12:05:00,0,0.17762849,nurture,🟢 Nurture,🟢 Nurture
17980.0,166,3,811.45,2,4,3,243,1,Hibernating,153.6715250787358,2011-06-27 12:01:00,1,0.5496437,let_go,⚪ Let Go,⚪ Let Go
17984.0,145,1,152.68,2,2,1,221,1,Hibernating,0.0,2011-07-17 15:59:00,1,0.7986125,let_go,⚪ Let Go,⚪ Let Go
17985.0,22,1,631.35,4,2,3,423,0,At Risk,0.0,2011-11-17 14:24:00,0,0.62328583,let_go,⚪ Let Go,⚪ Let Go
17986.0,56,1,20.8,3,2,1,321,0,At Risk,0.0,2011-10-14 14:22:00,0,0.7589238,let_go,⚪ Let Go,⚪ Let Go
17987.0,185,1,198.57,1,2,1,121,1,Hibernating,0.0,2011-06-07 14:22:00,1,0.7252728,let_go,⚪ Let Go,⚪ Let Go
17988.0,12,7,201.12,5,5,1,551,0,At Risk,39.50840087076762,2011-11-28 11:00:00,0,0.2327281,monitor,🔵 Monitor,🔵 Monitor
17990.0,237,3,630.84,1,4,3,143,1,Hibernating,137.1844815975549,2011-04-17 11:44:00,1,0.5979983,let_go,⚪ Let Go,⚪ Let Go
17991.0,225,2,93.35,1,3,1,131,1,Hibernating,52.5415430739051,2011-04-28 15:58:00,1,0.7185096,let_go,⚪ Let Go,⚪ Let Go
17994.0,122,4,674.89,2,4,3,243,0,At Risk,122.63886340207603,2011-08-10 11:41:00,1,0.5252304,let_go,⚪ Let Go,⚪ Let Go
17995.0,282,1,76.1,1,2,1,121,1,Hibernating,0.0,2011-03-03 12:30:00,1,0.76284915,let_go,⚪ Let Go,⚪ Let Go
17997.0,74,8,1962.46,2,5,4,254,0,At Risk,798.917940870731,2011-09-26 16:13:00,0,0.020064738,nurture,🟢 Nurture,🟢 Nurture
17999.0,37,2,380.39,3,3,2,332,0,At Risk,72.47813840798801,2011-11-02 15:56:00,0,0.739772,let_go,⚪ Let Go,⚪ Let Go
18001.0,12,2,415.13,5,3,2,532,0,At Risk,212.02114769495978,2011-11-27 16:02:00,0,0.09838201,nurture,🟢 Nurture,🟢 Nurture
18004.0,362,1,157.92,1,2,1,121,1,Hibernating,0.0,2010-12-12 13:47:00,1,0.7986125,let_go,⚪ Let Go,⚪ Let Go
18005.0,4,2,226.47,5,3,1,531,0,At Risk,183.6268128117555,2011-12-06 11:51:00,0,0.0739161,nurture,🟢 Nurture,🟢 Nurture
18006.0,23,1,444.68,4,2,2,422,0,At Risk,0.0,2011-11-16 16:52:00,0,0.64429915,let_go,⚪ Let Go,⚪ Let Go
18008.0,70,9,2116.19,3,5,5,355,0,At Risk,542.2218068733139,2011-09-30 15:17:00,0,0.07105544,nurture,🟢 Nurture,🟢 Nurture
18009.0,235,1,247.39,1,2,2,122,1,Hibernating,0.0,2011-04-18 13:36:00,1,0.7233779,let_go,⚪ Let Go,⚪ Let Go
18010.0,257,1,174.8,1,2,1,121,1,Hibernating,0.0,2011-03-28 12:27:00,1,0.7252728,let_go,⚪ Let Go,⚪ Let Go
18011.0,373,1,102.78999999999999,1,2,1,121,1,Hibernating,0.0,2010-12-01 17:35:00,1,0.7762069,let_go,⚪ Let Go,⚪ Let Go
18013.0,155,2,187.29,2,3,1,231,1,Hibernating,0.0,2011-07-07 14:11:00,1,0.7252728,let_go,⚪ Let Go,⚪ Let Go
18014.0,28,1,154.27,4,2,1,421,0,At Risk,0.0,2011-11-11 15:28:00,0,0.7986125,let_go,⚪ Let Go,⚪ Let Go
18015.0,4,1,120.03,5,2,1,521,0,At Risk,0.0,2011-12-05 14:49:00,0,0.7762069,let_go,⚪ Let Go,⚪ Let Go
18016.0,32,5,1477.66,4,4,4,444,0,At Risk,338.51587359087165,2011-11-07 13:25:00,0,0.14735511,nurture,🟢 Nurture,🟢 Nurture
18017.0,81,3,523.0,2,4,3,243,0,At Risk,122.18365342011103,2011-09-19 16:15:00,0,0.5657699,let_go,⚪ Let Go,⚪ Let Go
18018.0,108,2,122.14,2,3,1,231,0,At Risk,56.88828929399168,2011-08-23 17:37:00,1,0.75665003,let_go,⚪ Let Go,⚪ Let Go
18019.0,52,1,38.45,3,2,1,321,0,At Risk,0.0,2011-10-19 12:10:00,0,0.78097343,let_go,⚪ Let Go,⚪ Let Go
18022.0,36,1,612.72,3,2,3,323,0,At Risk,0.0,2011-11-04 12:45:00,0,0.62328583,let_go,⚪ Let Go,⚪ Let Go
18024.0,153,2,389.78,2,3,2,232,1,Hibernating,0.0,2011-07-10 12:40:00,1,0.6658681,let_go,⚪ Let Go,⚪ Let Go
18027.0,99,1,115.31,2,2,1,221,0,At Risk,0.0,2011-09-02 10:38:00,1,0.7762069,let_go,⚪ Let Go,⚪ Let Go
18030.0,4,2,230.64999999999998,5,3,1,531,0,At Risk,226.19442645212268,2011-12-05 16:37:00,0,0.07049019,nurture,🟢 Nurture,🟢 Nurture
18032.0,334,1,73.5,1,2,1,121,1,Hibernating,0.0,2011-01-09 15:32:00,1,0.76284915,let_go,⚪ Let Go,⚪ Let Go
18033.0,65,1,93.82000000000001,3,2,1,321,0,At Risk,0.0,2011-10-05 17:28:00,0,0.7490496,let_go,⚪ Let Go,⚪ Let Go
18034.0,22,2,418.68,4,3,2,432,0,At Risk,0.0,2011-11-18 12:22:00,0,0.6658681,let_go,⚪ Let Go,⚪ Let Go
18035.0,36,3,713.89,3,4,3,343,0,At Risk,471.24665469552156,2011-11-04 12:39:00,0,0.028586075,nurture,🟢 Nurture,🟢 Nurture
18036.0,32,3,403.12,4,4,2,442,0,At Risk,123.75780050021709,2011-11-07 14:40:00,0,0.5411177,let_go,⚪ Let Go,⚪ Let Go
18037.0,154,6,70.02,2,5,1,251,1,Hibernating,10.59314500526573,2011-07-08 13:39:00,1,0.6110347,let_go,⚪ Let Go,⚪ Let Go
18040.0,19,2,357.20000000000005,4,3,2,432,0,At Risk,65.46523810920694,2011-11-20 14:20:00,0,0.739772,let_go,⚪ Let Go,⚪ Let Go
18041.0,12,21,4097.37,5,5,5,555,3,Loyal Customers,828.3469675485572,2011-11-28 11:39:00,0,0.014728025,nurture,🟢 Nurture,🟢 Nurture
18042.0,54,1,165.04999999999998,3,2,1,321,0,At Risk,0.0,2011-10-17 11:49:00,0,0.7252728,let_go,⚪ Let Go,⚪ Let Go
18043.0,25,3,529.29,4,4,3,443,0,At Risk,71.15586148457301,2011-11-15 12:48:00,0,0.66319263,let_go,⚪ Let Go,⚪ Let Go
18044.0,4,10,2088.6,5,5,5,555,0,At Risk,482.70247373817097,2011-12-05 14:26:00,0,0.029211126,nurture,🟢 Nurture,🟢 Nurture
18045.0,45,1,178.34,3,2,1,321,0,At Risk,0.0,2011-10-25 13:07:00,0,0.7252728,let_go,⚪ Let Go,⚪ Let Go
18048.0,203,2,172.29000000000002,1,3,1,131,1,Hibernating,0.0,2011-05-20 14:58:00,1,0.7252728,let_go,⚪ Let Go,⚪ Let Go
18050.0,359,1,74.4,1,2,1,121,1,Hibernating,0.0,2010-12-15 14:25:00,1,0.76284915,let_go,⚪ Let Go,⚪ Let Go
18053.0,71,1,300.02,3,2,2,322,0,At Risk,0.0,2011-09-30 09:05:00,0,0.74204737,let_go,⚪ Let Go,⚪ Let Go
18055.0,7,10,6761.34,5,5,5,555,0,At Risk,1481.0204385647985,2011-12-02 14:25:00,0,0.21197116,nurture,🟢 Nurture,🟢 Nurture
18056.0,288,1,363.65,1,2,2,122,1,Hibernating,0.0,2011-02-24 14:27:00,1,0.6658681,let_go,⚪ Let Go,⚪ Let Go
18058.0,10,1,170.16,5,2,1,521,0,At Risk,0.0,2011-11-30 08:38:00,0,0.7252728,let_go,⚪ Let Go,⚪ Let Go
18059.0,23,3,306.46,4,4,2,442,0,At Risk,216.1123683081786,2011-11-16 16:49:00,0,0.10319193,nurture,🟢 Nurture,🟢 Nurture
18061.0,22,10,2119.41,4,5,5,455,0,At Risk,404.7348619035052,2011-11-18 11:20:00,0,0.04595348,nurture,🟢 Nurture,🟢 Nurture
18062.0,173,3,720.52,2,4,3,243,1,Hibernating,173.61201159214633,2011-06-19 14:47:00,1,0.3225397,nurture,🟢 Nurture,🟢 Nurture
18064.0,133,2,814.0,2,3,3,233,0,At Risk,228.29579584302044,2011-07-29 16:39:00,1,0.74232167,retain,🔴 Retain Immediately,🔴 Retain Immediately
18065.0,6,14,2392.83,5,5,5,555,0,At Risk,510.1669259329004,2011-12-04 10:30:00,0,0.061954312,nurture,🟢 Nurture,🟢 Nurture
18066.0,75,1,318.0,2,2,2,222,0,At Risk,0.0,2011-09-25 15:30:00,0,0.74204737,let_go,⚪ Let Go,⚪ Let Go
18067.0,40,1,396.33,3,2,2,322,0,At Risk,0.0,2011-10-30 15:58:00,0,0.6658681,let_go,⚪ Let Go,⚪ Let Go
18068.0,289,1,101.69999999999999,1,2,1,121,1,Hibernating,0.0,2011-02-23 14:50:00,1,0.7762069,let_go,⚪ Let Go,⚪ Let Go
18069.0,26,5,2009.24,4,4,4,444,0,At Risk,486.391483767052,2011-11-13 16:03:00,0,0.07393758,nurture,🟢 Nurture,🟢 Nurture
18071.0,258,2,453.0,1,3,2,132,1,Hibernating,74.16078088000508,2011-03-27 11:59:00,1,0.7002669,let_go,⚪ Let Go,⚪ Let Go
18072.0,186,1,247.44,1,2,2,122,1,Hibernating,0.0,2011-06-07 10:44:00,1,0.7233779,let_go,⚪ Let Go,⚪ Let Go
18073.0,114,12,3859.82,2,5,5,255,0,At Risk,1554.2817107672524,2011-08-17 14:02:00,1,0.13106948,nurture,🟢 Nurture,🟢 Nurture
18074.0,374,1,489.6,1,2,3,123,1,Hibernating,0.0,2010-12-01 09:53:00,1,0.6685883,let_go,⚪ Let Go,⚪ Let Go
18075.0,23,10,2611.75,4,5,5,455,0,At Risk,578.0105229409342,2011-11-16 15:21:00,0,0.055007942,nurture,🟢 Nurture,🟢 Nurture
18077.0,8,11,2584.41,5,5,5,555,0,At Risk,558.0114101536304,2011-12-01 13:32:00,0,0.09393201,nurture,🟢 Nurture,🟢 Nurture
18078.0,217,2,336.13,1,3,2,132,1,Hibernating,72.54607234796799,2011-05-06 14:32:00,1,0.7088968,let_go,⚪ Let Go,⚪ Let Go
18079.0,45,4,3613.15,3,4,5,345,0,At Risk,857.1265520309792,2011-10-25 15:27:00,0,0.12457375,nurture,🟢 Nurture,🟢 Nurture
18080.0,19,2,1231.5,4,3,4,434,0,At Risk,213.78812695060856,2011-11-21 08:02:00,0,0.78951627,retain,🔴 Retain Immediately,🔴 Retain Immediately
18081.0,36,3,343.45,3,4,2,342,0,At Risk,163.42655139973192,2011-11-03 16:30:00,0,0.116014995,nurture,🟢 Nurture,🟢 Nurture
18082.0,26,1,680.84,4,2,3,423,0,At Risk,0.0,2011-11-14 12:45:00,0,0.62328583,let_go,⚪ Let Go,⚪ Let Go
18084.0,16,1,90.47999999999999,4,2,1,421,0,At Risk,0.0,2011-11-23 13:57:00,0,0.7490496,let_go,⚪ Let Go,⚪ Let Go
18085.0,330,2,689.95,1,3,3,133,1,Hibernating,143.2961417072857,2011-01-13 15:17:00,1,0.68840057,let_go,⚪ Let Go,⚪ Let Go
18086.0,274,1,101.34,1,2,1,121,1,Hibernating,0.0,2011-03-10 13:34:00,1,0.8111666,let_go,⚪ Let Go,⚪ Let Go
18087.0,291,1,3202.9199999999996,1,2,5,125,1,Hibernating,0.0,2011-02-22 10:43:00,1,0.6755561,let_go,⚪ Let Go,⚪ Let Go
18088.0,61,1,166.03,3,2,1,321,0,At Risk,0.0,2011-10-09 13:41:00,0,0.7252728,let_go,⚪ Let Go,⚪ Let Go
18092.0,2,11,9068.26,5,5,5,555,0,At Risk,1791.7806549834108,2011-12-07 13:14:00,0,0.025274958,nurture,🟢 Nurture,🟢 Nurture
18093.0,93,4,2106.52,2,4,5,245,0,At Risk,398.28387420709856,2011-09-07 15:43:00,1,0.30563477,nurture,🟢 Nurture,🟢 Nurture
18094.0,82,7,3017.3,2,5,5,255,0,At Risk,788.0498655969743,2011-09-19 09:28:00,0,0.21381532,nurture,🟢 Nurture,🟢 Nurture
18095.0,313,2,580.0500000000001,1,3,3,133,1,Hibernating,85.47376621367292,2011-01-31 12:50:00,1,0.7238189,let_go,⚪ Let Go,⚪ Let Go
18096.0,12,3,849.06,5,4,3,543,0,At Risk,859.2617845653535,2011-11-28 12:44:00,0,0.00700542,nurture,🟢 Nurture,🟢 Nurture
18097.0,8,6,2662.4,5,5,5,555,0,At Risk,651.075680454325,2011-12-02 11:16:00,0,0.10977689,nurture,🟢 Nurture,🟢 Nurture
18099.0,127,1,168.31,2,2,1,221,0,At Risk,0.0,2011-08-04 15:52:00,1,0.7252728,let_go,⚪ Let Go,⚪ Let Go
18101.0,11,2,222.4,5,3,1,531,0,At Risk,98.35944933547482,2011-11-28 13:37:00,0,0.3124324,monitor,🔵 Monitor,🔵 Monitor
18102.0,1,60,259657.3,5,5,5,555,2,Champions,52785.02867066548,2011-12-09 11:50:00,0,0.0119413175,nurture,🟢 Nurture,🟢 Nurture
18104.0,37,1,754.64,3,2,3,323,0,At Risk,0.0,2011-11-02 14:07:00,0,0.5714547,let_go,⚪ Let Go,⚪ Let Go
18105.0,38,1,113.48000000000002,3,2,1,321,0,At Risk,0.0,2011-11-02 12:04:00,0,0.7762069,let_go,⚪ Let Go,⚪ Let Go
18106.0,330,1,421.9,1,2,2,122,1,Hibernating,0.0,2011-01-14 12:23:00,1,0.64429915,let_go,⚪ Let Go,⚪ Let Go
18108.0,254,1,271.0,1,2,2,122,1,Hibernating,0.0,2011-03-30 13:56:00,1,0.6907499,let_go,⚪ Let Go,⚪ Let Go
18109.0,2,26,8004.92,5,5,5,555,3,Loyal Customers,1738.842681410096,2011-12-08 11:36:00,0,0.0051216776,nurture,🟢 Nurture,🟢 Nurture
18110.0,20,1,198.8,4,2,1,421,0,At Risk,0.0,2011-11-20 12:34:00,0,0.7252728,let_go,⚪ Let Go,⚪ Let Go
18112.0,12,2,352.69,5,3,2,532,0,At Risk,119.91842795020091,2011-11-27 14:43:00,0,0.5789752,let_go,⚪ Let Go,⚪ Let Go
18113.0,369,1,76.32000000000001,1,2,1,121,1,Hibernating,0.0,2010-12-06 12:31:00,1,0.76284915,let_go,⚪ Let Go,⚪ Let Go
18114.0,290,1,220.1,1,2,1,121,1,Hibernating,0.0,2011-02-22 13:20:00,1,0.7233779,let_go,⚪ Let Go,⚪ Let Go
18116.0,68,8,1399.51,3,5,4,354,0,At Risk,304.4897178051056,2011-10-03 11:00:00,0,0.11229816,nurture,🟢 Nurture,🟢 Nurture
18117.0,26,1,314.4,4,2,2,422,0,At Risk,0.0,2011-11-14 12:47:00,0,0.74204737,let_go,⚪ Let Go,⚪ Let Go
18118.0,11,26,5622.68,5,5,5,555,3,Loyal Customers,1158.1709553814726,2011-11-29 11:32:00,0,0.01923698,nurture,🟢 Nurture,🟢 Nurture
18119.0,368,1,180.7,1,2,1,121,1,Hibernating,0.0,2010-12-07 11:59:00,1,0.7252728,let_go,⚪ Let Go,⚪ Let Go
18120.0,214,1,111.15,1,2,1,121,1,Hibernating,0.0,2011-05-09 13:45:00,1,0.7762069,let_go,⚪ Let Go,⚪ Let Go
18121.0,149,2,653.3,2,3,3,233,1,Hibernating,21.505827429110635,2011-07-13 12:53:00,1,0.8056988,let_go,⚪ Let Go,⚪ Let Go
18122.0,8,6,1791.84,5,5,4,554,0,At Risk,905.2802381866979,2011-12-01 13:08:00,0,0.026247099,nurture,🟢 Nurture,🟢 Nurture
18123.0,24,2,574.4399999999999,4,3,3,433,0,At Risk,631.7873160008326,2011-11-15 14:23:00,0,0.011862964,nurture,🟢 Nurture,🟢 Nurture
18125.0,30,4,1131.75,4,4,4,444,0,At Risk,179.45754571343224,2011-11-10 12:29:00,0,0.32613972,nurture,🟢 Nurture,🟢 Nurture
18126.0,61,1,198.58,3,2,1,321,0,At Risk,0.0,2011-10-10 12:19:00,0,0.7252728,let_go,⚪ Let Go,⚪ Let Go
18127.0,19,3,347.08,4,4,2,442,0,At Risk,190.1156643817918,2011-11-20 14:05:00,0,0.09707957,nurture,🟢 Nurture,🟢 Nurture
18129.0,243,1,112.55000000000001,1,2,1,121,1,Hibernating,0.0,2011-04-10 14:16:00,1,0.7762069,let_go,⚪ Let Go,⚪ Let Go
18130.0,15,3,1059.39,4,4,4,444,0,At Risk,967.3555350634979,2011-11-24 14:40:00,0,0.020394273,nurture,🟢 Nurture,🟢 Nurture
18133.0,212,1,931.4999999999999,1,2,4,124,1,Hibernating,0.0,2011-05-11 14:14:00,1,0.6219095,let_go,⚪ Let Go,⚪ Let Go
18135.0,29,5,681.9100000000001,4,4,3,443,0,At Risk,262.1119064081455,2011-11-10 19:32:00,0,0.21592952,nurture,🟢 Nurture,🟢 Nurture
18136.0,63,3,784.33,3,4,3,343,0,At Risk,164.26791318843817,2011-10-07 15:40:00,0,0.3243939,nurture,🟢 Nurture,🟢 Nurture
18138.0,295,1,152.65,1,2,1,121,1,Hibernating,0.0,2011-02-17 14:51:00,1,0.7986125,let_go,⚪ Let Go,⚪ Let Go
18139.0,18,6,8438.34,4,5,5,455,0,At Risk,5386.849914104938,2011-11-22 10:44:00,0,0.14907038,nurture,🟢 Nurture,🟢 Nurture
18142.0,157,2,1019.52,2,3,4,234,1,Hibernating,446.1120481066264,2011-07-05 13:19:00,1,0.57927287,retain,🔴 Retain Immediately,🔴 Retain Immediately
18143.0,117,2,1000.16,2,3,4,234,0,At Risk,449.774481864001,2011-08-15 12:07:00,1,0.54130423,retain,🔴 Retain Immediately,🔴 Retain Immediately
18144.0,8,12,2888.75,5,5,5,555,0,At Risk,627.5746423653463,2011-12-02 12:46:00,0,0.028504953,nurture,🟢 Nurture,🟢 Nurture
18145.0,13,4,2861.55,5,4,5,545,0,At Risk,693.997047990046,2011-11-27 11:22:00,0,0.1877217,nurture,🟢 Nurture,🟢 Nurture
18146.0,141,2,160.35000000000002,2,3,1,231,0,At Risk,51.575427089717294,2011-07-22 12:08:00,1,0.76547474,let_go,⚪ Let Go,⚪ Let Go
18147.0,46,2,179.33999999999997,3,3,1,331,0,At Risk,89.20777701784864,2011-10-25 11:46:00,0,0.31447458,monitor,🔵 Monitor,🔵 Monitor
18149.0,51,3,612.0799999999999,3,4,3,343,0,At Risk,146.93490838637953,2011-10-20 12:04:00,0,0.5685922,let_go,⚪ Let Go,⚪ Let Go
18150.0,32,3,566.58,4,4,3,443,0,At Risk,169.76893531921507,2011-11-07 16:49:00,0,0.25921944,nurture,🟢 Nurture,🟢 Nurture
18151.0,135,2,653.35,2,3,3,233,0,At Risk,159.7344580272147,2011-07-28 11:35:00,1,0.6725723,retain,🔴 Retain Immediately,🔴 Retain Immediately
18154.0,3,2,399.19,5,3,2,532,0,At Risk,359.5380284017032,2011-12-06 16:41:00,0,0.033808462,nurture,🟢 Nurture,🟢 Nurture
18155.0,75,3,371.62,2,4,2,242,0,At Risk,93.47831601618608,2011-09-25 13:32:00,0,0.5978094,let_go,⚪ Let Go,⚪ Let Go
18156.0,13,2,675.64,5,3,3,533,0,At Risk,182.86550714516258,2011-11-27 12:24:00,0,0.5317348,retain,🔴 Retain Immediately,🔴 Retain Immediately
18158.0,9,2,453.4,5,3,2,532,0,At Risk,140.0190274524539,2011-11-30 16:19:00,0,0.64831334,let_go,⚪ Let Go,⚪ Let Go
18159.0,301,1,530.15,1,2,3,123,1,Hibernating,0.0,2011-02-11 14:26:00,1,0.6685883,let_go,⚪ Let Go,⚪ Let Go
18160.0,57,2,638.0600000000001,3,3,3,333,0,At Risk,207.19009550231175,2011-10-13 15:50:00,0,0.59799975,retain,🔴 Retain Immediately,🔴 Retain Immediately
18161.0,15,5,1618.69,4,4,4,444,0,At Risk,380.7247618649045,2011-11-24 16:40:00,0,0.15145755,nurture,🟢 Nurture,🟢 Nurture
18164.0,37,1,399.65000000000003,3,2,2,322,0,At Risk,0.0,2011-11-02 12:56:00,0,0.6658681,let_go,⚪ Let Go,⚪ Let Go
18165.0,177,1,302.46000000000004,2,2,2,222,1,Hibernating,0.0,2011-06-15 13:23:00,1,0.74204737,let_go,⚪ Let Go,⚪ Let Go
18167.0,23,3,1384.8600000000001,4,4,4,444,0,At Risk,748.4897600551146,2011-11-16 15:56:00,0,0.02843905,nurture,🟢 Nurture,🟢 Nurture
18168.0,176,6,1160.04,2,5,4,254,1,Hibernating,219.48821991809814,2011-06-16 19:21:00,1,0.3357807,nurture,🟢 Nurture,🟢 Nurture
18169.0,61,1,202.65,3,2,1,321,0,At Risk,0.0,2011-10-10 12:18:00,0,0.7252728,let_go,⚪ Let Go,⚪ Let Go
18170.0,33,3,980.31,4,4,4,444,0,At Risk,315.1983049837838,2011-11-06 14:35:00,0,0.4111324,nurture,🟢 Nurture,🟢 Nurture
18171.0,59,5,1231.31,3,4,4,344,0,At Risk,275.6934932971469,2011-10-12 09:13:00,0,0.19790444,nurture,🟢 Nurture,🟢 Nurture
18172.0,15,20,7561.68,4,5,5,455,3,Loyal Customers,1600.530660407867,2011-11-25 11:12:00,0,0.033170946,nurture,🟢 Nurture,🟢 Nurture
18173.0,87,4,2106.84,2,4,5,245,0,At Risk,434.56734599085837,2011-09-14 11:26:00,0,0.3226423,nurture,🟢 Nurture,🟢 Nurture
18174.0,7,1,104.0,5,2,1,521,0,At Risk,0.0,2011-12-02 16:56:00,0,0.7762069,let_go,⚪ Let Go,⚪ Let Go
18176.0,358,1,476.35,1,2,2,122,1,Hibernating,0.0,2010-12-16 15:45:00,1,0.6685883,let_go,⚪ Let Go,⚪ Let Go
18177.0,31,6,1340.8700000000001,4,5,4,454,0,At Risk,403.0916035259038,2011-11-08 14:44:00,0,0.10244039,nurture,🟢 Nurture,🟢 Nurture
18178.0,129,4,1590.81,2,4,4,244,0,At Risk,345.80067128117435,2011-08-03 09:30:00,1,0.39122242,nurture,🟢 Nurture,🟢 Nurture
18179.0,9,6,1793.17,5,5,4,554,0,At Risk,390.9302326104572,2011-11-30 16:23:00,0,0.12661107,nurture,🟢 Nurture,🟢 Nurture
18180.0,5,6,1843.75,5,5,4,554,0,At Risk,873.5790979684446,2011-12-05 08:39:00,0,0.039136007,nurture,🟢 Nurture,🟢 Nurture
18181.0,24,1,366.85,4,2,2,422,0,At Risk,0.0,2011-11-15 15:08:00,0,0.6658681,let_go,⚪ Let Go,⚪ Let Go
18183.0,227,2,632.07,1,3,3,133,1,Hibernating,157.07557106908638,2011-04-26 15:26:00,1,0.6725723,retain,🔴 Retain Immediately,🔴 Retain Immediately
18184.0,15,1,49.8,4,2,1,421,0,At Risk,0.0,2011-11-24 15:28:00,0,0.7398539,let_go,⚪ Let Go,⚪ Let Go
18185.0,249,1,304.25,1,2,2,122,1,Hibernating,0.0,2011-04-04 13:42:00,1,0.74204737,let_go,⚪ Let Go,⚪ Let Go
18188.0,15,3,2001.04,4,4,4,444,0,At Risk,566.1921515870382,2011-11-24 16:46:00,0,0.2433389,nurture,🟢 Nurture,🟢 Nurture
18189.0,78,2,1090.24,2,3,4,234,0,At Risk,229.37199394746818,2011-09-23 12:40:00,0,0.64386714,retain,🔴 Retain Immediately,🔴 Retain Immediately
18190.0,192,2,284.46000000000004,1,3,2,132,1,Hibernating,47.98259022743737,2011-05-31 14:48:00,1,0.7528606,let_go,⚪ Let Go,⚪ Let Go
18191.0,262,1,207.79999999999998,1,2,1,121,1,Hibernating,0.0,2011-03-23 12:08:00,1,0.7252728,let_go,⚪ Let Go,⚪ Let Go
18192.0,72,1,957.97,3,2,4,324,0,At Risk,0.0,2011-09-29 09:53:00,0,0.6219095,let_go,⚪ Let Go,⚪ Let Go
18193.0,165,1,243.76,2,2,1,221,1,Hibernating,0.0,2011-06-27 13:58:00,1,0.7233779,let_go,⚪ Let Go,⚪ Let Go
18194.0,82,1,973.8399999999999,2,2,4,224,0,At Risk,0.0,2011-09-18 13:29:00,0,0.63040066,let_go,⚪ Let Go,⚪ Let Go
18196.0,95,2,686.63,2,3,3,233,0,At Risk,110.72267189907679,2011-09-05 16:22:00,1,0.69664073,let_go,⚪ Let Go,⚪ Let Go
18198.0,4,17,5425.56,5,5,5,555,3,Loyal Customers,1271.5993192478481,2011-12-05 14:49:00,0,0.12028165,nurture,🟢 Nurture,🟢 Nurture
18200.0,106,1,150.35,2,2,1,221,0,At Risk,0.0,2011-08-25 18:45:00,1,0.7604684,let_go,⚪ Let Go,⚪ Let Go
18202.0,200,3,1396.99,1,4,4,144,1,Hibernating,397.10822600255085,2011-05-24 12:12:00,1,0.2715405,nurture,🟢 Nurture,🟢 Nurture
18203.0,157,1,160.42000000000002,2,2,1,221,1,Hibernating,0.0,2011-07-05 13:07:00,1,0.7986125,let_go,⚪ Let Go,⚪ Let Go
18204.0,71,3,1975.35,3,4,4,344,0,At Risk,741.0025247799144,2011-09-29 16:44:00,0,0.11511188,nurture,🟢 Nurture,🟢 Nurture
18205.0,36,2,517.36,3,3,3,333,0,At Risk,412.92786523081986,2011-11-03 13:22:00,0,0.06333226,nurture,🟢 Nurture,🟢 Nurture
18209.0,29,1,139.10000000000002,4,2,1,421,0,At Risk,0.0,2011-11-11 12:07:00,0,0.8024771,let_go,⚪ Let Go,⚪ Let Go
18210.0,2,6,2621.38,5,5,5,555,0,At Risk,817.2449255718348,2011-12-08 11:02:00,0,0.061909042,nurture,🟢 Nurture,🟢 Nurture
18211.0,26,5,600.07,4,4,3,443,0,At Risk,151.99688832736467,2011-11-14 08:10:00,0,0.22813837,monitor,🔵 Monitor,🔵 Monitor
18212.0,326,1,216.07,1,2,1,121,1,Hibernating,0.0,2011-01-17 16:14:00,1,0.7233779,let_go,⚪ Let Go,⚪ Let Go
18213.0,237,1,232.48000000000002,1,2,1,121,1,Hibernating,0.0,2011-04-17 10:21:00,1,0.7233779,let_go,⚪ Let Go,⚪ Let Go
18215.0,89,1,299.34000000000003,2,2,2,222,0,At Risk,0.0,2011-09-11 16:05:00,0,0.74204737,let_go,⚪ Let Go,⚪ Let Go
18216.0,31,1,481.75,4,2,2,422,0,At Risk,0.0,2011-11-08 16:55:00,0,0.6685883,let_go,⚪ Let Go,⚪ Let Go
18217.0,29,2,621.75,4,3,3,433,0,At Risk,446.81713450612676,2011-11-10 13:18:00,0,0.061319258,nurture,🟢 Nurture,🟢 Nurture
18218.0,211,2,641.92,1,3,3,133,1,Hibernating,169.46763481976427,2011-05-12 12:53:00,1,0.5809057,retain,🔴 Retain Immediately,🔴 Retain Immediately
18219.0,3,10,2069.77,5,5,5,555,0,At Risk,440.1661472780037,2011-12-07 11:43:00,0,0.03812517,nurture,🟢 Nurture,🟢 Nurture
18220.0,227,1,305.28000000000003,1,2,2,122,1,Hibernating,0.0,2011-04-27 09:03:00,1,0.74204737,let_go,⚪ Let Go,⚪ Let Go
18221.0,22,5,1041.61,4,4,4,444,0,At Risk,337.30531489783465,2011-11-17 14:40:00,0,0.12568042,nurture,🟢 Nurture,🟢 Nurture
18222.0,93,1,443.0,2,2,2,222,0,At Risk,0.0,2011-09-08 10:45:00,1,0.64429915,let_go,⚪ Let Go,⚪ Let Go
18223.0,5,14,6484.54,5,5,5,555,3,Loyal Customers,1417.155339263492,2011-12-05 09:11:00,0,0.021910321,nurture,🟢 Nurture,🟢 Nurture
18224.0,264,1,158.95000000000002,1,2,1,121,1,Hibernating,0.0,2011-03-21 10:30:00,1,0.7986125,let_go,⚪ Let Go,⚪ Let Go
18225.0,3,12,5504.96,5,5,5,555,0,At Risk,1279.5021876505975,2011-12-06 13:27:00,0,0.075340055,nurture,🟢 Nurture,🟢 Nurture
18226.0,44,11,5228.05,3,5,5,355,0,At Risk,1215.6991191165396,2011-10-26 13:36:00,0,0.073141105,nurture,🟢 Nurture,🟢 Nurture
18227.0,218,1,93.75,1,2,1,121,1,Hibernating,0.0,2011-05-06 12:23:00,1,0.7490496,let_go,⚪ Let Go,⚪ Let Go
18228.0,57,2,779.9,3,3,3,333,0,At Risk,485.15664119598284,2011-10-14 09:21:00,0,0.023935363,nurture,🟢 Nurture,🟢 Nurture
18229.0,12,20,7276.900000000001,5,5,5,555,3,Loyal Customers,1554.27994184052,2011-11-28 09:48:00,0,0.033170946,nurture,🟢 Nurture,🟢 Nurture
18230.0,9,7,2810.2000000000003,5,5,5,555,0,At Risk,679.8458302066316,2011-11-30 13:22:00,0,0.036356654,nurture,🟢 Nurture,🟢 Nurture
18231.0,192,5,2071.77,1,4,5,145,1,Hibernating,564.0863758029673,2011-05-31 14:18:00,1,0.09787494,nurture,🟢 Nurture,🟢 Nurture
18232.0,82,4,592.97,2,4,3,243,0,At Risk,225.63355030389715,2011-09-19 11:49:00,0,0.19124396,nurture,🟢 Nurture,🟢 Nurture
18233.0,326,1,440.0,1,2,2,122,1,Hibernating,0.0,2011-01-18 08:44:00,1,0.64429915,let_go,⚪ Let Go,⚪ Let Go
18235.0,72,3,1796.48,3,4,4,344,0,At Risk,635.106697449523,2011-09-29 08:27:00,0,0.25873446,nurture,🟢 Nurture,🟢 Nurture
18236.0,30,6,882.24,4,5,3,453,0,At Risk,275.9314164559509,2011-11-10 08:06:00,0,0.1272663,nurture,🟢 Nurture,🟢 Nurture
18237.0,3,5,987.1,5,5,4,554,0,At Risk,405.91951048172825,2011-12-07 12:49:00,0,0.042162765,nurture,🟢 Nurture,🟢 Nurture
18239.0,219,5,1561.6100000000001,1,5,4,154,1,Hibernating,282.3507217773929,2011-05-05 12:38:00,1,0.76102686,retain,🔴 Retain Immediately,🔴 Retain Immediately
18240.0,46,1,422.58,3,2,2,322,0,At Risk,0.0,2011-10-24 13:06:00,0,0.64429915,let_go,⚪ Let Go,⚪ Let Go
18241.0,10,17,2073.09,5,5,5,555,3,Loyal Customers,626.4041930101246,2011-11-30 12:10:00,0,0.015961174,nurture,🟢 Nurture,🟢 Nurture
18242.0,72,4,2232.4900000000002,3,4,5,345,0,At Risk,905.6712315619849,2011-09-28 13:43:00,0,0.071400516,nurture,🟢 Nurture,🟢 Nurture
18245.0,7,7,2567.06,5,5,5,555,0,At Risk,576.5609522981246,2011-12-02 14:48:00,0,0.079756826,nurture,🟢 Nurture,🟢 Nurture
18246.0,24,2,596.1,4,3,3,433,0,At Risk,205.9834597043541,2011-11-16 11:49:00,0,0.5450532,retain,🔴 Retain Immediately,🔴 Retain Immediately
18248.0,123,2,804.02,2,3,3,233,0,At Risk,212.3041813525981,2011-08-09 10:19:00,1,0.7047532,retain,🔴 Retain Immediately,🔴 Retain Immediately
18249.0,17,1,95.34,4,2,1,421,0,At Risk,0.0,2011-11-22 15:07:00,0,0.7490496,let_go,⚪ Let Go,⚪ Let Go
18250.0,310,1,349.27,1,2,2,122,1,Hibernating,0.0,2011-02-02 13:16:00,1,0.70767343,let_go,⚪ Let Go,⚪ Let Go
18251.0,87,1,4314.72,2,2,5,225,0,At Risk,0.0,2011-09-13 15:03:00,0,0.4865645,monitor,🔵 Monitor,🔵 Monitor
18252.0,51,2,518.27,3,3,3,333,0,At Risk,331.07144553544555,2011-10-20 12:43:00,0,0.07040803,nurture,🟢 Nurture,🟢 Nurture
18255.0,89,1,103.3,2,2,1,221,0,At Risk,0.0,2011-09-11 13:16:00,0,0.7762069,let_go,⚪ Let Go,⚪ Let Go
18257.0,39,8,2337.63,3,5,5,355,0,At Risk,593.1946298697587,2011-10-31 14:48:00,0,0.056186173,nurture,🟢 Nurture,🟢 Nurture
18259.0,25,3,2338.6000000000004,4,4,5,445,0,At Risk,570.8802901699099,2011-11-15 12:34:00,0,0.5160221,retain,🔴 Retain Immediately,🔴 Retain Immediately
18260.0,173,6,2628.35,2,5,5,255,1,Hibernating,606.3380743603241,2011-06-20 12:37:00,1,0.19274382,nurture,🟢 Nurture,🟢 Nurture
18261.0,43,2,324.24,3,3,2,332,0,At Risk,120.46959552074753,2011-10-27 15:36:00,0,0.49928102,monitor,🔵 Monitor,🔵 Monitor
18262.0,140,1,149.48,2,2,1,221,0,At Risk,0.0,2011-07-22 16:04:00,1,0.7604684,let_go,⚪ Let Go,⚪ Let Go
18263.0,26,3,1213.1599999999999,4,4,4,444,0,At Risk,369.75864528317413,2011-11-14 09:00:00,0,0.2252387,nurture,🟢 Nurture,🟢 Nurture
18265.0,72,2,801.51,3,3,3,333,0,At Risk,247.70831268531123,2011-09-28 14:10:00,0,0.44892663,nurture,🟢 Nurture,🟢 Nurture
18268.0,134,1,25.5,2,2,1,221,0,At Risk,0.0,2011-07-28 19:13:00,1,0.78097343,let_go,⚪ Let Go,⚪ Let Go
18269.0,366,1,168.6,1,2,1,121,1,Hibernating,0.0,2010-12-08 13:53:00,1,0.7252728,let_go,⚪ Let Go,⚪ Let Go
18270.0,38,2,283.15,3,3,2,332,0,At Risk,87.3320060751803,2011-11-01 13:57:00,0,0.3124324,monitor,🔵 Monitor,🔵 Monitor
18272.0,3,6,3078.58,5,5,5,555,0,At Risk,864.596624069141,2011-12-07 12:43:00,0,0.44741592,nurture,🟢 Nurture,🟢 Nurture
18273.0,2,3,204.0,5,4,1,541,0,At Risk,62.61093393694473,2011-12-07 13:16:00,0,0.60936385,let_go,⚪ Let Go,⚪ Let Go
18274.0,30,1,175.92,4,2,1,421,0,At Risk,0.0,2011-11-09 17:03:00,0,0.7252728,let_go,⚪ Let Go,⚪ Let Go
18276.0,44,1,335.86,3,2,2,322,0,At Risk,0.0,2011-10-27 10:54:00,0,0.70767343,let_go,⚪ Let Go,⚪ Let Go
18277.0,58,1,110.38,3,2,1,321,0,At Risk,0.0,2011-10-12 15:22:00,0,0.7762069,let_go,⚪ Let Go,⚪ Let Go
18278.0,74,1,173.9,2,2,1,221,0,At Risk,0.0,2011-09-27 11:58:00,0,0.7252728,let_go,⚪ Let Go,⚪ Let Go
18280.0,278,1,180.60000000000002,1,2,1,121,1,Hibernating,0.0,2011-03-07 09:52:00,1,0.7252728,let_go,⚪ Let Go,⚪ Let Go
18281.0,181,1,80.82,1,2,1,121,1,Hibernating,0.0,2011-06-12 10:53:00,1,0.7589021,let_go,⚪ Let Go,⚪ Let Go
18282.0,8,2,178.05,5,3,1,531,0,At Risk,76.62364384457179,2011-12-02 11:43:00,0,0.534252,let_go,⚪ Let Go,⚪ Let Go
18283.0,4,16,2039.58,5,5,5,555,3,Loyal Customers,482.29892297024924,2011-12-06 12:02:00,0,0.013226251,nurture,🟢 Nurture,🟢 Nurture
18287.0,43,3,1837.28,3,4,4,344,0,At Risk,532.9273173081203,2011-10-28 09:29:00,0,0.20727098,nurture,🟢 Nurture,🟢 Nurture
